      0.      0.      0.      0.      0.      0.      0.      0.      0.      0.      0.      0.      0.      0.      0.      0.      0.      0.      0.      0.      0.      0.      0.      0.      0.      0.      0.      0.      0.      0.      0.      0.      0.      0.      0.      0.      0.      0.      0.      0.      0.      0.      0.      0.      0.      0.      0.      0.      0.      0.      0.      0.      0.      0.      0.     14.    110.    207.    288.    353.    406.    457.    479.    491.    472.    453.    466.    389.    330.    272.    217.    109.      8.      0.      0.      0.      0.      0.      0.      0.      0.      0.      0.      0.      0.      0.      0.      0.      0.      0.      0.      0.      0.      0.      0.      0.      0.      0.      0.      0.      0.      0.      0.      0.      0.      0.      0.      0.      0.      0.      0.      0.      0.      0.      0.      0.      0.      0.      0.      0.      0.      0.      0.      0.      0.      0.      0.      0.
      0.      0.      0.      0.      0.      0.      0.      0.      0.      0.      0.      0.      0.      0.      0.      0.      0.      0.      0.      0.      0.      0.      0.      0.      0.      0.      0.      0.      0.      0.      0.      0.      0.      0.      0.      0.      0.      0.      0.      0.      0.      0.      0.      0.      0.      0.      0.      0.      0.      0.      0.      0.     71.    223.    329.    486.    487.    508.    489.    491.    496.    504.    531.    514.    487.    498.    496.    527.    503.    461.    499.    498.    447.    375.    204.     70.      0.      0.      0.      0.      0.      0.      0.      0.      0.      0.      0.      0.      0.      0.      0.      0.      0.      0.      0.      0.      0.      0.      0.      0.      0.      0.      0.      0.      0.      0.      0.      0.      0.      0.      0.      0.      0.      0.      0.      0.      0.      0.      0.      0.      0.      0.      0.      0.      0.      0.      0.      0.
      0.      0.      0.      0.      0.      0.      0.      0.      0.      0.      0.      0.      0.      0.      0.      0.      0.      0.      0.      0.      0.      0.      0.      0.      0.      0.      0.      0.      0.      0.      0.      0.      0.      0.      0.      0.      0.      0.      0.      0.      0.      0.      0.      0.      0.      0.      0.      0.      0.     28.    214.    420.    488.    488.    468.    471.    506.    468.    493.    471.    492.    489.    459.    504.    524.    499.    450.    512.    459.    501.    452.    488.    513.    493.    477.    490.    377.    233.     28.      0.      0.      0.      0.      0.      0.      0.      0.      0.      0.      0.      0.      0.      0.      0.      0.      0.      0.      0.      0.      0.      0.      0.      0.      0.      0.      0.      0.      0.      0.      0.      0.      0.      0.      0.      0.      0.      0.      0.      0.      0.      0.      0.      0.      0.      0.      0.      0.      0.
      0.      0.      0.      0.      0.      0.      0.      0.      0.      0.      0.      0.      0.      0.      0.      0.      0.      0.      0.      0.      0.      0.      0.      0.      0.      0.      0.      0.      0.      0.      0.      0.      0.      0.      0.      0.      0.      0.      0.      0.      0.      0.      0.      0.      0.      0.      0.     67.    298.    431.    512.    497.    493.    491.    516.    521.    490.    480.    526.    521.    496.    515.    452.    526.    522.    455.    499.    510.    484.    480.    503.    471.    488.    458.    534.    525.    493.    560.    491.    275.     64.      0.      0.      0.      0.      0.      0.      0.      0.      0.      0.      0.      0.      0.      0.      0.      0.      0.      0.      0.      0.      0.      0.      0.      0.      0.      0.      0.      0.      0.      0.      0.      0.      0.      0.      0.      0.      0.      0.      0.      0.      0.      0.      0.      0.      0.      0.      0.
      0.      0.      0.      0.      0.      0.      0.      0.      0.      0.      0.      0.      0.      0.      0.      0.      0.      0.      0.      0.      0.      0.      0.      0.      0.      0.      0.      0.      0.      0.      0.      0.      0.      0.      0.      0.      0.      0.      0.      0.      0.      0.      0.      0.      0.     60.    300.    502.    454.    453.    534.    462.    497.    532.    476.    538.    489.    474.    480.    533.    474.    523.    496.    496.    444.    479.    516.    549.    530.    463.    489.    513.    552.    504.    476.    482.    505.    474.    507.    484.    468.    269.     69.      0.      0.      0.      0.      0.      0.      0.      0.      0.      0.      0.      0.      0.      0.      0.      0.      0.      0.      0.      0.      0.      0.      0.      0.      0.      0.      0.      0.      0.      0.      0.      0.      0.      0.      0.      0.      0.      0.      0.      0.      0.      0.      0.      0.      0.
      0.      0.      0.      0.      0.      0.      0.      0.      0.      0.      0.      0.      0.      0.      0.      0.      0.      0.      0.      0.      0.      0.      0.      0.      0.      0.      0.      0.      0.      0.      0.      0.      0.      0.      0.      0.      0.      0.      0.      0.      0.      0.      0.      9.    246.    489.    496.    448.    513.    507.    490.    498.    454.    462.    519.    514.    459.    506.    433.    478.    474.    478.    493.    513.    468.    491.    495.    497.    525.    499.    487.    504.    511.    487.    507.    482.    470.    540.    506.    505.    490.    501.    466.    240.     13.      0.      0.      0.      0.      0.      0.      0.      0.      0.      0.      0.      0.      0.      0.      0.      0.      0.      0.      0.      0.      0.      0.      0.      0.      0.      0.      0.      0.      0.      0.      0.      0.      0.      0.      0.      0.      0.      0.      0.      0.      0.      0.      0.
      0.      0.      0.      0.      0.      0.      0.      0.      0.      0.      0.      0.      0.      0.      0.      0.      0.      0.      0.      0.      0.      0.      0.      0.      0.      0.      0.      0.      0.      0.      0.      0.      0.      0.      0.      0.      0.      0.      0.      0.      0.      0.    101.    453.    512.    487.    499.    504.    523.    515.    477.    486.    477.    466.    479.    474.    511.    517.    492.    512.    506.    524.    479.    494.    467.    492.    525.    489.    507.    496.    482.    474.    507.    481.    479.    484.    479.    552.    521.    490.    522.    477.    502.    476.    401.    107.      0.      0.      0.      0.      0.      0.      0.      0.      0.      0.      0.      0.      0.      0.      0.      0.      0.      0.      0.      0.      0.      0.      0.      0.      0.      0.      0.      0.      0.      0.      0.      0.      0.      0.      0.      0.      0.      0.      0.      0.      0.      0.
      0.      0.      0.      0.      0.      0.      0.      0.      0.      0.      0.      0.      0.      0.      0.      0.      0.      0.      0.      0.      0.      0.      0.      0.      0.      0.      0.      0.      0.      0.      0.      0.      0.      0.      0.      0.      0.      0.      0.      0.      9.    263.    472.    525.    517.    503.    511.    487.    490.    518.    545.    513.    495.    505.    484.    479.    472.    485.    457.    493.    492.    482.    521.    477.    448.    562.    507.    475.    489.    451.    470.    480.    486.    485.    508.    464.    470.    482.    505.    506.    447.    504.    520.    505.    513.    486.    260.      8.      0.      0.      0.      0.      0.      0.      0.      0.      0.      0.      0.      0.      0.      0.      0.      0.      0.      0.      0.      0.      0.      0.      0.      0.      0.      0.      0.      0.      0.      0.      0.      0.      0.      0.      0.      0.      0.      0.      0.      0.
      0.      0.      0.      0.      0.      0.      0.      0.      0.      0.      0.      0.      0.      0.      0.      0.      0.      0.      0.      0.      0.      0.      0.      0.      0.      0.      0.      0.      0.      0.      0.      0.      0.      0.      0.      0.      0.      0.      0.     54.    405.    488.    473.    520.    477.    477.    505.    486.    504.    532.    528.    480.    527.    492.    505.    465.    506.    451.    484.    513.    489.    524.    498.    459.    509.    495.    507.    462.    528.    500.    518.    435.    496.    507.    441.    477.    496.    494.    507.    446.    510.    504.    529.    508.    495.    556.    511.    365.     74.      0.      0.      0.      0.      0.      0.      0.      0.      0.      0.      0.      0.      0.      0.      0.      0.      0.      0.      0.      0.      0.      0.      0.      0.      0.      0.      0.      0.      0.      0.      0.      0.      0.      0.      0.      0.      0.      0.      0.
      0.      0.      0.      0.      0.      0.      0.      0.      0.      0.      0.      0.      0.      0.      0.      0.      0.      0.      0.      0.      0.      0.      0.      0.      0.      0.      0.      0.      0.      0.      0.      0.      0.      0.      0.      0.      0.      0.    110.    442.    512.    466.    475.    521.    492.    471.    530.    483.    537.    514.    491.    505.    503.    475.    496.    454.    481.    485.    508.    486.    520.    468.    494.    501.    498.    479.    506.    461.    491.    473.    533.    488.    486.    486.    456.    521.    500.    508.    503.    532.    456.    505.    488.    483.    466.    461.    477.    510.    479.    134.      0.      0.      0.      0.      0.      0.      0.      0.      0.      0.      0.      0.      0.      0.      0.      0.      0.      0.      0.      0.      0.      0.      0.      0.      0.      0.      0.      0.      0.      0.      0.      0.      0.      0.      0.      0.      0.      0.
      0.      0.      0.      0.      0.      0.      0.      0.      0.      0.      0.      0.      0.      0.      0.      0.      0.      0.      0.      0.      0.      0.      0.      0.      0.      0.      0.      0.      0.      0.      0.      0.      0.      0.      0.      0.      0.    181.    486.    458.    517.    487.    485.    539.    476.    530.    473.    484.    521.    504.    479.    502.    500.    531.    484.    485.    494.    474.    470.    468.    453.    495.    478.    467.    496.    485.    476.    469.    518.    501.    510.    511.    495.    461.    483.    487.    495.    464.    462.    502.    506.    512.    462.    505.    487.    504.    493.    445.    524.    487.    178.      0.      0.      0.      0.      0.      0.      0.      0.      0.      0.      0.      0.      0.      0.      0.      0.      0.      0.      0.      0.      0.      0.      0.      0.      0.      0.      0.      0.      0.      0.      0.      0.      0.      0.      0.      0.      0.
      0.      0.      0.      0.      0.      0.      0.      0.      0.      0.      0.      0.      0.      0.      0.      0.      0.      0.      0.      0.      0.      0.      0.      0.      0.      0.      0.      0.      0.      0.      0.      0.      0.      0.      0.      0.    209.    511.    465.    504.    536.    479.    478.    459.    499.    514.    494.    493.    460.    493.    489.    486.    525.    470.    528.    483.    500.    507.    473.    471.    482.    516.    544.    493.    505.    490.    545.    514.    487.    504.    470.    489.    505.    446.    499.    521.    497.    508.    488.    525.    519.    481.    519.    486.    509.    509.    496.    505.    513.    494.    510.    252.      0.      0.      0.      0.      0.      0.      0.      0.      0.      0.      0.      0.      0.      0.      0.      0.      0.      0.      0.      0.      0.      0.      0.      0.      0.      0.      0.      0.      0.      0.      0.      0.      0.      0.      0.      0.
      0.      0.      0.      0.      0.      0.      0.      0.      0.      0.      0.      0.      0.      0.      0.      0.      0.      0.      0.      0.      0.      0.      0.      0.      0.      0.      0.      0.      0.      0.      0.      0.      0.      0.      0.    241.    501.    477.    548.    458.    528.    504.    508.    491.    525.    495.    497.    465.    506.    540.    481.    493.    523.    521.    531.    470.    466.    503.    470.    475.    502.    431.    472.    521.    492.    489.    503.    510.    504.    491.    520.    512.    547.    483.    500.    472.    522.    498.    470.    528.    514.    480.    497.    500.    489.    477.    507.    485.    514.    516.    510.    471.    253.      0.      0.      0.      0.      0.      0.      0.      0.      0.      0.      0.      0.      0.      0.      0.      0.      0.      0.      0.      0.      0.      0.      0.      0.      0.      0.      0.      0.      0.      0.      0.      0.      0.      0.      0.
      0.      0.      0.      0.      0.      0.      0.      0.      0.      0.      0.      0.      0.      0.      0.      0.      0.      0.      0.      0.      0.      0.      0.      0.      0.      0.      0.      0.      0.      0.      0.      0.      0.      0.    259.    483.    489.    484.    474.    467.    510.    478.    520.    477.    502.    467.    502.    451.    492.    485.    508.    510.    509.    506.    510.    510.    500.    487.    503.    531.    507.    515.    469.    470.    481.    474.    480.    480.    454.    491.    451.    531.    539.    456.    461.    500.    520.    491.    512.    484.    489.    474.    463.    546.    526.    506.    469.    477.    515.    504.    486.    515.    515.    220.      0.      0.      0.      0.      0.      0.      0.      0.      0.      0.      0.      0.      0.      0.      0.      0.      0.      0.      0.      0.      0.      0.      0.      0.      0.      0.      0.      0.      0.      0.      0.      0.      0.      0.
      0.      0.      0.      0.      0.      0.      0.      0.      0.      0.      0.      0.      0.      0.      0.      0.      0.      0.      0.      0.      0.      0.      0.      0.      0.      0.      0.      0.      0.      0.      0.      0.      0.    197.    514.    512.    458.    477.    506.    496.    496.    485.    483.    499.    484.    494.    495.    507.    500.    467.    485.    492.    469.    531.    458.    517.    497.    485.    508.    443.    485.    442.    485.    526.    510.    492.    540.    488.    497.    495.    499.    467.    500.    512.    496.    480.    508.    489.    529.    521.    502.    472.    482.    510.    520.    453.    508.    491.    479.    451.    518.    479.    511.    473.    224.      0.      0.      0.      0.      0.      0.      0.      0.      0.      0.      0.      0.      0.      0.      0.      0.      0.      0.      0.      0.      0.      0.      0.      0.      0.      0.      0.      0.      0.      0.      0.      0.      0.
      0.      0.      0.      0.      0.      0.      0.      0.      0.      0.      0.      0.      0.      0.      0.      0.      0.      0.      0.      0.      0.      0.      0.      0.      0.      0.      0.      0.      0.      0.      0.      0.    162.    470.    523.    502.    512.    512.    501.    485.    492.    514.    501.    512.    468.    490.    486.    489.    508.    470.    487.    482.    521.    500.    506.    486.    512.    496.    475.    486.    439.    500.    503.    505.    482.    491.    492.    496.    497.    535.    489.    474.    487.    489.    547.    493.    499.    450.    482.    501.    516.    510.    494.    504.    486.    483.    506.    487.    465.    500.    486.    472.    506.    446.    538.    197.      0.      0.      0.      0.      0.      0.      0.      0.      0.      0.      0.      0.      0.      0.      0.      0.      0.      0.      0.      0.      0.      0.      0.      0.      0.      0.      0.      0.      0.      0.      0.      0.
      0.      0.      0.      0.      0.      0.      0.      0.      0.      0.      0.      0.      0.      0.      0.      0.      0.      0.      0.      0.      0.      0.      0.      0.      0.      0.      0.      0.      0.      0.      0.     91.    471.    460.    512.    497.    518.    500.    506.    483.    491.    500.    507.    518.    497.    531.    491.    481.    501.    532.    474.    502.    474.    496.    504.    498.    462.    501.    505.    486.    483.    524.    510.    487.    491.    478.    499.    515.    505.    499.    514.    569.    466.    523.    513.    493.    505.    508.    469.    475.    523.    499.    519.    474.    521.    518.    503.    473.    527.    501.    527.    493.    516.    480.    501.    461.     99.      0.      0.      0.      0.      0.      0.      0.      0.      0.      0.      0.      0.      0.      0.      0.      0.      0.      0.      0.      0.      0.      0.      0.      0.      0.      0.      0.      0.      0.      0.      0.
      0.      0.      0.      0.      0.      0.      0.      0.      0.      0.      0.      0.      0.      0.      0.      0.      0.      0.      0.      0.      0.      0.      0.      0.      0.      0.      0.      0.      0.      0.     44.    442.    471.    509.    507.    455.    460.    502.    503.    506.    488.    543.    484.    470.    513.    530.    467.    508.    516.    484.    456.    488.    467.    483.    515.    508.    471.    492.    469.    484.    484.    477.    520.    487.    500.    492.    513.    503.    522.    529.    485.    467.    502.    549.    517.    492.    538.    518.    490.    455.    532.    450.    491.    489.    521.    479.    498.    521.    492.    499.    484.    499.    532.    528.    497.    468.    424.     54.      0.      0.      0.      0.      0.      0.      0.      0.      0.      0.      0.      0.      0.      0.      0.      0.      0.      0.      0.      0.      0.      0.      0.      0.      0.      0.      0.      0.      0.      0.
      0.      0.      0.      0.      0.      0.      0.      0.      0.      0.      0.      0.      0.      0.      0.      0.      0.      0.      0.      0.      0.      0.      0.      0.      0.      0.      0.      0.      0.      2.    373.    515.    485.    489.    487.    500.    477.    513.    504.    495.    496.    499.    497.    464.    455.    472.    495.    458.    531.    516.    538.    494.    522.    467.    486.    479.    490.    519.    496.    491.    495.    478.    523.    466.    478.    492.    497.    506.    504.    482.    465.    487.    499.    481.    509.    506.    530.    472.    513.    488.    488.    512.    508.    501.    474.    446.    491.    455.    492.    478.    488.    462.    522.    478.    493.    516.    491.    377.      6.      0.      0.      0.      0.      0.      0.      0.      0.      0.      0.      0.      0.      0.      0.      0.      0.      0.      0.      0.      0.      0.      0.      0.      0.      0.      0.      0.      0.      0.
      0.      0.      0.      0.      0.      0.      0.      0.      0.      0.      0.      0.      0.      0.      0.      0.      0.      0.      0.      0.      0.      0.      0.      0.      0.      0.      0.      0.      0.    241.    489.    459.    492.    498.    466.    496.    501.    529.    535.    487.    511.    472.    502.    469.    490.    510.    510.    481.    517.    500.    504.    458.    495.    489.    467.    488.    535.    509.    482.    499.    523.    496.    473.    512.    502.    575.    465.    478.    487.    822.    552.    536.    520.    491.    486.    512.    492.    468.    507.    516.    495.    502.    483.    503.    493.    483.    495.    524.    484.    517.    480.    491.    475.    503.    474.    512.    466.    507.    249.      0.      0.      0.      0.      0.      0.      0.      0.      0.      0.      0.      0.      0.      0.      0.      0.      0.      0.      0.      0.      0.      0.      0.      0.      0.      0.      0.      0.      0.
      0.      0.      0.      0.      0.      0.      0.      0.      0.      0.      0.      0.      0.      0.      0.      0.      0.      0.      0.      0.      0.      0.      0.      0.      0.      0.      0.      0.    117.    462.    512.    513.    501.    507.    523.    521.    503.    533.    510.    562.    503.    498.    476.    489.    522.    449.    471.    506.    518.    524.    471.    482.    499.    519.    446.    495.    501.    504.    499.    465.    492.    556.    487.    491.    519.    507.    486.    504.   1401.   4314.   3227.    501.    501.    483.    492.    463.    483.    484.    520.    488.    488.    493.    508.    508.    499.    465.    506.    503.    473.    535.    473.    522.    487.    522.    472.    502.    504.    529.    518.     94.      0.      0.      0.      0.      0.      0.      0.      0.      0.      0.      0.      0.      0.      0.      0.      0.      0.      0.      0.      0.      0.      0.      0.      0.      0.      0.      0.      0.
      0.      0.      0.      0.      0.      0.      0.      0.      0.      0.      0.      0.      0.      0.      0.      0.      0.      0.      0.      0.      0.      0.      0.      0.      0.      0.      0.     10.    412.    481.    469.    540.    470.    465.    504.    509.    501.    523.    525.    504.    503.    470.    497.    516.    492.    519.    542.    532.    515.    499.    471.    483.    503.    509.    709.   2013.   2585.   2631.   1902.    648.    487.    495.    535.   2320.   2265.    579.    528.    513.   3142.   4406.   4363.   1168.    493.    501.    501.    507.    492.    496.    465.    474.    503.    505.    483.    518.    527.    479.    488.    490.    498.    477.    479.    488.    517.    504.    501.    485.    500.    523.    467.    410.     20.      0.      0.      0.      0.      0.      0.      0.      0.      0.      0.      0.      0.      0.      0.      0.      0.      0.      0.      0.      0.      0.      0.      0.      0.      0.      0.      0.
      0.      0.      0.      0.      0.      0.      0.      0.      0.      0.      0.      0.      0.      0.      0.      0.      0.      0.      0.      0.      0.      0.      0.      0.      0.      0.      0.    269.    510.    492.    498.    483.    500.    471.    472.    512.    511.    486.    453.    502.    484.    510.    493.    505.    529.    487.    517.    481.    479.    475.    495.    498.    505.    839.   4066.   4447.   4484.   4413.   4389.   3948.    663.    517.   2446.   4324.   4353.   2424.    486.    502.   3733.   4542.   4442.   1809.    488.    511.    477.    490.    540.    502.    508.    485.    496.    485.    457.    490.    486.    505.    477.    501.    517.    499.    491.    484.    523.    501.    516.    499.    495.    472.    500.    502.    267.      0.      0.      0.      0.      0.      0.      0.      0.      0.      0.      0.      0.      0.      0.      0.      0.      0.      0.      0.      0.      0.      0.      0.      0.      0.      0.      0.
      0.      0.      0.      0.      0.      0.      0.      0.      0.      0.      0.      0.      0.      0.      0.      0.      0.      0.      0.      0.      0.      0.      0.      0.      0.      0.     70.    458.    518.    444.    515.    496.    481.    519.    536.    469.    484.    499.    538.    481.    475.    491.    482.    512.    475.    496.    485.    463.    506.    477.    495.    470.    548.    944.   4187.   4373.   4480.   4392.   4451.   4033.    758.    499.   2511.   4400.   4532.   2467.    513.    495.   3671.   4385.   4420.   1860.    491.    516.    478.    466.    514.    498.    472.    493.    513.    481.    476.    521.    485.    492.    487.    480.    497.    465.    448.    479.    485.    489.    487.    463.    504.    478.    508.    499.    503.     89.      0.      0.      0.      0.      0.      0.      0.      0.      0.      0.      0.      0.      0.      0.      0.      0.      0.      0.      0.      0.      0.      0.      0.      0.      0.      0.
      0.      0.      0.      0.      0.      0.      0.      0.      0.      0.      0.      0.      0.      0.      0.      0.      0.      0.      0.      0.      0.      0.      0.      0.      0.      2.    387.    523.    471.    546.    533.    495.    529.    514.    471.    473.    496.    505.    466.    486.    477.    484.    497.    478.    542.    499.    492.    516.    526.    512.    488.    505.    514.    524.    924.   2352.   3061.   2957.   2280.    842.    512.    491.    616.   2562.   2664.    673.    497.    473.   3117.   4532.   4510.   1229.    508.    485.    493.    461.    518.    488.    556.    513.    504.    491.    513.    498.    493.    523.    455.    563.    510.    510.    493.    532.    476.    488.    503.    494.    497.    501.    500.    501.    501.    409.      0.      0.      0.      0.      0.      0.      0.      0.      0.      0.      0.      0.      0.      0.      0.      0.      0.      0.      0.      0.      0.      0.      0.      0.      0.      0.
      0.      0.      0.      0.      0.      0.      0.      0.      0.      0.      0.      0.      0.      0.      0.      0.      0.      0.      0.      0.      0.      0.      0.      0.      0.    202.    480.    485.    513.    514.    522.    532.    504.    490.    502.    551.    480.    494.    518.    493.    525.    519.    489.    533.    494.    482.    486.    533.    500.    534.    497.    446.    516.    513.    455.    497.    447.    511.    480.    481.    508.    474.    463.    501.    523.    534.    490.    445.   1484.   4419.   3447.    537.    481.    492.    498.    500.    516.    492.    508.    433.    502.    521.    514.    504.    520.    507.    514.    511.    545.    533.    489.    519.    541.    496.    481.    498.    501.    494.    529.    499.    513.    484.    184.      0.      0.      0.      0.      0.      0.      0.      0.      0.      0.      0.      0.      0.      0.      0.      0.      0.      0.      0.      0.      0.      0.      0.      0.      0.
      0.      0.      0.      0.      0.      0.      0.      0.      0.      0.      0.      0.      0.      0.      0.      0.      0.      0.      0.      0.      0.      0.      0.      0.     13.    425.    503.    508.    469.    505.    524.    476.    508.    517.    487.    476.    482.    482.    474.    474.    482.    480.    508.    492.    475.    475.    520.    473.    481.    473.    500.    514.    516.    490.    503.    460.    440.    512.    504.    494.    486.    481.    504.    471.    515.    496.    513.    475.    469.   1081.    665.    444.    534.    472.    491.    509.    504.    475.    530.    506.    541.    512.    491.    476.    514.    504.    467.    511.    495.    467.    448.    457.    505.    487.    483.    511.    507.    486.    486.    464.    449.    479.    419.     10.      0.      0.      0.      0.      0.      0.      0.      0.      0.      0.      0.      0.      0.      0.      0.      0.      0.      0.      0.      0.      0.      0.      0.      0.
      0.      0.      0.      0.      0.      0.      0.      0.      0.      0.      0.      0.      0.      0.      0.      0.      0.      0.      0.      0.      0.      0.      0.      0.    194.    495.    457.    486.    509.    494.    487.    485.    473.    499.    533.    503.    495.    454.    488.    506.    483.    540.    515.    522.    509.    481.    481.    470.    510.    497.    508.    497.    510.    489.    506.    534.    517.    478.    518.    514.    484.    487.    464.    496.    535.    495.    518.    476.    487.    479.    538.    484.    497.    498.    470.    512.    487.    496.    498.    496.    541.    513.    505.    476.    487.    498.    550.    492.    492.    498.    500.    504.    493.    493.    520.    480.    491.    489.    478.    486.    481.    496.    497.    216.      0.      0.      0.      0.      0.      0.      0.      0.      0.      0.      0.      0.      0.      0.      0.      0.      0.      0.      0.      0.      0.      0.      0.      0.
      0.      0.      0.      0.      0.      0.      0.      0.      0.      0.      0.      0.      0.      0.      0.      0.      0.      0.      0.      0.      0.      0.      0.     15.    410.    510.    485.    448.    501.    489.    532.    517.    499.    485.    485.    513.    522.    503.    505.    555.    490.    513.    513.    517.    496.    513.    493.    494.    515.    524.    502.    461.    513.    527.    521.    540.    516.    470.    489.    492.    535.    516.    484.    513.    500.    527.    517.    512.    475.    483.    477.    509.    513.    497.    510.    520.    520.    515.    531.    499.    476.    511.    483.    468.    457.    522.    488.    475.    457.    477.    527.    507.    510.    465.    488.    514.    513.    513.    522.    501.    528.    501.    542.    424.     11.      0.      0.      0.      0.      0.      0.      0.      0.      0.      0.      0.      0.      0.      0.      0.      0.      0.      0.      0.      0.      0.      0.      0.
      0.      0.      0.      0.      0.      0.      0.      0.      0.      0.      0.      0.      0.      0.      0.      0.      0.      0.      0.      0.      0.      0.      0.    213.    499.    497.    470.    507.    496.    494.    507.    493.    497.    473.    513.    475.    463.    460.    493.    525.    496.    467.    545.    433.    506.    469.    511.    535.    517.    556.    498.    443.    467.    528.    499.    463.    519.    453.    481.    496.    558.    501.    525.    489.    520.    507.    503.    528.    478.    497.    482.    498.    448.    506.    517.    491.    477.    497.    478.    536.    489.    461.    491.    470.    494.    509.    487.    497.    503.    523.    481.    496.    516.    499.    493.    487.    516.    484.    491.    487.    507.    555.    532.    498.    213.      0.      0.      0.      0.      0.      0.      0.      0.      0.      0.      0.      0.      0.      0.      0.      0.      0.      0.      0.      0.      0.      0.      0.
      0.      0.      0.      0.      0.      0.      0.      0.      0.      0.      0.      0.      0.      0.      0.      0.      0.      0.      0.      0.      0.      0.     13.    419.    488.    512.    478.    484.    490.    444.    496.    531.    521.    464.    483.    507.    525.    499.    498.    488.    468.    527.    526.    490.    525.    534.    499.    469.    500.    472.    484.    502.    511.    461.    503.    479.    522.    490.    448.    468.    493.    493.    495.    518.    521.    500.    482.    515.    463.    486.    508.    487.    516.    527.    529.    516.    537.    495.    510.    521.    477.    510.    491.    527.    519.    515.    444.    534.    512.    490.    523.    488.    493.    507.    519.    492.    489.    520.    531.    533.    521.    506.    483.    524.    447.      2.      0.      0.      0.      0.      0.      0.      0.      0.      0.      0.      0.      0.      0.      0.      0.      0.      0.      0.      0.      0.      0.      0.
      0.      0.      0.      0.      0.      0.      0.      0.      0.      0.      0.      0.      0.      0.      0.      0.      0.      0.      0.      0.      0.      0.    169.    503.    489.    516.    474.    487.    474.    493.    524.    446.    512.    524.    530.    485.    480.    507.    498.    504.    532.    507.    483.    508.    485.    484.    530.    486.    524.    497.    486.    532.    484.    528.    519.    462.    512.    519.    515.    500.    490.    498.    496.    463.    520.    476.    522.    513.    477.    480.    491.    491.    467.    489.    529.    498.    536.    493.    506.    483.    488.    480.    499.    464.    509.    512.    454.    482.    495.    494.    480.    508.    515.    502.    490.    492.    498.    497.    505.    531.    521.    504.    516.    499.    502.    185.      0.      0.      0.      0.      0.      0.      0.      0.      0.      0.      0.      0.      0.      0.      0.      0.      0.      0.      0.      0.      0.      0.
      0.      0.      0.      0.      0.      0.      0.      0.      0.      0.      0.      0.      0.      0.      0.      0.      0.      0.      0.      0.      0.      0.    406.    503.    517.    509.    463.    525.    494.    488.    471.    509.    544.    475.    453.    492.    468.    526.    533.    500.    513.    496.    489.    484.    513.    489.    551.    519.    493.    539.    482.    492.    526.    495.    498.    526.    516.    524.    495.    536.    515.    501.    507.    453.    474.    474.    479.    467.    511.    508.    475.    436.    466.    491.    491.    529.    513.    499.    484.    496.    483.    489.    504.    487.    502.    491.    480.    511.    518.    444.    487.    516.    563.    465.    507.    452.    484.    485.    462.    536.    498.    482.    469.    458.    490.    401.      0.      0.      0.      0.      0.      0.      0.      0.      0.      0.      0.      0.      0.      0.      0.      0.      0.      0.      0.      0.      0.      0.
      0.      0.      0.      0.      0.      0.      0.      0.      0.      0.      0.      0.      0.      0.      0.      0.      0.      0.      0.      0.      0.     99.    484.    489.    518.    469.    512.    469.    544.    494.    457.    486.    485.    530.    494.    490.    493.    491.    499.    511.    487.    510.    487.    471.    472.    510.    487.    546.    469.    508.    475.    492.    455.    521.    508.    484.    534.    506.    494.    496.    460.    502.    493.    498.    512.    482.    526.    471.    511.    540.    490.    446.    479.    514.    496.    518.    505.    489.    512.    511.    475.    499.    485.    513.    514.    499.    457.    475.    490.    464.    513.    480.    511.    512.    494.    498.    475.    484.    496.    510.    528.    487.    513.    499.    471.    511.     86.      0.      0.      0.      0.      0.      0.      0.      0.      0.      0.      0.      0.      0.      0.      0.      0.      0.      0.      0.      0.      0.
      0.      0.      0.      0.      0.      0.      0.      0.      0.      0.      0.      0.      0.      0.      0.      0.      0.      0.      0.      0.      0.    303.    491.    419.    488.    511.    519.    547.    543.    502.    528.    496.    525.    507.    507.    492.    519.    532.    477.    498.    497.    510.    494.    506.    519.    448.    479.    491.    470.    557.    494.    502.    553.    452.    481.    506.    488.    493.    477.    506.    465.    473.    461.    476.    487.    502.    496.    496.    520.    466.    480.    540.    481.    487.    483.    485.    465.    508.    539.    510.    501.    488.    515.    486.    495.    476.    491.    495.    498.    484.    497.    508.    523.    484.    494.    501.    531.    494.    485.    506.    490.    498.    516.    497.    502.    533.    301.      0.      0.      0.      0.      0.      0.      0.      0.      0.      0.      0.      0.      0.      0.      0.      0.      0.      0.      0.      0.      0.
      0.      0.      0.      0.      0.      0.      0.      0.      0.      0.      0.      0.      0.      0.      0.      0.      0.      0.      0.      0.     17.    439.    469.    482.    513.    499.    510.    500.    537.    506.    522.    483.    469.    466.    507.    501.    505.    532.    552.    517.    481.    488.    467.    494.    522.    537.    503.    513.    492.    506.    490.    502.    532.    465.    484.    563.    458.    522.    526.    525.    485.    515.    516.    505.    479.    468.    480.    498.    445.    498.    510.    473.    493.    495.    533.    455.    453.    514.    493.    510.    497.    515.    493.    476.    488.    512.    510.    495.    502.    480.    476.    519.    469.    472.    501.    474.    485.    498.    461.    494.    521.    527.    497.    523.    518.    503.    485.     19.      0.      0.      0.      0.      0.      0.      0.      0.      0.      0.      0.      0.      0.      0.      0.      0.      0.      0.      0.      0.
      0.      0.      0.      0.      0.      0.      0.      0.      0.      0.      0.      0.      0.      0.      0.      0.      0.      0.      0.      0.    164.    508.    486.    452.    515.    466.    509.    499.    468.    521.    486.    517.    525.    484.    480.    496.    497.    489.    465.    526.    498.    510.    499.    510.    528.    526.    506.    504.    504.    448.    469.    485.    467.    495.    491.    524.    513.    519.    478.    513.    497.    518.    525.    493.    515.    517.    517.    510.    514.    475.    446.    483.    479.    518.    490.    508.    516.    501.    452.    482.    440.    500.    492.    481.    518.    505.    516.    536.    461.    488.    468.    454.    490.    477.    503.    522.    530.    488.    528.    543.    474.    484.    449.    498.    519.    519.    464.    172.      0.      0.      0.      0.      0.      0.      0.      0.      0.      0.      0.      0.      0.      0.      0.      0.      0.      0.      0.      0.
      0.      0.      0.      0.      0.      0.      0.      0.      0.      0.      0.      0.      0.      0.      0.      0.      0.      0.      0.      0.    345.    513.    499.    524.    489.    531.    527.    490.    513.    506.    511.    503.    482.    498.    525.    497.    493.    462.    500.    521.    478.    504.    520.    512.    515.    501.    466.    483.    491.    474.    510.    485.    509.    466.    472.    865.    982.    702.    504.    443.    455.    519.    496.    509.    444.    479.    512.    492.    503.    525.    486.    502.    482.    491.    487.    512.    508.    482.    519.    469.    511.    521.    501.    508.    481.    459.    506.    524.    466.    511.    470.    537.    495.    501.    488.    552.    445.    488.    469.    505.    533.    474.    479.    518.    490.    466.    520.    345.      0.      0.      0.      0.      0.      0.      0.      0.      0.      0.      0.      0.      0.      0.      0.      0.      0.      0.      0.      0.
      0.      0.      0.      0.      0.      0.      0.      0.      0.      0.      0.      0.      0.      0.      0.      0.      0.      0.      0.     22.    483.    533.    489.    479.    488.    481.    485.    481.    486.    462.    514.    506.    489.    520.    479.    482.    490.    496.    506.    484.    459.    478.    463.    492.    487.    513.    540.    489.    466.    524.    472.    529.    537.   1440.   2150.   2415.   2398.   2515.   1886.    682.    525.    485.    512.    456.    528.    455.    542.    485.    555.    490.    483.    495.    525.    475.    560.    492.    507.    510.    500.    506.    499.    508.    503.    522.    529.    487.    484.    500.    494.    466.    485.    477.    496.    515.    499.    539.    492.    517.    517.    492.    523.    530.    506.    534.    505.    560.    506.    482.     25.      0.      0.      0.      0.      0.      0.      0.      0.      0.      0.      0.      0.      0.      0.      0.      0.      0.      0.      0.
      0.      0.      0.      0.      0.      0.      0.      0.      0.      0.      0.      0.      0.      0.      0.      0.      0.      0.      0.    163.    519.    501.    486.    470.    508.    477.    484.    462.    483.    500.    468.    525.    515.    495.    499.    490.    530.    509.    490.    501.    513.    478.    481.    469.    504.    484.    494.    502.    501.    457.    465.    931.   2118.   2485.   2496.   2445.   2589.   2436.   2502.   2083.    580.    483.    492.    486.    500.    494.    507.    519.    496.    437.    495.    537.    480.    481.    507.    495.    514.    503.    478.    498.    510.    512.    469.    534.    528.    491.    526.    487.    477.    499.    498.    483.    543.    527.    502.    501.    484.    507.    527.    493.    478.    507.    520.    500.    494.    502.    467.    497.    167.      0.      0.      0.      0.      0.      0.      0.      0.      0.      0.      0.      0.      0.      0.      0.      0.      0.      0.      0.
      0.      0.      0.      0.      0.      0.      0.      0.      0.      0.      0.      0.      0.      0.      0.      0.      0.      0.      0.    321.    516.    488.    487.    497.    521.    494.    487.    514.    503.    477.    485.    505.    451.    490.    498.    500.    487.    474.    469.    489.    495.    528.    501.    546.    478.    509.    483.    479.    486.    519.   1199.   2534.   2360.   2415.   2582.   2470.   2520.   2436.   2483.   2589.   1628.    478.    518.    497.    463.    533.    510.    477.    535.    496.    498.    515.    481.    496.    527.    481.    482.    452.    518.    504.    486.    482.    506.    487.    502.    474.    464.    514.    513.    480.    513.    537.    484.    478.    500.    513.    472.    516.    517.    519.    523.    495.    499.    508.    499.    484.    508.    512.    322.      0.      0.      0.      0.      0.      0.      0.      0.      0.      0.      0.      0.      0.      0.      0.      0.      0.      0.      0.
      0.      0.      0.      0.      0.      0.      0.      0.      0.      0.      0.      0.      0.      0.      0.      0.      0.      0.      4.    471.    502.    473.    501.    452.    519.    450.    511.    502.    520.    532.    505.    494.    515.    500.    504.    462.    484.    504.    470.    489.    506.    515.    524.    462.    542.    502.    482.    500.    452.   1249.   2454.   2501.   2555.   2428.   2454.   2497.   2470.   2492.   2453.   2371.   2492.    695.    537.    497.    540.    475.    447.    476.    518.    479.    493.    480.    498.    528.    491.    495.    505.    477.    497.    501.    498.    482.    486.    511.    530.    462.    459.    527.    526.    465.    512.    494.    495.    491.    465.    522.    503.    525.    477.    519.    480.    487.    476.    477.    516.    480.    512.    487.    450.      5.      0.      0.      0.      0.      0.      0.      0.      0.      0.      0.      0.      0.      0.      0.      0.      0.      0.      0.
      0.      0.      0.      0.      0.      0.      0.      0.      0.      0.      0.      0.      0.      0.      0.      0.      0.      0.     94.    471.    497.    470.    477.    513.    485.    543.    487.    471.    509.    517.    509.    450.    529.    482.    470.    453.    496.    470.    475.    484.    511.    486.    528.    495.    522.    494.    510.    471.   1235.   2450.   2442.   2512.   2493.   2419.   2504.   2465.   2509.   2455.   2476.   2427.   2485.   1328.    464.    513.    508.    452.    479.    505.    499.    512.    495.    486.    455.    486.    508.    529.    515.    480.    497.    503.    507.    506.    477.    513.    497.    523.    514.    486.    514.    471.    485.    493.    490.    474.    463.    514.    493.    506.    490.    498.    486.    482.    514.    468.    505.    482.    501.    486.    500.     99.      0.      0.      0.      0.      0.      0.      0.      0.      0.      0.      0.      0.      0.      0.      0.      0.      0.      0.
      0.      0.      0.      0.      0.      0.      0.      0.      0.      0.      0.      0.      0.      0.      0.      0.      0.      0.    241.    507.    528.    498.    441.    511.    514.    529.    521.    505.    505.    462.    489.    491.    509.    485.    458.    515.    524.    502.    463.    505.    451.    485.    477.    476.    534.    516.    425.    924.   2458.   2518.   2465.   2473.   2448.   2511.   2486.   2529.   2494.   2395.   2472.   2402.   2528.   1939.    508.    483.    495.    494.    481.    524.    494.    521.    478.    488.    503.    481.    486.    525.    504.    494.    476.    478.    484.    496.    510.    478.    495.    479.    493.    474.    491.    491.    483.    508.    494.    493.    501.    471.    510.    501.    508.    510.    483.    470.    482.    454.    506.    497.    511.    500.    496.    234.      0.      0.      0.      0.      0.      0.      0.      0.      0.      0.      0.      0.      0.      0.      0.      0.      0.      0.
      0.      0.      0.      0.      0.      0.      0.      0.      0.      0.      0.      0.      0.      0.      0.      0.      0.      0.    354.    512.    496.    483.    505.    486.    492.    485.    508.    476.    527.    492.    550.    515.    501.    494.    481.    516.    481.    496.    537.    520.    490.    474.    438.    483.    500.    521.    698.   2351.   2436.   2503.   2503.   2397.   2529.   2461.   2465.   2587.   2474.   2466.   2536.   2478.   2483.   2331.    499.    526.    496.    456.    492.    510.    500.    489.    476.    543.   1197.   1492.   1115.    552.    515.    448.    535.    525.    537.    503.    513.    472.    531.    485.    464.    478.    498.    496.    533.    452.    494.    515.    513.    483.    511.    498.    493.    518.    457.    544.    509.    467.    456.    474.    526.    500.    485.    345.      0.      0.      0.      0.      0.      0.      0.      0.      0.      0.      0.      0.      0.      0.      0.      0.      0.      0.
      0.      0.      0.      0.      0.      0.      0.      0.      0.      0.      0.      0.      0.      0.      0.      0.      0.      8.    529.    528.    521.    518.    525.    515.    509.    512.    471.    479.    481.    508.    509.    515.    471.    497.    491.    534.    502.    482.    522.    471.    482.    469.    502.    482.    481.    464.   1903.   2486.   2548.   2446.   2427.   2468.   2542.   2411.   2400.   2504.   2499.   2492.   2447.   2486.   2412.   2423.    753.    503.    469.    474.    488.    497.    527.    531.    548.   2008.   2384.   2414.   2397.   2208.    997.    473.    521.    516.    478.    468.    520.    477.    511.    486.    508.    523.    504.    488.    551.    506.    441.    459.    506.    489.    487.    480.    501.    477.    508.    467.    464.    519.    479.    473.    536.    499.    497.    480.      3.      0.      0.      0.      0.      0.      0.      0.      0.      0.      0.      0.      0.      0.      0.      0.      0.      0.
      0.      0.      0.      0.      0.      0.      0.      0.      0.      0.      0.      0.      0.      0.      0.      0.      0.     82.    496.    486.    501.    497.    497.    502.    464.    475.    496.    528.    467.    480.    511.    518.    548.    451.    521.    463.    494.    495.    483.    497.    458.    507.    474.    525.    502.   1333.   2541.   2501.   2490.   2536.   2457.   2452.   2568.   2478.   2472.   2396.   2376.   2413.   2458.   2511.   2467.   2507.    925.    500.    509.    503.    512.    461.    527.    487.   1531.   2506.   2476.   2508.   2555.   2467.   2446.   1275.    508.    477.    520.    546.    505.    518.    491.    474.    479.    466.    495.    500.    476.    477.    468.    491.    486.    532.    501.    492.    513.    502.    524.    461.    487.    473.    476.    473.    479.    503.    514.    498.     77.      0.      0.      0.      0.      0.      0.      0.      0.      0.      0.      0.      0.      0.      0.      0.      0.      0.
      0.      0.      0.      0.      0.      0.      0.      0.      0.      0.      0.      0.      0.      0.      0.      0.      0.    188.    528.    475.    481.    517.    489.    474.    527.    470.    491.    492.    492.    509.    508.    515.    491.    511.    535.    480.    528.    486.    543.    537.    528.    485.    511.    493.    689.   2352.   2539.   2455.   2495.   2452.   2475.   2502.   2533.   2526.   2489.   2428.   2485.   2411.   2486.   2378.   2502.   2421.   1109.    518.    538.    512.    532.    518.    479.    475.   2284.   2535.   2464.   2444.   2466.   2433.   2503.   2594.   1320.    494.    500.    487.    468.    514.    516.    497.    486.    516.    486.    451.    490.    455.    522.    510.    492.    516.    490.    485.    466.    540.    497.    504.    506.    508.    474.    486.    523.    511.    506.    480.    204.      0.      0.      0.      0.      0.      0.      0.      0.      0.      0.      0.      0.      0.      0.      0.      0.      0.
      0.      0.      0.      0.      0.      0.      0.      0.      0.      0.      0.      0.      0.      0.      0.      0.      0.    287.    529.    466.    521.    513.    554.    500.    466.    498.    490.    518.    522.    487.    464.    478.    492.    488.    515.    528.    517.    505.    479.    500.    481.    500.    522.    517.   1865.   2478.   2456.   2587.   2470.   2492.   2544.   2453.   2373.   2500.   2489.   2490.   2613.   2493.   2461.   2532.   2490.   2590.   1294.    463.    465.    476.    485.    463.    481.    917.   2473.   2509.   2529.   2478.   2536.   2486.   2436.   2494.   2399.   1084.    517.    505.    499.    480.    510.    508.    497.    494.    510.    470.    534.    556.    504.    520.    515.    492.    519.    490.    487.    513.    513.    494.    471.    489.    506.    486.    519.    516.    520.    497.    308.      0.      0.      0.      0.      0.      0.      0.      0.      0.      0.      0.      0.      0.      0.      0.      0.      0.
      0.      0.      0.      0.      0.      0.      0.      0.      0.      0.      0.      0.      0.      0.      0.      0.      0.    361.    508.    467.    477.    464.    507.    464.    466.    498.    489.    484.    503.    509.    498.    515.    573.    481.    475.    519.    514.    474.    530.    523.    509.    520.    489.    991.   2501.   2413.   2468.   2509.   2459.   2402.   2475.   2528.   2490.   2469.   2478.   2466.   2546.   2437.   2403.   2468.   2482.   2461.   1227.    519.    513.    513.    531.    542.    495.   1264.   2456.   2414.   2434.   2415.   2532.   2386.   2479.   2460.   2479.   2330.    781.    496.    506.    468.    508.    512.    529.    497.    510.    503.    492.    520.    506.    491.    495.    465.    492.    503.    486.    482.    471.    461.    518.    544.    500.    473.    517.    491.    516.    464.    379.      0.      0.      0.      0.      0.      0.      0.      0.      0.      0.      0.      0.      0.      0.      0.      0.      0.
      0.      0.      0.      0.      0.      0.      0.      0.      0.      0.      0.      0.      0.      0.      0.      0.      0.    387.    509.    495.    475.    552.    488.    451.    523.    516.    507.    480.    483.    456.    528.    484.    494.    508.    524.    478.    513.    477.    482.    515.    486.    531.    497.   2094.   2434.   2477.   2439.   2481.   2542.   2475.   2527.   2385.   2488.   2462.   2455.   2518.   2514.   2448.   2559.   2425.   2367.   2500.   1247.    502.    496.    452.    463.    468.    487.   1625.   2501.   2477.   2449.   2447.   2482.   2424.   2438.   2408.   2426.   2486.   1936.    524.    482.    531.    461.    470.    466.    483.    489.    518.    493.    484.    512.    506.    495.    486.    520.    493.    503.    493.    451.    529.    460.    493.    517.    460.    520.    529.    488.    480.    449.      0.      0.      0.      0.      0.      0.      0.      0.      0.      0.      0.      0.      0.      0.      0.      0.      0.
      0.      0.      0.      0.      0.      0.      0.      0.      0.      0.      0.      0.      0.      0.      0.      0.     29.    492.    467.    520.    507.    478.    506.    479.    488.    492.    484.    492.    545.    500.    496.    515.    489.    511.    500.    527.    477.    507.    522.    478.    506.    531.   1114.   2492.   2501.   2449.   2409.   2453.   2537.   2572.   2457.   2532.   2461.   2477.   2508.   2408.   2524.   2452.   2583.   2467.   2404.   2407.   1174.    481.    436.    494.    519.    493.    502.   1770.   2516.   2384.   2536.   2451.   2430.   2451.   2445.   2466.   2423.   2542.   2502.   1282.    487.    516.    464.    506.    482.    496.    517.    539.    489.    487.    513.    495.    482.    503.    484.    496.    495.    508.    540.    510.    500.    505.    493.    499.    485.    490.    496.    549.    540.     35.      0.      0.      0.      0.      0.      0.      0.      0.      0.      0.      0.      0.      0.      0.      0.      0.
      0.      0.      0.      0.      0.      0.      0.      0.      0.      0.      0.      0.      0.      0.      0.      0.    106.    513.    509.    508.    517.    465.    525.    471.    500.    535.    535.    502.    523.    479.    473.    467.    475.    475.    492.    487.    476.    499.    542.    519.    555.    493.   2247.   2522.   2434.   2521.   2420.   2501.   2481.   2457.   2524.   2502.   2546.   2543.   2516.   2520.   2469.   2431.   2523.   2489.   2449.   2506.   1164.    519.    525.    512.    504.    496.    506.   1796.   2477.   2514.   2541.   2492.   2484.   2477.   2516.   2486.   2491.   2408.   2505.   2396.    671.    496.    492.    495.    499.    502.    544.    457.    494.    487.    468.    533.    498.    493.    561.    501.    497.    460.    495.    490.    491.    477.    514.    502.    511.    491.    539.    467.    507.    120.      0.      0.      0.      0.      0.      0.      0.      0.      0.      0.      0.      0.      0.      0.      0.      0.
      0.      0.      0.      0.      0.      0.      0.      0.      0.      0.      0.      0.      0.      0.      0.      0.    177.    525.    489.    499.    484.    499.    479.    501.    496.    526.    497.    503.    489.    497.    478.    482.    503.    534.    481.    469.    503.    526.    475.    502.    552.   1187.   2329.   2505.   2504.   2362.   2518.   2437.   2524.   2542.   2454.   2412.   2537.   2379.   2560.   2513.   2487.   2450.   2499.   2484.   2424.   2506.   1021.   1250.   1266.    550.    477.    501.    484.   1777.   2484.   2490.   2441.   2452.   2433.   2470.   2472.   2403.   2464.   2546.   2470.   2436.   1709.    480.    465.    543.    497.    496.    489.    495.    498.    529.    482.    495.    528.    495.    453.    534.    497.    493.    498.    453.    482.    461.    485.    517.    520.    515.    516.    500.    532.    160.      0.      0.      0.      0.      0.      0.      0.      0.      0.      0.      0.      0.      0.      0.      0.      0.
      0.      0.      0.      0.      0.      0.      0.      0.      0.      0.      0.      0.      0.      0.      0.      0.    206.    475.    522.    511.    465.    497.    525.    522.    485.    478.    471.    481.    492.    446.    500.    478.    511.    505.    465.    495.    495.    512.    485.    501.    480.   2099.   2469.   2505.   2440.   2472.   2474.   2497.   2436.   2491.   2469.   2487.   2509.   2476.   2524.   2380.   2470.   2498.   2503.   2448.   2484.   3076.   4040.   4432.   4471.   3839.   1089.    466.    468.   1736.   2558.   2541.   2463.   2498.   2483.   2439.   2416.   2528.   2502.   2400.   2520.   2512.   2360.    791.    460.    475.    507.    515.    493.    504.    477.    560.    490.    514.    515.    518.    531.    486.    519.    502.    482.    534.    523.    533.    488.    501.    448.    507.    486.    526.    507.    244.      0.      0.      0.      0.      0.      0.      0.      0.      0.      0.      0.      0.      0.      0.      0.      0.
      0.      0.      0.      0.      0.      0.      0.      0.      0.      0.      0.      0.      0.      0.      0.      0.    292.    510.    455.    462.    474.    498.    486.    497.    454.    475.    495.    496.    521.    500.    495.    503.    443.    503.    516.    464.    476.    503.    488.    510.    936.   2513.   2468.   2483.   2378.   2479.   2447.   2458.   2451.   2447.   2536.   2462.   2443.   2514.   2386.   2506.   2472.   2497.   2416.   2534.   2456.   5783.   4546.   4423.   4524.   4458.   3753.    519.    473.   1588.   2527.   2458.   2449.   2516.   2466.   2449.   2499.   2504.   2480.   2553.   2495.   2375.   2537.   1757.    520.    465.    517.    488.    455.    510.    487.    486.    467.    529.    486.    464.    506.    515.    544.    494.    543.    519.    501.    516.    465.    476.    567.    508.    533.    477.    486.    251.      0.      0.      0.      0.      0.      0.      0.      0.      0.      0.      0.      0.      0.      0.      0.      0.
      0.      0.      0.      0.      0.      0.      0.      0.      0.      0.      0.      0.      0.      0.      0.      0.    338.    512.    517.    535.    488.    498.    516.    462.    483.    516.    500.    468.    519.    540.    504.    510.    513.    461.    507.    532.    494.    532.    531.    534.   1941.   2494.   2479.   2494.   2566.   2460.   2518.   2476.   2485.   2494.   2500.   2455.   2510.   2498.   2523.   2496.   2576.   2576.   2526.   2557.   3030.   6139.   4580.   4466.   4454.   4601.   4587.   1044.    529.   1349.   2413.   2482.   2366.   2521.   2527.   2474.   2457.   2396.   2497.   2468.   2501.   2524.   2517.   2514.    749.    506.    469.    458.    484.    489.    524.    494.    489.    507.    521.    487.    494.    558.    469.    466.    503.    515.    508.    520.    466.    480.    515.    532.    499.    470.    467.    323.      0.      0.      0.      0.      0.      0.      0.      0.      0.      0.      0.      0.      0.      0.      0.      0.
      0.      0.      0.      0.      0.      0.      0.      0.      0.      0.      0.      0.      0.      0.      0.      0.    376.    548.    513.    479.    478.    493.    505.    468.    515.    483.    483.    478.    492.    466.    502.    504.    512.    529.    495.    444.    530.    498.    470.    708.   2516.   2459.   2430.   2441.   2478.   2421.   2477.   2406.   2516.   2459.   2456.   2436.   2429.   2504.   2424.   2466.   2472.   2410.   2423.   2512.   3043.   5909.   4498.   4543.   4476.   4466.   4517.   1125.    504.   1193.   2389.   2452.   2404.   2418.   2368.   2392.   2420.   2432.   2561.   2439.   2482.   2364.   2468.   2504.   1625.    553.    514.    526.    448.    472.    507.    489.    504.    488.    485.    517.    543.    504.    506.    510.    491.    508.    514.    517.    518.    500.    471.    485.    495.    495.    532.    383.      0.      0.      0.      0.      0.      0.      0.      0.      0.      0.      0.      0.      0.      0.      0.      0.
      0.      0.      0.      0.      0.      0.      0.      0.      0.      0.      0.      0.      0.      0.      0.      0.    395.    507.    495.    517.    483.    481.    489.    565.    524.    481.    488.    481.    503.    510.    512.    467.    520.    505.    475.    482.    469.    517.    467.   1372.   2518.   2504.   2415.   2416.   2455.   2437.   2490.   2454.   2529.   2498.   2432.   2435.   2459.   2500.   2496.   2467.   2473.   2543.   2457.   2495.   2393.   4715.   4440.   4415.   4472.   4409.   3648.    482.    572.    883.   2464.   2321.   2625.   2353.   2512.   2380.   2445.   2512.   2471.   2449.   2457.   2485.   2495.   2571.   2345.    603.    536.    468.    472.    485.    465.    477.    516.    480.    523.    509.    476.    457.    484.    494.    501.    494.    493.    497.    512.    496.    554.    462.    500.    508.    504.    416.      0.      0.      0.      0.      0.      0.      0.      0.      0.      0.      0.      0.      0.      0.      0.      0.
      0.      0.      0.      0.      0.      0.      0.      0.      0.      0.      0.      0.      0.      0.      0.      0.    432.    519.    476.    512.    497.    509.    505.    487.    514.    490.    491.    472.    509.    513.    505.    495.    453.    483.    496.    475.    512.    499.    514.   2159.   2545.   2373.   2527.   2546.   2467.   2481.   2482.   2533.   2478.   2397.   2476.   2423.   2516.   2496.   2527.   2523.   2365.   2478.   2466.   2518.   2406.   1802.   3500.   4462.   4552.   3518.    944.    466.    527.    538.   2482.   2534.   2428.   2473.   2437.   2453.   2458.   2505.   2430.   2424.   2535.   2477.   2372.   2508.   2494.   1332.    480.    465.    521.    510.    506.    519.    514.    500.    503.    486.    508.    525.    508.    494.    503.    487.    469.    511.    510.    478.    500.    518.    485.    477.    477.    452.      0.      0.      0.      0.      0.      0.      0.      0.      0.      0.      0.      0.      0.      0.      0.      0.
      0.      0.      0.      0.      0.      0.      0.      0.      0.      0.      0.      0.      0.      0.      0.      0.    482.    498.    482.    500.    474.    485.    525.    472.    541.    523.    496.    464.    472.    511.    478.    491.    515.    446.    471.    474.    510.    495.    928.   2473.   2513.   2480.   2527.   2461.   2479.   2429.   2483.   2463.   2447.   2456.   2454.   2465.   2477.   2464.   2368.   2471.   2577.   2526.   2444.   2581.   2431.    873.    469.    885.    936.    503.    482.    476.    449.    482.   2258.   2527.   2428.   2534.   2433.   2377.   2487.   2524.   2423.   2391.   2479.   2521.   2512.   2448.   2540.   2190.    471.    483.    488.    488.    519.    494.    500.    492.    491.    471.    476.    484.    506.    517.    514.    475.    501.    502.    515.    544.    525.    509.    519.    468.    470.    473.      0.      0.      0.      0.      0.      0.      0.      0.      0.      0.      0.      0.      0.      0.      0.      0.
      0.      0.      0.      0.      0.      0.      0.      0.      0.      0.      0.      0.      0.      0.      0.      0.    457.    528.    501.    486.    517.    465.    477.    488.    503.    503.    494.    465.    512.    527.    495.    511.    522.    507.    493.    524.    479.    523.   1610.   2560.   2472.   2433.   2476.   2408.   2510.   2529.   2450.   2456.   2460.   2512.   2459.   2446.   2457.   2391.   2483.   2436.   2474.   2444.   2518.   2447.   2393.    525.    497.    496.    483.    495.    483.    480.    479.    493.   1723.   2476.   2426.   2468.   2461.   2469.   2539.   2497.   2485.   2531.   2450.   2535.   2418.   2489.   2494.   2430.    888.    533.    518.    496.    507.    513.    512.    500.    496.    509.    482.    484.    452.    500.    510.    485.    469.    490.    498.    479.    499.    555.    535.    515.    461.    456.      0.      0.      0.      0.      0.      0.      0.      0.      0.      0.      0.      0.      0.      0.      0.      0.
      0.      0.      0.      0.      0.      0.      0.      0.      0.      0.      0.      0.      0.      0.      0.      0.    485.    478.    513.    472.    521.    486.    492.    509.    498.    485.    489.    485.    523.    504.    485.    487.    501.    509.    478.    495.    471.    501.   2215.   2476.   2467.   2432.   2451.   2533.   2411.   2493.   2551.   2455.   2460.   2477.   2526.   2537.   2478.   2416.   2520.   2510.   2451.   2409.   2459.   2465.   2003.    499.    471.    502.    488.    476.    488.    480.    500.    448.   1339.   2524.   2477.   2443.   2475.   2419.   2438.   2467.   2431.   2448.   2593.   2390.   2462.   2468.   2554.   2342.   1577.    501.    495.    517.    499.    487.    471.    514.    494.    496.    524.    498.    470.    533.    499.    499.    520.    492.    499.    490.    473.    475.    509.    496.    487.    510.      0.      0.      0.      0.      0.      0.      0.      0.      0.      0.      0.      0.      0.      0.      0.      0.
      0.      0.      0.      0.      0.      0.      0.      0.      0.      0.      0.      0.      0.      0.      0.      0.    466.    509.    490.    465.    480.    477.    482.    514.    468.    507.    502.    487.    531.    505.    479.    519.    469.    484.    514.    461.    543.    901.   2500.   2558.   2506.   2442.   2494.   2471.   2418.   2476.   2412.   2556.   2458.   2468.   2457.   2526.   2487.   2408.   2382.   2516.   2530.   2519.   2478.   2415.   1457.    480.    519.    491.    488.    502.    487.    510.    498.    512.    798.   2437.   2467.   2541.   2526.   2388.   2483.   2522.   2458.   2480.   2583.   2444.   2440.   2486.   2458.   2415.   2218.    469.    511.    531.    508.    494.    519.    510.    516.    477.    481.    506.    506.    508.    492.    523.    480.    503.    501.    469.    524.    505.    512.    479.    476.    489.      1.      0.      0.      0.      0.      0.      0.      0.      0.      0.      0.      0.      0.      0.      0.      0.
      0.      0.      0.      0.      0.      0.      0.      0.      0.      0.      0.      0.      0.      0.      0.      0.    468.    473.    469.    486.    462.    528.    494.    505.    483.    543.    447.    487.    475.    531.    476.    481.    434.    490.    505.    512.    467.   1529.   2472.   2428.   2522.   2478.   2456.   2448.   2510.   2466.   2459.   2490.   2416.   2397.   2455.   2561.   2508.   2415.   2456.   2498.   2555.   2465.   2490.   2517.    989.    482.    504.    534.    495.    538.    497.    533.    512.    474.    493.   2256.   2466.   2543.   2479.   2462.   2512.   2457.   2502.   2527.   2427.   2506.   2478.   2490.   2527.   2423.   2389.    835.    503.    488.    486.    491.    489.    483.    476.    503.    459.    473.    496.    500.    467.    532.    477.    489.    500.    514.    474.    493.    472.    487.    481.    518.      1.      0.      0.      0.      0.      0.      0.      0.      0.      0.      0.      0.      0.      0.      0.      0.
      0.      0.      0.      0.      0.      0.      0.      0.      0.      0.      0.      0.      0.      0.      0.      0.    490.    502.    512.    508.    495.    502.    499.    524.    483.    510.    500.    518.    475.    476.    489.    520.    482.    519.    450.    491.    474.   1989.   2480.   2512.   2611.   2480.   2435.   2523.   2447.   2420.   2458.   2471.   2478.   2479.   2441.   2444.   2537.   2475.   2390.   2416.   2388.   2549.   2452.   2371.    537.    524.    490.    522.    497.    513.    522.    482.    496.    536.    509.   1728.   2475.   2449.   2458.   2491.   2556.   2546.   2500.   2393.   2575.   2439.   2463.   2426.   2361.   2415.   2534.   1346.    484.    532.    509.    484.    461.    489.    497.    480.    497.    486.    452.    464.    530.    518.    546.    525.    507.    488.    488.    488.    484.    504.    505.    472.      0.      0.      0.      0.      0.      0.      0.      0.      0.      0.      0.      0.      0.      0.      0.      0.
      0.      0.      0.      0.      0.      0.      0.      0.      0.      0.      0.      0.      0.      0.      0.      0.    479.    472.    502.    513.    511.    509.    515.    495.    504.    480.    515.    490.    505.    479.    510.    526.    518.    480.    479.    487.    628.   2469.   2468.   2368.   2433.   2510.   2439.   2591.   2467.   2481.   2470.   2338.   2442.   2413.   2528.   2497.   2439.   2484.   2441.   2505.   2514.   2489.   2511.   1819.    481.    505.    489.    516.    494.    485.    506.    479.    482.    478.    514.   1112.   2557.   2449.   2425.   2545.   2482.   2443.   2511.   2451.   2523.   2370.   2452.   2397.   2523.   2402.   2533.   1923.    494.    473.    479.    490.    487.    512.    471.    476.    503.    486.    545.    493.    461.    504.    478.    530.    506.    483.    482.    504.    505.    494.    535.    462.      0.      0.      0.      0.      0.      0.      0.      0.      0.      0.      0.      0.      0.      0.      0.      0.
      0.      0.      0.      0.      0.      0.      0.      0.      0.      0.      0.      0.      0.      0.      0.      0.    470.    509.    512.    461.    514.    465.    486.    480.    488.    497.    510.    478.    501.    483.    482.    507.    492.    474.    485.    508.   1179.   2483.   2507.   2506.   2522.   2468.   2551.   2493.   2420.   2444.   2452.   2503.   2540.   2475.   2404.   2521.   2526.   2385.   2451.   2487.   2548.   2409.   2472.   1245.    462.    496.    498.    524.    460.    511.    479.    438.    522.    527.    500.    552.   2355.   2397.   2472.   2463.   2516.   2480.   2403.   2513.   2514.   2340.   2424.   2400.   2470.   2361.   2517.   2416.    572.    479.    451.    528.    541.    496.    529.    501.    465.    474.    526.    496.    486.    487.    489.    493.    499.    502.    486.    518.    517.    499.    482.    434.      0.      0.      0.      0.      0.      0.      0.      0.      0.      0.      0.      0.      0.      0.      0.      0.
      0.      0.      0.      0.      0.      0.      0.      0.      0.      0.      0.      0.      0.      0.      0.      0.    409.    450.    470.    493.    508.    521.    498.    514.    513.    520.    521.    481.    506.    473.    496.    482.    475.    513.    477.    503.   1586.   2404.   2478.   2434.   2503.   2449.   2461.   2507.   2564.   2499.   2447.   2516.   2499.   2464.   2437.   2469.   2397.   2424.   2493.   2435.   2421.   2478.   2467.    559.    508.    474.    485.    514.    498.    522.    523.    503.    518.    531.    509.    475.   1823.   2491.   2468.   2542.   2447.   2452.   2534.   2476.   2462.   2508.   2456.   2483.   2538.   2441.   2422.   2552.    881.    481.    496.    528.    425.    489.    522.    489.    481.    489.    533.    510.    497.    464.    516.    529.    486.    485.    485.    541.    492.    459.    502.    472.      0.      0.      0.      0.      0.      0.      0.      0.      0.      0.      0.      0.      0.      0.      0.      0.
      0.      0.      0.      0.      0.      0.      0.      0.      0.      0.      0.      0.      0.      0.      0.      0.    427.    472.    526.    517.    547.    511.    545.    516.    521.    484.    451.    522.    545.    520.    488.    510.    501.    507.    517.    518.   2044.   2554.   2470.   2445.   2524.   2481.   2480.   2436.   2535.   2435.   2470.   2482.   2404.   2533.   2376.   2489.   2480.   2473.   2395.   2576.   2504.   2384.   1944.    483.    498.    584.   2436.   3712.   3759.   2504.    561.    496.    515.    478.    521.    503.   1075.   2466.   2602.   2423.   2450.   2405.   2447.   2491.   2436.   2422.   2420.   2519.   2472.   2479.   2453.   2456.   1410.    504.    529.    504.    509.    495.    498.    490.    509.    519.    462.    509.    518.    494.    494.    457.    521.    466.    476.    502.    497.    481.    538.    383.      0.      0.      0.      0.      0.      0.      0.      0.      0.      0.      0.      0.      0.      0.      0.      0.
      0.      0.      0.      0.      0.      0.      0.      0.      0.      0.      0.      0.      0.      0.      0.      0.    375.    525.    522.    530.    525.    458.    494.    487.    503.    458.    461.    462.    483.    471.    498.    490.    486.    491.    467.    542.   2407.   2422.   2447.   2382.   2525.   2482.   2557.   2426.   2475.   2424.   2500.   2453.   2559.   2491.   2451.   2541.   2462.   2466.   2487.   2493.   2500.   2410.   1127.    487.    442.   2879.   4566.   4381.   4394.   4521.   2905.    468.    494.    486.    472.    504.    531.   2222.   2399.   2436.   2488.   2478.   2445.   2469.   2401.   2430.   2464.   2440.   2426.   2514.   2456.   2512.   1717.    505.    488.    505.    544.    504.    498.    512.    496.    487.    498.    486.    497.    527.    499.    549.    536.    509.    471.    490.    486.    505.    503.    343.      0.      0.      0.      0.      0.      0.      0.      0.      0.      0.      0.      0.      0.      0.      0.      0.
      0.      0.      0.      0.      0.      0.      0.      0.      0.      0.      0.      0.      0.      0.      0.      0.    341.    515.    499.    467.    476.    474.    493.    462.    520.    531.    503.    484.    500.    506.    504.    478.    485.    515.    443.    872.   2390.   2490.   2354.   2438.   2453.   2335.   2495.   2451.   2474.   2443.   2405.   2473.   2459.   2443.   2485.   2490.   2513.   2395.   2490.   2558.   2487.   2395.    563.    535.    842.   4381.   4388.   4467.   4484.   4410.   4527.    849.    515.    501.    488.    471.    444.   1569.   2518.   2562.   2428.   2417.   2478.   2523.   2470.   2337.   2368.   2404.   2434.   2532.   2446.   2480.   2089.    483.    496.    477.    493.    444.    475.    490.    443.    497.    482.    463.    513.    460.    544.    464.    503.    499.    516.    475.    509.    503.    525.    312.      0.      0.      0.      0.      0.      0.      0.      0.      0.      0.      0.      0.      0.      0.      0.      0.
      0.      0.      0.      0.      0.      0.      0.      0.      0.      0.      0.      0.      0.      0.      0.      0.    283.    468.    480.    493.    468.    503.    524.    491.    492.    518.    525.    479.    499.    473.    471.    505.    558.    485.    490.   1256.   2566.   2446.   2457.   2490.   2542.   2423.   2550.   2472.   2538.   2450.   2461.   2430.   2421.   2511.   2460.   2446.   2462.   2474.   2443.   2469.   2423.   1662.    482.    494.   1933.   6360.   6826.   7133.   7184.   6723.   6090.   1946.    492.    492.    499.    463.    510.    724.   2458.   2513.   2485.   2460.   2468.   2581.   2445.   2458.   2540.   2545.   2508.   2434.   2431.   2472.   2468.    509.    498.    489.    499.    516.    508.    489.    476.    487.    510.    499.    527.    512.    512.    473.    460.    510.    553.    509.    540.    452.    508.    286.      0.      0.      0.      0.      0.      0.      0.      0.      0.      0.      0.      0.      0.      0.      0.      0.
      0.      0.      0.      0.      0.      0.      0.      0.      0.      0.      0.      0.      0.      0.      0.      0.    236.    496.    475.    494.    519.    484.    471.    507.    521.    515.    469.    485.    495.    526.    501.    498.    542.    496.    469.   1516.   2518.   2476.   2454.   2507.   2454.   2461.   2425.   2531.   2467.   2447.   2382.   2431.   2500.   2440.   2514.   2372.   2474.   2467.   2430.   2478.   2404.    973.   2232.   3770.   4633.   8159.   8411.   8467.   8513.   8404.   8144.   4559.   3879.   2224.    642.    497.    504.    468.   1861.   2422.   2529.   2498.   2413.   2411.   2425.   2496.   2454.   2451.   2421.   2587.   2466.   2463.   2462.    737.    524.    459.    519.    472.    482.    504.    511.    512.    505.    451.    467.    503.    458.    498.    472.    505.    477.    478.    472.    464.    500.    244.      0.      0.      0.      0.      0.      0.      0.      0.      0.      0.      0.      0.      0.      0.      0.      0.
      0.      0.      0.      0.      0.      0.      0.      0.      0.      0.      0.      0.      0.      0.      0.      0.    190.    500.    496.    517.    476.    471.    504.    495.    552.    521.    468.    511.    502.    476.    518.    487.    494.    509.    469.   1824.   2437.   2425.   2505.   2517.   2447.   2442.   2482.   2493.   2525.   2539.   2406.   2521.   2456.   2503.   2504.   2489.   2513.   2609.   2474.   2501.   3024.   4087.   4502.   4545.   4565.   5781.   8432.   8451.   8219.   8344.   5791.   4371.   4452.   4545.   3932.   1539.    508.    512.    892.   2406.   2576.   2455.   2562.   2480.   2387.   2482.   2587.   2480.   2438.   2485.   2437.   2465.   2410.    906.    509.    494.    521.    476.    526.    520.    491.    446.    523.    507.    487.    505.    498.    487.    454.    503.    452.    479.    507.    518.    512.    189.      0.      0.      0.      0.      0.      0.      0.      0.      0.      0.      0.      0.      0.      0.      0.      0.
      0.      0.      0.      0.      0.      0.      0.      0.      0.      0.      0.      0.      0.      0.      0.      0.    108.    523.    509.    479.    459.    498.    476.    477.    493.    529.    483.    508.    555.    514.    500.    456.    487.    500.    481.   2055.   2473.   2409.   2448.   2508.   2433.   2441.   2471.   2459.   2545.   2546.   2454.   2427.   2487.   2465.   2423.   2518.   2567.   2550.   2420.   4392.   5126.   4382.   4507.   4626.   4526.   4525.   5059.   6316.   6272.   5162.   4614.   4335.   4393.   4434.   4449.   4518.   2489.    526.    489.   1809.   2527.   2492.   2463.   2397.   2415.   2513.   2406.   2477.   2486.   2524.   2447.   2519.   2501.   1102.    443.    506.    512.    507.    516.    475.    523.    497.    520.    466.    497.    472.    515.    495.    455.    482.    496.    492.    517.    465.    483.    108.      0.      0.      0.      0.      0.      0.      0.      0.      0.      0.      0.      0.      0.      0.      0.      0.
      0.      0.      0.      0.      0.      0.      0.      0.      0.      0.      0.      0.      0.      0.      0.      0.     40.    488.    504.    482.    523.    493.    486.    461.    482.    529.    503.    465.    490.    471.    490.    456.    488.    486.    489.   2367.   2464.   2439.   2486.   2460.   2489.   2486.   2457.   2494.   2441.   2407.   2465.   2528.   2498.   2511.   2536.   2439.   2508.   2428.   4885.   6204.   4709.   4515.   4549.   4455.   4464.   4518.   4555.   4450.   4562.   4530.   4516.   4483.   4526.   4388.   4529.   4421.   4565.   2808.    499.    905.   2494.   2457.   2481.   2460.   2531.   2554.   2527.   2580.   2518.   2440.   2452.   2517.   2504.   1203.    489.    486.    450.    505.    495.    485.    499.    477.    481.    505.    491.    505.    483.    475.    502.    484.    493.    490.    526.    519.    493.     39.      0.      0.      0.      0.      0.      0.      0.      0.      0.      0.      0.      0.      0.      0.      0.      0.
      0.      0.      0.      0.      0.      0.      0.      0.      0.      0.      0.      0.      0.      0.      0.      0.      0.    502.    491.    500.    469.    486.    528.    533.    497.    493.    478.    511.    530.    520.    453.    487.    474.    530.    492.   2398.   2450.   2502.   2581.   2535.   2447.   2556.   2447.   2495.   2469.   2490.   2455.   2465.   2496.   2475.   2460.   2515.   2477.   4540.   6423.   5335.   4598.   4450.   4536.   4526.   4467.   4541.   4435.   4577.   4337.   4514.   4455.   4553.   4548.   4458.   4424.   4456.   4486.   4508.   2606.    462.   1729.   2462.   2438.   2472.   2571.   2537.   2478.   2482.   2479.   2472.   2532.   2424.   2498.   1271.    476.    513.    548.    501.    551.    471.    494.    524.    502.    503.    501.    495.    458.    518.    522.    477.    500.    509.    457.    488.    444.      0.      0.      0.      0.      0.      0.      0.      0.      0.      0.      0.      0.      0.      0.      0.      0.      0.
      0.      0.      0.      0.      0.      0.      0.      0.      0.      0.      0.      0.      0.      0.      0.      0.      0.    363.    490.    479.    466.    467.    480.    472.    511.    492.    456.    488.    478.    481.    534.    483.    497.    503.    564.   2489.   2542.   2546.   2526.   2435.   2548.   2427.   2540.   2421.   2356.   2439.   2499.   2363.   2446.   2459.   2488.   2447.   3575.   6496.   6340.   4514.   4515.   4505.   4587.   4601.   4566.   4569.   4633.   4559.   4434.   4403.   4522.   4519.   4430.   4483.   4456.   4529.   4448.   4506.   4366.   1585.    657.   2380.   2431.   2484.   2512.   2394.   2452.   2483.   2491.   2478.   2422.   2484.   2577.   1239.    510.    514.    488.    477.    492.    468.    528.    479.    499.    484.    538.    499.    477.    495.    537.    499.    493.    497.    475.    513.    387.      0.      0.      0.      0.      0.      0.      0.      0.      0.      0.      0.      0.      0.      0.      0.      0.      0.
      0.      0.      0.      0.      0.      0.      0.      0.      0.      0.      0.      0.      0.      0.      0.      0.      0.    278.    463.    492.    507.    520.    488.    471.    524.    484.    495.    560.    519.    493.    524.    500.    482.    498.    673.   2436.   2573.   2470.   2395.   2405.   2457.   2382.   2415.   2462.   2421.   2455.   2483.   2386.   2457.   2402.   2453.   2721.   6045.   6472.   5250.   4502.   4554.   4463.   4605.   4472.   4587.   4429.   4477.   4353.   4485.   4516.   4498.   4472.   4425.   4426.   4322.   4436.   4632.   4499.   4365.   4047.    694.   1282.   2491.   2414.   2543.   2382.   2503.   2489.   2556.   2502.   2361.   2504.   2508.   1156.    476.    476.    547.    480.    517.    498.    474.    474.    497.    513.    485.    508.    462.    459.    518.    456.    517.    516.    501.    517.    281.      0.      0.      0.      0.      0.      0.      0.      0.      0.      0.      0.      0.      0.      0.      0.      0.      0.
      0.      0.      0.      0.      0.      0.      0.      0.      0.      0.      0.      0.      0.      0.      0.      0.      0.    177.    488.    502.    487.    506.    516.    488.    550.    507.    527.    529.    472.    466.    477.    497.    494.    518.    731.   2457.   2440.   2511.   2372.   2457.   2584.   2560.   2470.   2481.   2428.   2495.   2506.   2489.   2535.   2495.   2529.   4504.   6431.   6072.   4566.   4545.   4569.   4443.   4537.   4494.   4435.   4574.   4511.   4587.   4514.   4461.   4512.   4529.   4467.   4398.   4535.   4568.   4436.   4442.   4472.   4403.   2502.    484.   1948.   2501.   2500.   2531.   2461.   2520.   2536.   2464.   2476.   2405.   2466.    963.    497.    475.    472.    497.    480.    474.    526.    474.    558.    452.    494.    516.    451.    462.    511.    503.    521.    468.    544.    495.    172.      0.      0.      0.      0.      0.      0.      0.      0.      0.      0.      0.      0.      0.      0.      0.      0.      0.
      0.      0.      0.      0.      0.      0.      0.      0.      0.      0.      0.      0.      0.      0.      0.      0.      0.     83.    487.    480.    510.    531.    489.    510.    507.    488.    489.    536.    483.    467.    495.    500.    485.    489.    724.   2535.   2547.   2474.   2492.   2488.   2427.   2512.   2452.   2424.   2501.   2415.   2417.   2476.   2511.   2432.   2781.   6327.   6257.   4912.   4442.   4489.   4532.   4557.   4430.   4461.   4463.   4469.   4474.   4397.   4520.   4436.   4472.   4597.   4414.   4610.   4602.   4607.   4433.   4425.   4524.   4391.   4209.    724.    692.   2303.   2440.   2493.   2553.   2520.   2504.   2359.   2476.   2470.   2407.    590.    476.    506.    536.    471.    505.    501.    545.    540.    509.    475.    477.    524.    532.    491.    508.    520.    502.    502.    531.    483.     76.      0.      0.      0.      0.      0.      0.      0.      0.      0.      0.      0.      0.      0.      0.      0.      0.      0.
      0.      0.      0.      0.      0.      0.      0.      0.      0.      0.      0.      0.      0.      0.      0.      0.      0.      5.    500.    518.    528.    492.    486.    508.    460.    493.    515.    495.    530.    491.    529.    520.    509.    534.    660.   2530.   2543.   2425.   2483.   2433.   2446.   2415.   2586.   2451.   2507.   2428.   2523.   2462.   2532.   2536.   4184.   6586.   5890.   4373.   4518.   4468.   4472.   4562.   4500.   4558.   4449.   4495.   4526.   4499.   4419.   4574.   4608.   4459.   4518.   4529.   4517.   4560.   4572.   4546.   4470.   4484.   4549.   2064.    519.    928.   2415.   2390.   2514.   2429.   2497.   2451.   2451.   2512.   2151.    494.    477.    520.    486.    486.    472.    507.    493.    471.    469.    495.    479.    479.    473.    507.    462.    498.    511.    490.    510.    486.      4.      0.      0.      0.      0.      0.      0.      0.      0.      0.      0.      0.      0.      0.      0.      0.      0.      0.
      0.      0.      0.      0.      0.      0.      0.      0.      0.      0.      0.      0.      0.      0.      0.      0.      0.      0.    357.    561.    549.    487.    478.    486.    500.    504.    514.    469.    508.    487.    491.    482.    465.    517.    560.   2453.   2405.   2418.   2382.   2469.   2574.   2472.   2480.   2503.   2458.   2431.   2429.   2507.   2491.   2572.   5697.   6464.   4799.   4580.   4351.   4433.   4550.   4461.   4526.   4437.   4352.   4582.   4512.   4559.   4515.   4448.   4459.   4580.   4478.   4437.   4443.   4617.   4514.   4579.   4513.   4418.   4434.   3555.    483.    502.   1044.   2376.   2430.   2423.   2417.   2468.   2437.   2551.   1430.    483.    465.    482.    509.    479.    462.    498.    499.    461.    540.    493.    497.    494.    461.    498.    505.    521.    543.    476.    518.    350.      0.      0.      0.      0.      0.      0.      0.      0.      0.      0.      0.      0.      0.      0.      0.      0.      0.      0.
      0.      0.      0.      0.      0.      0.      0.      0.      0.      0.      0.      0.      0.      0.      0.      0.      0.      0.    228.    513.    542.    485.    488.    462.    502.    526.    548.    524.    540.    495.    465.    502.    485.    513.    483.   2279.   2443.   2512.   2484.   2447.   2472.   2504.   2507.   2484.   2492.   2520.   2470.   2444.   2550.   2820.   6373.   5289.   4638.   4486.   4478.   4561.   4511.   4496.   4610.   4529.   4564.   4542.   4533.   4486.   4471.   4466.   4522.   4541.   4549.   4394.   4534.   4372.   4538.   4427.   4436.   4545.   4469.   4449.    767.    457.    486.    944.   2289.   2562.   2443.   2541.   2425.   2261.    613.    528.    479.    502.    532.    482.    492.    498.    536.    499.    522.    486.    506.    515.    494.    477.    485.    471.    524.    520.    496.    231.      0.      0.      0.      0.      0.      0.      0.      0.      0.      0.      0.      0.      0.      0.      0.      0.      0.      0.
      0.      0.      0.      0.      0.      0.      0.      0.      0.      0.      0.      0.      0.      0.      0.      0.      0.      0.     81.    507.    482.    486.    528.    510.    491.    453.    477.    474.    549.    506.    536.    442.    501.    498.    483.   2021.   2455.   2506.   2457.   2532.   2521.   2462.   2539.   2478.   2380.   2461.   2549.   2471.   2406.   3659.   5899.   4436.   4566.   4447.   4452.   4550.   4564.   4464.   4485.   4512.   4488.   4291.   4496.   4482.   4481.   4669.   4486.   4440.   4565.   4509.   4477.   4506.   4689.   4545.   4502.   4433.   4547.   4541.   1674.    499.    475.    506.    645.   1737.   2400.   2506.   2074.    792.    520.    463.    511.    493.    496.    528.    476.    462.    512.    462.    474.    490.    503.    511.    492.    523.    475.    506.    447.    484.    485.    104.      0.      0.      0.      0.      0.      0.      0.      0.      0.      0.      0.      0.      0.      0.      0.      0.      0.      0.
      0.      0.      0.      0.      0.      0.      0.      0.      0.      0.      0.      0.      0.      0.      0.      0.      0.      0.      1.    485.    496.    490.    508.    505.    493.    487.    524.    522.    499.    498.    446.    493.    500.    528.    505.   1645.   2531.   2479.   2433.   2437.   2579.   2459.   2486.   2463.   2497.   2373.   2467.   2473.   2532.   4243.   4573.   4434.   4521.   4453.   4486.   4576.   4579.   4455.   4495.   4452.   4461.   4601.   4565.   4553.   4483.   4558.   4505.   4414.   4541.   4451.   4451.   4516.   4511.   4471.   4544.   4391.   4407.   4542.   2399.    549.    507.    501.    482.    517.    489.    557.    448.    507.    497.    502.    480.    460.    501.    509.    499.    527.    501.    520.    522.    530.    504.    485.    525.    498.    489.    455.    481.    459.    473.      3.      0.      0.      0.      0.      0.      0.      0.      0.      0.      0.      0.      0.      0.      0.      0.      0.      0.      0.
      0.      0.      0.      0.      0.      0.      0.      0.      0.      0.      0.      0.      0.      0.      0.      0.      0.      0.      0.    337.    502.    493.    532.    507.    468.    508.    498.    453.    454.    486.    482.    517.    521.    490.    514.   1121.   2490.   2435.   2455.   2415.   2531.   2455.   2490.   2491.   2516.   2431.   2497.   2472.   2417.   3269.   4478.   4500.   4596.   4446.   4432.   4529.   4564.   4555.   4542.   4595.   4536.   4503.   4684.   4602.   4598.   4422.   4476.   4478.   4434.   4546.   4403.   4538.   4428.   4481.   4380.   4368.   4610.   4490.   2904.    492.    518.    498.    471.    541.    520.    475.    492.    512.    515.    482.    504.    497.    552.    514.    538.    510.    576.    521.    517.    459.    462.    460.    477.    513.    521.    443.    556.    495.    318.      0.      0.      0.      0.      0.      0.      0.      0.      0.      0.      0.      0.      0.      0.      0.      0.      0.      0.      0.
      0.      0.      0.      0.      0.      0.      0.      0.      0.      0.      0.      0.      0.      0.      0.      0.      0.      0.      0.    178.    475.    489.    519.    549.    503.    504.    496.    486.    492.    509.    512.    521.    529.    522.    505.    570.   2332.   2517.   2563.   2550.   2495.   2468.   2446.   2513.   2599.   2437.   2533.   2392.   1023.   3213.   4654.   4601.   4583.   4531.   4462.   4664.   4581.   4484.   4527.   4438.   4494.   4571.   4527.   4443.   4536.   4515.   4482.   4621.   4522.   4425.   4480.   4583.   4539.   4527.   4585.   4655.   4418.   4423.   3244.    493.    501.    451.    494.    481.    484.    506.    500.    510.    520.    507.    493.    492.    508.    485.    513.    528.    485.    471.    476.    494.    510.    460.    509.    480.    460.    500.    535.    486.    150.      0.      0.      0.      0.      0.      0.      0.      0.      0.      0.      0.      0.      0.      0.      0.      0.      0.      0.      0.
      0.      0.      0.      0.      0.      0.      0.      0.      0.      0.      0.      0.      0.      0.      0.      0.      0.      0.      0.     20.    487.    469.    454.    499.    530.    517.    469.    536.    516.    498.    510.    488.    482.    482.    495.    490.   1696.   2506.   2552.   2451.   2456.   2488.   2524.   2515.   2484.   2498.   2468.    983.    526.   3393.   4545.   4471.   4521.   4429.   4525.   4504.   4616.   4419.   4415.   4550.   4577.   4390.   4616.   4416.   4536.   4479.   4489.   4393.   4486.   4512.   4463.   4454.   4505.   4486.   4496.   4636.   4598.   4521.   3368.    515.    498.    508.    518.    479.    473.    506.    481.    471.    483.    536.    470.    513.    503.    497.    553.    481.    516.    506.    499.    484.    472.    487.    476.    505.    528.    480.    466.    458.     17.      0.      0.      0.      0.      0.      0.      0.      0.      0.      0.      0.      0.      0.      0.      0.      0.      0.      0.      0.
      0.      0.      0.      0.      0.      0.      0.      0.      0.      0.      0.      0.      0.      0.      0.      0.      0.      0.      0.      0.    341.    488.    481.    499.    521.    469.    519.    478.    488.    477.    485.    476.    508.    442.    500.    515.    699.   2242.   2512.   2424.   2447.   2492.   2413.   2471.   2488.   2205.    940.    507.    486.   3245.   4333.   4486.   4498.   4520.   4477.   4397.   4513.   4458.   4412.   4592.   4468.   4486.   4456.   4259.   4522.   4597.   4462.   4476.   4574.   4541.   4484.   4504.   4548.   4555.   4459.   4489.   4574.   4444.   3382.    520.    475.    482.    491.    501.    504.    517.    484.    482.    510.    485.    494.    519.    474.    478.    490.    489.    527.    518.    523.    501.    508.    482.    485.    467.    502.    490.    523.    327.      0.      0.      0.      0.      0.      0.      0.      0.      0.      0.      0.      0.      0.      0.      0.      0.      0.      0.      0.      0.
      0.      0.      0.      0.      0.      0.      0.      0.      0.      0.      0.      0.      0.      0.      0.      0.      0.      0.      0.      0.    163.    511.    485.    492.    508.    496.    473.    492.    508.    479.    509.    502.    521.    482.    484.    489.    491.   1012.   2339.   2540.   2427.   2467.   2361.   2370.   1735.    625.    526.    521.    514.   3069.   4503.   4491.   4464.   4574.   4431.   4459.   4471.   4598.   4412.   4511.   4500.   4405.   4552.   4438.   4470.   4513.   4574.   4557.   4572.   4571.   4638.   4482.   4625.   4415.   4575.   4468.   4628.   4468.   3069.    486.    445.    482.    486.    498.    528.    523.    496.    495.    511.    487.    473.    474.    476.    493.    487.    484.    485.    473.    487.    510.    502.    529.    496.    523.    502.    505.    530.    185.      0.      0.      0.      0.      0.      0.      0.      0.      0.      0.      0.      0.      0.      0.      0.      0.      0.      0.      0.      0.
      0.      0.      0.      0.      0.      0.      0.      0.      0.      0.      0.      0.      0.      0.      0.      0.      0.      0.      0.      0.     16.    448.    528.    516.    466.    496.    508.    461.    469.    480.    539.    520.    516.    469.    507.    513.    515.    525.    734.   1683.   2164.   1969.   1579.    880.    524.    501.    457.    468.    520.   2602.   4593.   4579.   4565.   4392.   4457.   4578.   4591.   4507.   4521.   4461.   4478.   4499.   4571.   4434.   4371.   4475.   4486.   4498.   4485.   4647.   4432.   4602.   4554.   4655.   4517.   4482.   4483.   4456.   2606.    504.    518.    475.    522.    494.    528.    505.    486.    498.    500.    494.    481.    486.    503.    467.    524.    460.    527.    477.    503.    514.    532.    521.    515.    504.    512.    544.    479.     23.      0.      0.      0.      0.      0.      0.      0.      0.      0.      0.      0.      0.      0.      0.      0.      0.      0.      0.      0.      0.
      0.      0.      0.      0.      0.      0.      0.      0.      0.      0.      0.      0.      0.      0.      0.      0.      0.      0.      0.      0.      0.    290.    498.    487.    481.    489.    490.    537.    507.    518.    485.    505.    498.    471.    521.    532.    460.    530.    514.    526.    458.    477.    481.    485.    471.    519.    500.    510.    508.   1840.   4505.   4533.   4538.   4494.   4552.   4521.   4570.   4623.   4565.   4511.   4445.   4512.   4477.   4531.   4494.   4542.   4491.   4532.   4526.   4630.   4488.   4528.   4578.   4591.   4569.   4418.   4394.   4449.   1852.    492.    469.    539.    508.    497.    505.    490.    508.    474.    509.    479.    496.    493.    534.    494.    484.    535.    472.    523.    487.    500.    533.    491.    464.    493.    525.    481.    260.      0.      0.      0.      0.      0.      0.      0.      0.      0.      0.      0.      0.      0.      0.      0.      0.      0.      0.      0.      0.      0.
      0.      0.      0.      0.      0.      0.      0.      0.      0.      0.      0.      0.      0.      0.      0.      0.      0.      0.      0.      0.      0.     96.    484.    494.    482.    520.    457.    513.    514.    526.    528.    509.    476.    497.    458.    477.    511.    491.    504.    508.    498.    455.    470.    496.    514.    491.    474.    491.    468.    942.   4575.   4497.   4554.   4562.   4527.   4374.   4450.   4545.   4500.   4463.   4556.   4406.   4512.   4553.   4565.   4545.   4386.   4450.   4452.   4451.   4554.   4534.   4622.   4505.   4513.   4393.   4526.   4390.    901.    515.    470.    500.    486.    482.    532.    456.    455.    520.    447.    507.    514.    515.    463.    477.    480.    531.    514.    496.    471.    521.    475.    492.    509.    475.    465.    527.    102.      0.      0.      0.      0.      0.      0.      0.      0.      0.      0.      0.      0.      0.      0.      0.      0.      0.      0.      0.      0.      0.
      0.      0.      0.      0.      0.      0.      0.      0.      0.      0.      0.      0.      0.      0.      0.      0.      0.      0.      0.      0.      0.      0.    411.    501.    478.    506.    474.    504.    511.    479.    554.    503.    488.    510.    522.    519.    501.    480.    523.    536.    489.    534.    486.    520.    481.    495.    498.    499.    510.    461.   3802.   4541.   4495.   4355.   4498.   4511.   4492.   4535.   4538.   4615.   4466.   4455.   4522.   4548.   4477.   4407.   4567.   4416.   4489.   4581.   4407.   4523.   4532.   4554.   4458.   4451.   4580.   3867.    512.    502.    477.    510.    474.    505.    472.    473.    513.    510.    496.    491.    501.    518.    509.    482.    475.    475.    542.    508.    509.    461.    476.    517.    497.    480.    539.    438.      0.      0.      0.      0.      0.      0.      0.      0.      0.      0.      0.      0.      0.      0.      0.      0.      0.      0.      0.      0.      0.      0.
      0.      0.      0.      0.      0.      0.      0.      0.      0.      0.      0.      0.      0.      0.      0.      0.      0.      0.      0.      0.      0.      0.    183.    478.    485.    525.    479.    477.    528.    498.    515.    462.    475.    470.    450.    497.    544.    546.    451.    521.    521.    537.    489.    533.    512.    514.    495.    471.    504.    468.   2469.   4449.   4631.   4537.   4437.   4418.   4598.   4506.   4660.   4501.   4384.   4533.   4438.   4652.   4400.   4406.   4555.   4439.   4425.   4503.   4624.   4530.   4504.   4455.   4548.   4595.   4563.   2454.    509.    495.    501.    465.    496.    535.    526.    478.    485.    490.    478.    498.    543.    501.    493.    521.    456.    487.    479.    459.    477.    509.    468.    502.    504.    491.    467.    188.      0.      0.      0.      0.      0.      0.      0.      0.      0.      0.      0.      0.      0.      0.      0.      0.      0.      0.      0.      0.      0.      0.
      0.      0.      0.      0.      0.      0.      0.      0.      0.      0.      0.      0.      0.      0.      0.      0.      0.      0.      0.      0.      0.      0.     15.    422.    519.    477.    488.    490.    496.    524.    484.    481.    555.    496.    489.    513.    491.    506.    517.    479.    490.    505.    488.    499.    496.    487.    467.    498.    516.    476.    923.   4526.   4456.   4461.   4502.   4609.   4651.   4512.   4409.   4430.   4399.   4527.   4418.   4575.   4503.   4447.   4406.   4447.   4414.   4600.   4513.   4605.   4434.   4556.   4494.   4540.   4397.    884.    503.    472.    494.    467.    499.    475.    499.    489.    476.    479.    487.    499.    463.    487.    491.    441.    510.    518.    484.    481.    491.    494.    481.    497.    514.    521.    463.      8.      0.      0.      0.      0.      0.      0.      0.      0.      0.      0.      0.      0.      0.      0.      0.      0.      0.      0.      0.      0.      0.      0.
      0.      0.      0.      0.      0.      0.      0.      0.      0.      0.      0.      0.      0.      0.      0.      0.      0.      0.      0.      0.      0.      0.      0.    217.    543.    456.    490.    486.    484.    462.    518.    471.    500.    474.    499.    511.    469.    487.    493.    493.    504.    521.    531.    509.    500.    526.    514.    517.    497.    486.    503.   2946.   4416.   4564.   4558.   4438.   4611.   4391.   4526.   4469.   4487.   4453.   4584.   4423.   4523.   4525.   4568.   4448.   4466.   4564.   4489.   4483.   4558.   4466.   4590.   4570.   2955.    502.    507.    505.    502.    503.    540.    488.    489.    506.    471.    488.    535.    505.    474.    491.    494.    500.    478.    491.    478.    515.    468.    491.    505.    481.    549.    447.    203.      0.      0.      0.      0.      0.      0.      0.      0.      0.      0.      0.      0.      0.      0.      0.      0.      0.      0.      0.      0.      0.      0.      0.
      0.      0.      0.      0.      0.      0.      0.      0.      0.      0.      0.      0.      0.      0.      0.      0.      0.      0.      0.      0.      0.      0.      0.     18.    436.    487.    487.    492.    503.    494.    502.    495.    514.    487.    523.    476.    486.    463.    445.    508.    486.    473.    460.    494.    483.    533.    530.    489.    507.    492.    502.    894.   4370.   4575.   4671.   4450.   4532.   4606.   4541.   4419.   4410.   4392.   4509.   4586.   4606.   4386.   4415.   4671.   4425.   4525.   4471.   4421.   4526.   4504.   4567.   4373.    964.    530.    517.    474.    472.    540.    483.    525.    461.    502.    518.    510.    481.    506.    508.    496.    481.    523.    489.    522.    484.    534.    488.    467.    470.    514.    502.    450.     20.      0.      0.      0.      0.      0.      0.      0.      0.      0.      0.      0.      0.      0.      0.      0.      0.      0.      0.      0.      0.      0.      0.      0.
      0.      0.      0.      0.      0.      0.      0.      0.      0.      0.      0.      0.      0.      0.      0.      0.      0.      0.      0.      0.      0.      0.      0.      0.    224.    545.    433.    511.    536.    481.    497.    522.    478.    478.    480.    512.    490.    484.    487.    459.    501.    484.    500.    508.    472.    551.    477.    512.    522.    509.    467.    508.   2172.   4475.   4534.   4510.   4579.   4475.   4461.   4486.   4529.   4501.   4500.   4485.   4467.   4446.   4448.   4336.   4498.   4675.   4640.   4557.   4533.   4517.   4474.   2155.    448.    552.    488.    487.    505.    509.    532.    499.    516.    494.    531.    502.    461.    530.    519.    514.    513.    486.    523.    501.    498.    518.    513.    511.    532.    480.    497.    236.      0.      0.      0.      0.      0.      0.      0.      0.      0.      0.      0.      0.      0.      0.      0.      0.      0.      0.      0.      0.      0.      0.      0.      0.
      0.      0.      0.      0.      0.      0.      0.      0.      0.      0.      0.      0.      0.      0.      0.      0.      0.      0.      0.      0.      0.      0.      0.      0.     15.    437.    502.    461.    438.    511.    536.    524.    509.    485.    487.    502.    500.    478.    512.    477.    512.    474.    471.    513.    469.    497.    504.    518.    520.    503.    488.    507.    531.   3122.   4474.   4506.   4613.   4317.   4460.   4434.   4489.   4648.   4463.   4606.   4451.   4595.   4554.   4477.   4351.   4499.   4516.   4349.   4451.   4485.   3144.    500.    534.    486.    470.    518.    515.    503.    473.    488.    536.    505.    488.    458.    528.    491.    502.    482.    493.    510.    489.    496.    496.    506.    494.    496.    483.    505.    449.     13.      0.      0.      0.      0.      0.      0.      0.      0.      0.      0.      0.      0.      0.      0.      0.      0.      0.      0.      0.      0.      0.      0.      0.      0.
      0.      0.      0.      0.      0.      0.      0.      0.      0.      0.      0.      0.      0.      0.      0.      0.      0.      0.      0.      0.      0.      0.      0.      0.      0.    157.    503.    515.    532.    490.    503.    548.    486.    518.    504.    494.    482.    497.    486.    438.    465.    501.    494.    544.    534.    485.    501.    469.    525.    467.    481.    471.    496.    674.   3511.   4479.   4478.   4418.   4423.   4421.   4467.   4525.   4615.   4449.   4334.   4372.   4456.   4482.   4528.   4478.   4449.   4486.   4486.   3412.    620.    494.    465.    512.    483.    494.    494.    457.    518.    473.    508.    467.    470.    493.    474.    509.    482.    458.    514.    475.    497.    521.    526.    530.    489.    502.    475.    488.    173.      0.      0.      0.      0.      0.      0.      0.      0.      0.      0.      0.      0.      0.      0.      0.      0.      0.      0.      0.      0.      0.      0.      0.      0.      0.
      0.      0.      0.      0.      0.      0.      0.      0.      0.      0.      0.      0.      0.      0.      0.      0.      0.      0.      0.      0.      0.      0.      0.      0.      0.      1.    368.    476.    505.    527.    510.    538.    490.    497.    508.    475.    529.    513.    497.    498.    544.    454.    524.    478.    517.    510.    495.    490.    503.    488.    526.    482.    486.    548.    627.   3249.   4399.   4460.   4424.   4390.   4562.   4550.   4331.   4483.   4416.   4580.   4565.   4377.   4426.   4380.   4509.   4476.   3246.    653.    502.    483.    476.    488.    520.    471.    500.    479.    493.    490.    473.    526.    505.    469.    487.    508.    492.    475.    513.    506.    525.    460.    529.    480.    519.    485.    510.    382.      1.      0.      0.      0.      0.      0.      0.      0.      0.      0.      0.      0.      0.      0.      0.      0.      0.      0.      0.      0.      0.      0.      0.      0.      0.      0.
      0.      0.      0.      0.      0.      0.      0.      0.      0.      0.      0.      0.      0.      0.      0.      0.      0.      0.      0.      0.      0.      0.      0.      0.      0.      0.     98.    480.    505.    536.    464.    492.    513.    531.    496.    463.    548.    515.    509.    495.    534.    510.    531.    551.    517.    501.    466.    499.    482.    474.    513.    466.    490.    475.    531.    546.   2359.   4293.   4456.   4377.   4583.   4511.   4463.   4588.   4543.   4542.   4495.   4542.   4513.   4514.   4310.   2454.    521.    536.    535.    506.    522.    489.    490.    509.    526.    466.    457.    510.    520.    522.    524.    490.    518.    466.    506.    499.    488.    497.    522.    495.    473.    505.    474.    528.    515.     91.      0.      0.      0.      0.      0.      0.      0.      0.      0.      0.      0.      0.      0.      0.      0.      0.      0.      0.      0.      0.      0.      0.      0.      0.      0.      0.
      0.      0.      0.      0.      0.      0.      0.      0.      0.      0.      0.      0.      0.      0.      0.      0.      0.      0.      0.      0.      0.      0.      0.      0.      0.      0.      0.    252.    474.    528.    458.    492.    506.    487.    466.    492.    495.    490.    461.    497.    431.    512.    452.    493.    489.    508.    552.    525.    488.    543.    463.    475.    500.    502.    498.    477.    511.    995.   2955.   4403.   4457.   4546.   4422.   4490.   4533.   4512.   4569.   4477.   4388.   2859.   1023.    521.    528.    478.    481.    521.    470.    486.    513.    513.    523.    526.    511.    494.    474.    508.    506.    443.    509.    489.    467.    520.    532.    471.    522.    496.    522.    484.    494.    491.    307.      0.      0.      0.      0.      0.      0.      0.      0.      0.      0.      0.      0.      0.      0.      0.      0.      0.      0.      0.      0.      0.      0.      0.      0.      0.      0.      0.
      0.      0.      0.      0.      0.      0.      0.      0.      0.      0.      0.      0.      0.      0.      0.      0.      0.      0.      0.      0.      0.      0.      0.      0.      0.      0.      0.     16.    454.    478.    532.    501.    520.    463.    515.    494.    472.    436.    487.    515.    498.    502.    516.    496.    466.    522.    501.    490.    507.    510.    472.    473.    456.    493.    489.    526.    509.    490.    521.    789.   2179.   3053.   3665.   3919.   3879.   3573.   2987.   2031.    817.    491.    497.    498.    533.    491.    481.    506.    493.    508.    484.    510.    516.    527.    496.    495.    497.    518.    527.    531.    478.    514.    483.    506.    524.    487.    470.    473.    542.    509.    500.    407.     17.      0.      0.      0.      0.      0.      0.      0.      0.      0.      0.      0.      0.      0.      0.      0.      0.      0.      0.      0.      0.      0.      0.      0.      0.      0.      0.      0.
      0.      0.      0.      0.      0.      0.      0.      0.      0.      0.      0.      0.      0.      0.      0.      0.      0.      0.      0.      0.      0.      0.      0.      0.      0.      0.      0.      0.    104.    487.    504.    487.    512.    496.    535.    457.    477.    514.    471.    501.    524.    526.    438.    514.    481.    516.    486.    521.    469.    464.    507.    488.    488.    449.    505.    467.    518.    500.    513.    489.    510.    473.    505.    493.    503.    525.    509.    528.    515.    483.    510.    495.    469.    488.    433.    465.    471.    482.    531.    515.    482.    473.    465.    502.    511.    488.    490.    480.    495.    472.    520.    506.    478.    548.    505.    497.    463.    483.    488.    107.      0.      0.      0.      0.      0.      0.      0.      0.      0.      0.      0.      0.      0.      0.      0.      0.      0.      0.      0.      0.      0.      0.      0.      0.      0.      0.      0.      0.
      0.      0.      0.      0.      0.      0.      0.      0.      0.      0.      0.      0.      0.      0.      0.      0.      0.      0.      0.      0.      0.      0.      0.      0.      0.      0.      0.      0.      0.    271.    512.    514.    502.    529.    498.    500.    520.    526.    537.    498.    519.    520.    485.    523.    562.    524.    479.    542.    542.    519.    550.    503.    500.    496.    501.    495.    476.    519.    476.    499.    506.    484.    484.    522.    492.    514.    480.    493.    520.    496.    486.    488.    536.    517.    491.    503.    516.    504.    513.    518.    475.    472.    501.    505.    492.    454.    516.    489.    541.    468.    492.    489.    476.    516.    500.    478.    514.    464.    246.      0.      0.      0.      0.      0.      0.      0.      0.      0.      0.      0.      0.      0.      0.      0.      0.      0.      0.      0.      0.      0.      0.      0.      0.      0.      0.      0.      0.      0.
      0.      0.      0.      0.      0.      0.      0.      0.      0.      0.      0.      0.      0.      0.      0.      0.      0.      0.      0.      0.      0.      0.      0.      0.      0.      0.      0.      0.      0.      6.    351.    451.    520.    515.    499.    533.    506.    481.    495.    496.    502.    513.    502.    512.    513.    507.    551.    534.    468.    498.    498.    503.    510.    524.    482.    472.    503.    507.    455.    483.    520.    510.    490.    477.    498.    499.    510.    472.    483.    496.    479.    492.    520.    513.    504.    513.    541.    468.    489.    514.    520.    511.    502.    478.    492.    489.    499.    483.    518.    480.    449.    474.    489.    474.    498.    566.    486.    372.      5.      0.      0.      0.      0.      0.      0.      0.      0.      0.      0.      0.      0.      0.      0.      0.      0.      0.      0.      0.      0.      0.      0.      0.      0.      0.      0.      0.      0.      0.
      0.      0.      0.      0.      0.      0.      0.      0.      0.      0.      0.      0.      0.      0.      0.      0.      0.      0.      0.      0.      0.      0.      0.      0.      0.      0.      0.      0.      0.      0.     38.    438.    500.    496.    512.    489.    531.    518.    497.    500.    510.    506.    490.    500.    498.    519.    487.    464.    475.    510.    462.    501.    503.    470.    517.    499.    474.    497.    527.    471.    529.    470.    506.    475.    486.    465.    467.    496.    532.    502.    501.    514.    446.    484.    516.    505.    482.    514.    496.    491.    518.    477.    504.    492.    507.    483.    536.    476.    510.    503.    503.    468.    531.    505.    440.    441.    493.     50.      0.      0.      0.      0.      0.      0.      0.      0.      0.      0.      0.      0.      0.      0.      0.      0.      0.      0.      0.      0.      0.      0.      0.      0.      0.      0.      0.      0.      0.      0.
      0.      0.      0.      0.      0.      0.      0.      0.      0.      0.      0.      0.      0.      0.      0.      0.      0.      0.      0.      0.      0.      0.      0.      0.      0.      0.      0.      0.      0.      0.      0.     99.    486.    524.    479.    485.    521.    487.    484.    507.    498.    462.    504.    521.    483.    483.    518.    509.    516.    513.    508.    498.    446.    502.    538.    468.    485.    503.    490.    505.    476.    497.    500.    488.    502.    486.    513.    443.    471.    449.    495.    505.    493.    500.    502.    503.    516.    539.    505.    503.    455.    499.    509.    508.    531.    459.    521.    500.    471.    522.    525.    500.    499.    471.    533.    510.     90.      0.      0.      0.      0.      0.      0.      0.      0.      0.      0.      0.      0.      0.      0.      0.      0.      0.      0.      0.      0.      0.      0.      0.      0.      0.      0.      0.      0.      0.      0.      0.
      0.      0.      0.      0.      0.      0.      0.      0.      0.      0.      0.      0.      0.      0.      0.      0.      0.      0.      0.      0.      0.      0.      0.      0.      0.      0.      0.      0.      0.      0.      0.      0.    135.    453.    473.    495.    495.    503.    496.    449.    499.    497.    509.    509.    498.    514.    475.    513.    528.    509.    510.    504.    472.    494.    498.    459.    475.    520.    527.    470.    519.    469.    515.    510.    476.    525.    507.    503.    543.    526.    490.    489.    480.    501.    476.    491.    521.    504.    512.    504.    543.    478.    504.    491.    460.    477.    482.    495.    514.    479.    506.    527.    500.    507.    472.    167.      0.      0.      0.      0.      0.      0.      0.      0.      0.      0.      0.      0.      0.      0.      0.      0.      0.      0.      0.      0.      0.      0.      0.      0.      0.      0.      0.      0.      0.      0.      0.      0.
      0.      0.      0.      0.      0.      0.      0.      0.      0.      0.      0.      0.      0.      0.      0.      0.      0.      0.      0.      0.      0.      0.      0.      0.      0.      0.      0.      0.      0.      0.      0.      0.      0.    250.    469.    467.    511.    504.    511.    500.    517.    493.    473.    504.    467.    510.    490.    471.    483.    502.    506.    524.    517.    497.    493.    513.    543.    488.    463.    505.    530.    483.    518.    506.    465.    532.    532.    464.    497.    471.    505.    524.    447.    495.    534.    463.    469.    511.    477.    521.    488.    454.    507.    477.    473.    477.    475.    500.    483.    520.    532.    507.    493.    475.    215.      0.      0.      0.      0.      0.      0.      0.      0.      0.      0.      0.      0.      0.      0.      0.      0.      0.      0.      0.      0.      0.      0.      0.      0.      0.      0.      0.      0.      0.      0.      0.      0.      0.
      0.      0.      0.      0.      0.      0.      0.      0.      0.      0.      0.      0.      0.      0.      0.      0.      0.      0.      0.      0.      0.      0.      0.      0.      0.      0.      0.      0.      0.      0.      0.      0.      0.      0.    236.    512.    503.    497.    476.    512.    459.    490.    519.    509.    515.    523.    484.    470.    505.    541.    509.    524.    516.    503.    487.    538.    519.    481.    485.    481.    496.    519.    483.    486.    480.    500.    498.    524.    486.    506.    516.    500.    486.    508.    477.    500.    516.    525.    516.    506.    505.    504.    515.    471.    485.    470.    448.    512.    509.    514.    483.    483.    509.    233.      0.      0.      0.      0.      0.      0.      0.      0.      0.      0.      0.      0.      0.      0.      0.      0.      0.      0.      0.      0.      0.      0.      0.      0.      0.      0.      0.      0.      0.      0.      0.      0.      0.      0.
      0.      0.      0.      0.      0.      0.      0.      0.      0.      0.      0.      0.      0.      0.      0.      0.      0.      0.      0.      0.      0.      0.      0.      0.      0.      0.      0.      0.      0.      0.      0.      0.      0.      0.      0.    244.    491.    493.    469.    441.    493.    557.    466.    490.    476.    521.    512.    479.    506.    484.    509.    517.    503.    488.    519.    493.    519.    488.    503.    516.    496.    487.    466.    544.    475.    517.    512.    517.    496.    491.    525.    514.    461.    509.    501.    529.    539.    477.    494.    489.    489.    509.    531.    503.    482.    504.    483.    506.    492.    477.    527.    494.    276.      0.      0.      0.      0.      0.      0.      0.      0.      0.      0.      0.      0.      0.      0.      0.      0.      0.      0.      0.      0.      0.      0.      0.      0.      0.      0.      0.      0.      0.      0.      0.      0.      0.      0.      0.
      0.      0.      0.      0.      0.      0.      0.      0.      0.      0.      0.      0.      0.      0.      0.      0.      0.      0.      0.      0.      0.      0.      0.      0.      0.      0.      0.      0.      0.      0.      0.      0.      0.      0.      0.      0.    210.    484.    530.    456.    496.    507.    494.    469.    527.    500.    474.    495.    520.    504.    477.    489.    477.    522.    482.    515.    458.    519.    544.    506.    505.    511.    483.    533.    493.    546.    518.    486.    484.    509.    509.    477.    548.    497.    490.    519.    554.    507.    466.    483.    484.    522.    484.    474.    511.    479.    449.    486.    497.    504.    495.    242.      0.      0.      0.      0.      0.      0.      0.      0.      0.      0.      0.      0.      0.      0.      0.      0.      0.      0.      0.      0.      0.      0.      0.      0.      0.      0.      0.      0.      0.      0.      0.      0.      0.      0.      0.      0.
      0.      0.      0.      0.      0.      0.      0.      0.      0.      0.      0.      0.      0.      0.      0.      0.      0.      0.      0.      0.      0.      0.      0.      0.      0.      0.      0.      0.      0.      0.      0.      0.      0.      0.      0.      0.      0.    207.    467.    536.    512.    484.    492.    505.    526.    491.    489.    549.    515.    492.    522.    502.    492.    497.    486.    487.    509.    533.    480.    465.    488.    489.    485.    512.    484.    524.    500.    490.    509.    510.    461.    473.    528.    524.    477.    490.    517.    482.    493.    499.    503.    467.    486.    495.    488.    523.    450.    495.    508.    493.    191.      0.      0.      0.      0.      0.      0.      0.      0.      0.      0.      0.      0.      0.      0.      0.      0.      0.      0.      0.      0.      0.      0.      0.      0.      0.      0.      0.      0.      0.      0.      0.      0.      0.      0.      0.      0.      0.
      0.      0.      0.      0.      0.      0.      0.      0.      0.      0.      0.      0.      0.      0.      0.      0.      0.      0.      0.      0.      0.      0.      0.      0.      0.      0.      0.      0.      0.      0.      0.      0.      0.      0.      0.      0.      0.      0.    105.    426.    482.    494.    488.    503.    495.    519.    514.    527.    506.    498.    531.    480.    495.    482.    481.    509.    492.    489.    471.    486.    468.    516.    488.    488.    499.    510.    534.    489.    534.    474.    496.    454.    521.    523.    465.    487.    516.    452.    534.    502.    451.    483.    464.    467.    500.    487.    497.    451.    453.    120.      0.      0.      0.      0.      0.      0.      0.      0.      0.      0.      0.      0.      0.      0.      0.      0.      0.      0.      0.      0.      0.      0.      0.      0.      0.      0.      0.      0.      0.      0.      0.      0.      0.      0.      0.      0.      0.      0.
      0.      0.      0.      0.      0.      0.      0.      0.      0.      0.      0.      0.      0.      0.      0.      0.      0.      0.      0.      0.      0.      0.      0.      0.      0.      0.      0.      0.      0.      0.      0.      0.      0.      0.      0.      0.      0.      0.      0.     53.    394.    469.    463.    536.    476.    473.    501.    493.    507.    484.    516.    470.    522.    488.    448.    499.    480.    466.    508.    461.    482.    510.    531.    485.    479.    510.    487.    473.    502.    472.    524.    507.    520.    518.    498.    492.    513.    519.    515.    495.    501.    502.    534.    504.    497.    495.    471.    397.     66.      0.      0.      0.      0.      0.      0.      0.      0.      0.      0.      0.      0.      0.      0.      0.      0.      0.      0.      0.      0.      0.      0.      0.      0.      0.      0.      0.      0.      0.      0.      0.      0.      0.      0.      0.      0.      0.      0.      0.
      0.      0.      0.      0.      0.      0.      0.      0.      0.      0.      0.      0.      0.      0.      0.      0.      0.      0.      0.      0.      0.      0.      0.      0.      0.      0.      0.      0.      0.      0.      0.      0.      0.      0.      0.      0.      0.      0.      0.      0.      8.    272.    497.    474.    510.    479.    474.    522.    488.    517.    515.    483.    442.    454.    517.    505.    520.    493.    501.    467.    473.    516.    506.    537.    523.    491.    501.    522.    522.    514.    507.    497.    530.    480.    465.    461.    507.    523.    467.    448.    505.    553.    473.    504.    506.    501.    296.      8.      0.      0.      0.      0.      0.      0.      0.      0.      0.      0.      0.      0.      0.      0.      0.      0.      0.      0.      0.      0.      0.      0.      0.      0.      0.      0.      0.      0.      0.      0.      0.      0.      0.      0.      0.      0.      0.      0.      0.      0.
      0.      0.      0.      0.      0.      0.      0.      0.      0.      0.      0.      0.      0.      0.      0.      0.      0.      0.      0.      0.      0.      0.      0.      0.      0.      0.      0.      0.      0.      0.      0.      0.      0.      0.      0.      0.      0.      0.      0.      0.      0.      0.    108.    406.    520.    471.    491.    485.    476.    509.    549.    463.    493.    507.    517.    551.    496.    508.    466.    512.    516.    479.    519.    527.    482.    500.    510.    455.    483.    514.    465.    520.    510.    480.    497.    496.    481.    503.    525.    538.    501.    486.    487.    489.    406.    126.      0.      0.      0.      0.      0.      0.      0.      0.      0.      0.      0.      0.      0.      0.      0.      0.      0.      0.      0.      0.      0.      0.      0.      0.      0.      0.      0.      0.      0.      0.      0.      0.      0.      0.      0.      0.      0.      0.      0.      0.      0.      0.
      0.      0.      0.      0.      0.      0.      0.      0.      0.      0.      0.      0.      0.      0.      0.      0.      0.      0.      0.      0.      0.      0.      0.      0.      0.      0.      0.      0.      0.      0.      0.      0.      0.      0.      0.      0.      0.      0.      0.      0.      0.      0.      0.     15.    240.    448.    506.    492.    496.    508.    473.    496.    504.    490.    490.    516.    502.    482.    484.    509.    460.    489.    504.    447.    486.    532.    467.    514.    468.    551.    485.    488.    521.    472.    480.    513.    527.    474.    517.    485.    502.    523.    495.    265.     10.      0.      0.      0.      0.      0.      0.      0.      0.      0.      0.      0.      0.      0.      0.      0.      0.      0.      0.      0.      0.      0.      0.      0.      0.      0.      0.      0.      0.      0.      0.      0.      0.      0.      0.      0.      0.      0.      0.      0.      0.      0.      0.      0.
      0.      0.      0.      0.      0.      0.      0.      0.      0.      0.      0.      0.      0.      0.      0.      0.      0.      0.      0.      0.      0.      0.      0.      0.      0.      0.      0.      0.      0.      0.      0.      0.      0.      0.      0.      0.      0.      0.      0.      0.      0.      0.      0.      0.      0.     47.    292.    506.    488.    483.    502.    545.    502.    474.    526.    473.    463.    498.    519.    504.    475.    490.    492.    500.    520.    497.    491.    518.    522.    483.    507.    472.    490.    486.    478.    511.    473.    495.    475.    480.    482.    288.     51.      0.      0.      0.      0.      0.      0.      0.      0.      0.      0.      0.      0.      0.      0.      0.      0.      0.      0.      0.      0.      0.      0.      0.      0.      0.      0.      0.      0.      0.      0.      0.      0.      0.      0.      0.      0.      0.      0.      0.      0.      0.      0.      0.      0.      0.
      0.      0.      0.      0.      0.      0.      0.      0.      0.      0.      0.      0.      0.      0.      0.      0.      0.      0.      0.      0.      0.      0.      0.      0.      0.      0.      0.      0.      0.      0.      0.      0.      0.      0.      0.      0.      0.      0.      0.      0.      0.      0.      0.      0.      0.      0.      0.     72.    283.    462.    521.    517.    512.    477.    497.    456.    525.    479.    515.    488.    517.    505.    474.    482.    508.    479.    468.    513.    463.    469.    497.    472.    476.    472.    519.    501.    508.    483.    462.    291.     56.      0.      0.      0.      0.      0.      0.      0.      0.      0.      0.      0.      0.      0.      0.      0.      0.      0.      0.      0.      0.      0.      0.      0.      0.      0.      0.      0.      0.      0.      0.      0.      0.      0.      0.      0.      0.      0.      0.      0.      0.      0.      0.      0.      0.      0.      0.      0.
      0.      0.      0.      0.      0.      0.      0.      0.      0.      0.      0.      0.      0.      0.      0.      0.      0.      0.      0.      0.      0.      0.      0.      0.      0.      0.      0.      0.      0.      0.      0.      0.      0.      0.      0.      0.      0.      0.      0.      0.      0.      0.      0.      0.      0.      0.      0.      0.      0.     21.    191.    375.    508.    480.    493.    516.    515.    508.    509.    509.    436.    486.    468.    502.    486.    503.    510.    502.    502.    492.    474.    491.    532.    488.    483.    518.    387.    215.     31.      0.      0.      0.      0.      0.      0.      0.      0.      0.      0.      0.      0.      0.      0.      0.      0.      0.      0.      0.      0.      0.      0.      0.      0.      0.      0.      0.      0.      0.      0.      0.      0.      0.      0.      0.      0.      0.      0.      0.      0.      0.      0.      0.      0.      0.      0.      0.      0.      0.
      0.      0.      0.      0.      0.      0.      0.      0.      0.      0.      0.      0.      0.      0.      0.      0.      0.      0.      0.      0.      0.      0.      0.      0.      0.      0.      0.      0.      0.      0.      0.      0.      0.      0.      0.      0.      0.      0.      0.      0.      0.      0.      0.      0.      0.      0.      0.      0.      0.      0.      0.      0.     76.    215.    356.    506.    519.    526.    471.    463.    467.    500.    521.    488.    501.    463.    489.    534.    533.    508.    503.    487.    448.    364.    220.     78.      0.      0.      0.      0.      0.      0.      0.      0.      0.      0.      0.      0.      0.      0.      0.      0.      0.      0.      0.      0.      0.      0.      0.      0.      0.      0.      0.      0.      0.      0.      0.      0.      0.      0.      0.      0.      0.      0.      0.      0.      0.      0.      0.      0.      0.      0.      0.      0.      0.      0.      0.      0.
      0.      0.      0.      0.      0.      0.      0.      0.      0.      0.      0.      0.      0.      0.      0.      0.      0.      0.      0.      0.      0.      0.      0.      0.      0.      0.      0.      0.      0.      0.      0.      0.      0.      0.      0.      0.      0.      0.      0.      0.      0.      0.      0.      0.      0.      0.      0.      0.      0.      0.      0.      0.      0.      0.      0.     10.    104.    222.    259.    339.    404.    476.    471.    475.    531.    485.    456.    396.    372.    309.    203.    100.     14.      0.      0.      0.      0.      0.      0.      0.      0.      0.      0.      0.      0.      0.      0.      0.      0.      0.      0.      0.      0.      0.      0.      0.      0.      0.      0.      0.      0.      0.      0.      0.      0.      0.      0.      0.      0.      0.      0.      0.      0.      0.      0.      0.      0.      0.      0.      0.      0.      0.      0.      0.      0.      0.      0.      0.
