      1.      4.      5.      6.      7.      4.      3.      4.      3.      5.      5.      3.      8.      1.      6.      2.      6.      6.      4.      0.      0.      5.      3.      4.      2.      2.      3.      4.      3.      4.      2.      4.      4.      3.      6.      1.      5.      5.      4.      3.      5.     11.     13.     27.     24.     39.     58.     45.     50.     52.     40.     42.     49.     66.     56.     57.     56.     58.     70.     65.     47.     69.     88.     69.     70.    108.     93.    102.    107.    108.    103.    111.    139.    142.    130.    130.    140.    157.    161.    127.    166.    165.    172.    179.    173.    153.    177.    146.    150.    173.    156.    135.    133.    148.    133.    128.    145.    145.    136.    136.    136.    127.    134.    120.    121.    109.    104.     89.     91.    105.     78.     90.     69.     58.     83.     52.     62.     71.     55.     55.     61.     55.     48.     56.     58.     60.     46.     60.     51.     39.     39.     48.     41.     44.     27.     35.     34.     32.     23.     12.     11.     10.      5.      4.      2.      3.      5.      4.      1.      3.      4.      6.      6.      2.      3.      3.      6.      5.      2.      7.      1.      7.      3.      7.      3.      7.      3.      2.      4.      5.      2.      5.      5.      1.      6.      9.      1.      3.      5.      4.      1.      5.
      2.      3.      5.     10.      5.      5.      4.      4.     10.      3.      5.      5.      7.      4.      2.      2.      4.     11.      5.      6.      2.      5.      5.      2.      1.      4.      4.      6.      3.      8.      4.      1.      4.      7.      6.      6.      8.      8.      6.      5.      7.      7.     19.     17.     26.     38.     42.     34.     42.     46.     52.     39.     47.     49.     43.     57.     50.     63.     59.     67.     75.     63.     64.     74.     94.     81.     87.     99.    121.    113.    112.    125.     86.    141.    125.    133.    134.    152.    140.    159.    173.    181.    159.    185.    174.    154.    148.    175.    172.    161.    134.    135.    155.    142.    154.    159.    142.    141.    131.    142.    152.    134.    106.    152.    123.    107.     96.    101.    116.    115.    111.     78.    108.     72.     97.     71.     66.     65.     61.     59.     55.     62.     55.     51.     62.     53.     41.     58.     51.     41.     45.     51.     44.     33.     38.     35.     40.     32.     14.      9.     12.      8.      9.      3.      5.      3.      8.      2.      5.      3.      4.      6.      5.      3.      3.      2.      4.      7.      4.      2.      3.      4.      4.      6.      4.      6.      3.      4.      3.      2.      4.      3.      4.      5.      4.      3.      3.      1.      3.      4.      7.      5.
      3.      2.      3.      5.      2.      2.      4.      1.      1.      3.      1.      3.      3.      4.      8.      4.      3.      6.      1.      6.      4.      6.      5.      3.      3.      6.      2.      3.      5.      9.      7.      3.      3.      4.      2.      3.      0.      2.      9.      5.      8.     18.     14.     22.     33.     31.     46.     55.     46.     50.     47.     54.     50.     44.     49.     51.     52.     63.     48.     62.     56.     60.     60.     75.     87.     77.     99.    130.     87.    111.    130.    120.    111.    109.    131.    112.    159.    134.    154.    168.    151.    157.    160.    140.    146.    158.    131.    126.    146.    151.    144.    144.    162.    144.    133.    140.    124.    136.    152.    141.    134.    147.    152.    132.    123.    124.    126.    124.     88.     98.     96.     93.    101.    104.    100.     68.     86.     73.     71.     57.     63.     59.     62.     71.     64.     51.     53.     42.     53.     46.     40.     51.     35.     42.     39.     25.     29.     38.     24.     19.     10.     10.      5.      4.      7.      3.      7.      5.      6.      4.      2.      6.      2.      6.      2.      3.      4.      8.      1.      5.      2.      9.      8.      4.      4.      5.      3.      5.      4.      3.      7.      5.      5.      4.      2.      3.      4.      1.      4.      5.      8.      4.
      2.      2.      4.      5.      6.      2.      3.      6.      6.      5.      2.      2.      3.      3.      4.      6.      2.      4.      2.      1.      7.      2.      1.      3.      5.      4.      4.      5.      2.      5.      6.      6.      4.      5.      3.      1.      4.      2.      7.     13.      7.     16.     19.     22.     32.     31.     36.     42.     35.     45.     39.     51.     53.     56.     49.     55.     64.     58.     57.     49.     59.     64.     69.     63.     75.     78.     99.     93.     96.    109.     97.    109.    133.    147.    132.    127.    145.    155.    160.    171.    141.    148.    131.    135.    155.    131.    156.    157.    127.    169.    138.    136.    140.    140.    144.    148.    125.    150.    141.    142.    136.    147.    148.    150.    134.    130.    128.     92.    117.    109.    108.    100.     80.     89.     98.     74.     63.     77.     75.     63.     63.     48.     60.     59.     59.     48.     55.     48.     56.     44.     52.     51.     44.     41.     47.     39.     41.     31.     36.     24.      9.      4.      8.      6.      0.      3.      3.      8.      2.      6.      4.      2.      5.      1.      6.      3.      2.     10.      4.      8.      3.      2.      3.      1.      4.      1.      5.      4.      4.      4.      2.      4.      7.      2.      8.      4.      3.      6.      6.      4.      2.      5.
      2.      3.      4.      1.      1.      6.      4.      6.      1.      5.      4.      3.      5.      3.      6.      4.      1.      2.      4.      3.      3.      7.      4.      4.      5.      2.      2.      4.      7.      2.      5.      3.      5.      7.     10.      7.      2.      4.      8.     12.     12.     13.     20.     38.     47.     41.     38.     36.     54.     33.     54.     43.     49.     46.     51.     59.     54.     62.     36.     52.     53.     74.     69.     72.     82.     94.     85.    121.     98.    106.    109.    115.    130.    139.    123.    131.    155.    124.    137.    140.    128.    155.    158.    141.    132.    115.    153.    154.    151.    168.    142.    140.    150.    142.    127.    148.    145.    158.    121.    145.    162.    133.    150.    157.    142.    136.    117.    131.    114.    110.    101.     96.    109.     80.     80.     89.     57.     66.     67.     68.     62.     61.     53.     63.     61.     46.     58.     56.     47.     56.     46.     52.     39.     47.     39.     41.     36.     25.     24.     16.     13.     12.      9.      5.      3.      5.      5.      1.      4.      4.      4.      7.      2.      8.      2.      7.      8.      6.      4.      4.      6.      3.      4.      2.      1.      4.      8.      6.      2.      1.      5.      7.      5.      4.      5.      4.      5.      3.      5.      2.      4.      4.
      2.      6.      5.      6.      7.      5.      2.      3.      4.      6.      2.      2.      1.      5.      2.      6.      3.      6.      2.      4.      2.      5.      4.      5.      6.      3.      1.      3.      3.      6.      5.      2.      8.      1.      8.      3.      5.      8.      5.      4.     10.     20.     26.     40.     36.     41.     31.     36.     52.     48.     54.     43.     42.     53.     48.     47.     60.     69.     47.     57.     49.     50.     63.     72.     57.     79.     90.     86.    100.    111.    133.    135.    132.    133.    151.    149.    130.    123.    169.    153.    132.    152.    146.    133.    142.    173.    147.    149.    139.    146.    141.    142.    150.    136.    149.    131.    157.    132.    150.    161.    147.    141.    154.    147.    149.    153.    123.    135.    133.    130.    114.     94.    104.     94.     85.     72.     65.     68.     67.     72.     75.     55.     52.     44.     48.     44.     55.     54.     40.     51.     51.     45.     39.     39.     52.     50.     38.     37.     25.     18.     11.     11.     11.      5.      6.      5.      4.      4.      8.      6.      2.      2.      5.      5.      7.      4.      6.      5.      4.      1.      5.      1.      1.      3.      5.      4.      4.      3.      2.      3.      3.      5.      3.      3.      3.      1.      5.      1.      5.      0.      4.      1.
      2.      4.      3.      7.      2.      5.      1.      6.      3.      3.      1.      3.      2.      3.      5.      3.      6.      7.      4.      3.      2.      4.      2.      2.      7.      3.      3.      4.      5.      6.      4.      3.      1.      5.      4.      3.      3.      6.      7.     12.     13.     23.     21.     26.     44.     35.     38.     39.     47.     41.     42.     57.     63.     55.     58.     52.     52.     72.     63.     56.     64.     59.     72.     62.     79.     90.     70.     81.    107.    114.    119.    138.    139.    141.    134.    139.    141.    149.    125.    131.    134.    131.    107.    141.    138.    138.    119.    137.    120.    120.    136.    120.    143.    129.    153.    134.    136.    142.    143.    146.    144.    143.    163.    131.    160.    151.    145.    141.    117.    111.    118.    117.     90.    111.     94.     85.     73.     88.     74.     69.     53.     57.     61.     54.     56.     52.     55.     48.     55.     46.     51.     51.     40.     38.     38.     51.     27.     37.     29.     27.     15.      8.     10.      4.      8.      4.      9.      4.      4.      5.      4.      4.      2.      2.      2.      4.      7.      4.      4.      2.      5.      5.      2.      2.      3.      4.      8.      2.      5.      3.      0.      3.      8.      5.      7.      3.      5.      7.      2.      3.      6.      4.
      7.      5.      7.      5.      1.      1.      7.      3.      2.      1.      4.      6.      6.      6.      7.      3.      3.      1.      5.      2.      1.      3.      7.      3.      3.      2.      3.      3.      2.     10.      3.      3.      7.      5.      6.      2.      3.      2.      9.     14.      8.     29.     33.     39.     41.     33.     34.     48.     47.     42.     44.     45.     58.     59.     52.     48.     56.     52.     67.     49.     39.     74.     75.     66.     72.     89.     94.    106.    139.    129.    125.    143.    123.    149.    137.    138.    138.    157.    133.    148.    105.    150.    154.    137.    144.    124.    120.    112.    133.    133.    121.    132.    121.    139.    132.    156.    147.    181.    157.    145.    138.    136.    162.    168.    137.    155.    134.    137.    134.    113.    123.    121.    121.    114.    103.     90.     81.     77.     89.     59.     72.     64.     62.     67.     59.     59.     50.     49.     51.     50.     43.     52.     25.     38.     44.     39.     44.     40.     30.     23.     22.     17.      7.      8.      5.      6.      7.      8.      3.      3.      3.      5.      5.      4.      6.      7.      6.      2.      0.      3.      4.      2.      4.      3.      2.      2.      4.      6.      6.      1.      5.      9.      0.      3.      5.      3.      8.      1.      5.      5.      1.      5.
      1.      5.      4.      5.      7.      3.      2.      2.      4.      6.      5.      5.      7.      3.      1.      4.      6.      5.      2.      8.      3.      5.      2.      4.      7.      5.      2.      3.      5.      3.      6.      7.      3.      4.      1.      3.      4.      6.     10.     10.     21.     31.     32.     30.     37.     47.     47.     44.     42.     43.     40.     48.     51.     51.     51.     47.     52.     72.     58.     60.     54.     64.     60.     65.     54.     85.     91.    112.    110.    109.    124.    123.    126.    126.    121.    134.    119.    109.    130.    140.    155.    126.    127.    129.    111.    111.    134.    121.    131.    157.    147.    145.    114.    163.    132.    146.    146.    138.    150.    153.    156.    157.    147.    159.    145.    158.    140.    134.    146.    162.    150.    130.    152.    144.    116.     97.     88.     84.     88.     79.     61.     54.     58.     59.     47.     54.     54.     46.     56.     56.     42.     54.     42.     40.     42.     41.     37.     35.     29.     20.     23.     18.     17.      7.      5.      6.      4.      4.      3.      2.      5.      3.      5.      6.      2.      3.      3.      2.      4.      1.      2.      3.      5.      3.      4.      3.      3.      2.      2.      2.      5.      2.     10.      3.      1.      2.      7.      2.      5.      3.      1.      5.
      2.      2.      7.      5.      5.      6.      1.      4.      3.      3.      2.      2.      5.      4.      4.      3.      2.      3.      5.      4.      0.      2.      3.      6.      7.      4.      4.      4.      6.      4.      3.      4.      2.      2.      6.      8.      6.      4.     13.     20.     27.     35.     31.     33.     37.     48.     39.     45.     54.     38.     61.     55.     46.     73.     61.     56.     51.     64.     51.     62.     59.     65.     63.     83.     55.     85.    104.    100.    109.    134.    113.    129.    113.    148.    139.    132.    128.    139.    171.    149.    129.    128.    125.     98.    117.    102.    107.    113.    113.    114.    132.    121.    129.    149.    136.    146.    147.    155.    175.    171.    182.    153.    161.    154.    151.    158.    137.    153.    157.    129.    120.    135.    120.    137.    120.    108.     82.     85.     83.     64.     76.     59.     52.     59.     65.     63.     55.     43.     58.     57.     58.     62.     31.     57.     53.     29.     36.     33.     29.     40.     27.     24.     16.      8.     10.      6.      6.      6.      1.      2.      3.      1.      2.      6.      5.      5.      6.      2.      5.      5.      6.      3.      2.      5.      5.      3.      7.      2.      3.      4.      3.      3.      1.      5.      1.      5.      3.      3.      5.      2.      6.      5.
     10.      8.      6.      1.      2.      3.      5.      2.      1.      3.      5.      5.      1.      5.      3.      6.      1.      7.      4.      5.      1.      2.      4.      2.      4.      8.      8.      5.      5.      6.      4.      0.      1.      4.      6.      7.      6.      7.     18.     20.     36.     49.     46.     31.     49.     42.     44.     49.     42.     50.     42.     53.     61.     57.     57.     52.     43.     75.     58.     62.     62.     55.     76.     84.     80.     71.    105.     93.    112.    129.    113.    130.    118.    123.    126.    149.    148.    121.    120.    125.    114.    121.     94.    123.    127.    113.    107.    103.    107.    135.    125.    138.    147.    143.    145.    119.    148.    154.    151.    153.    168.    148.    155.    157.    145.    155.    154.    144.    153.    132.    142.    128.    115.    135.    124.    121.     97.    110.     80.     83.     67.     85.     58.     70.     55.     41.     45.     46.     51.     55.     39.     48.     34.     40.     42.     47.     55.     30.     29.     33.     25.     32.     14.     17.      8.     18.      7.      2.      3.      5.      1.      4.      3.      2.      4.      2.      2.      2.      7.      4.      1.      5.      3.      2.      2.      4.      6.      2.      6.      3.      2.      4.      3.      4.      7.      4.      2.      1.      2.      4.      5.      5.
      4.      1.      4.      7.      4.      4.      7.      5.      3.      1.      1.      4.      5.      2.      3.      5.      3.      2.      3.      8.      8.      1.      3.      3.      6.      2.      2.      3.      3.      4.      4.      2.      5.      2.      4.      8.      8.     16.     20.     28.     45.     33.     35.     40.     39.     61.     53.     49.     59.     39.     59.     46.     60.     54.     53.     49.     46.     56.     63.     61.     72.     63.     74.     85.     80.     88.     98.     96.     90.    109.    115.    116.    130.    144.    130.    103.    117.    126.    141.    122.    103.    107.    125.    100.    106.    112.    127.    140.    111.    136.    123.    133.    142.    128.    143.    144.    137.    150.    139.    170.    166.    121.    141.    152.    147.    139.    151.    136.    172.    152.    148.    118.    164.    149.    122.    137.     95.    102.     90.     83.     74.     72.     59.     63.     49.     40.     64.     44.     43.     42.     58.     46.     40.     43.     48.     48.     43.     50.     26.     38.     42.     35.     19.     20.     10.      5.      9.      7.      4.      8.      6.      5.      1.      9.      2.      5.      3.      3.      2.      9.      2.      3.      4.      1.      2.      3.      5.      5.      5.      6.      4.      4.      5.      3.      2.      1.      4.      2.      4.      2.      5.      3.
      3.      4.      1.      5.      3.     10.      5.      5.      1.      3.      7.      3.      6.      0.      6.      1.      6.      6.      7.      4.      6.      3.      6.      2.      2.      6.      5.      2.      6.      3.      5.      6.      3.      8.      9.      6.     18.     29.     16.     27.     41.     36.     49.     31.     44.     41.     51.     44.     38.     47.     58.     50.     48.     67.     56.     59.     57.     67.     62.     60.     62.     68.     62.     55.     71.     74.     93.    117.    119.    122.    102.    147.    125.    132.    116.    150.    110.    119.    137.    112.    116.    121.     96.    110.    122.    111.    120.    106.    119.    116.    122.    105.    135.    126.    142.    126.    144.    150.    140.    131.    139.    152.    130.    155.    133.    146.    157.    153.    125.    168.    155.    138.    145.    137.    125.    143.    126.    118.    112.    100.     83.     70.     62.     74.     47.     66.     66.     52.     44.     47.     58.     51.     44.     38.     51.     46.     36.     47.     37.     38.     45.     20.     24.     11.     19.     10.     11.      5.      3.      4.      7.      3.      5.      9.      6.      4.      2.      4.      7.      7.      0.      4.      2.      3.      4.      2.      2.      4.      3.      4.      7.      3.      1.      7.      3.      3.      5.      4.      4.     10.      6.      1.
      0.      3.      3.      0.      3.      4.      5.      4.      4.      5.      5.      2.      3.      4.      5.      2.      2.     10.      4.      6.      7.      5.      3.     10.      3.      2.      8.      4.      5.      3.      3.      6.      2.      3.     12.     13.     15.     13.     25.     36.     42.     37.     44.     49.     41.     64.     53.     48.     43.     46.     52.     57.     45.     60.     49.     61.     63.     67.     73.     71.     80.     82.     64.     88.     67.     92.    104.    107.    103.    109.    110.    138.    136.    109.    116.    118.    121.    129.    103.    117.    101.    100.    109.    108.    145.    109.    103.    125.    123.    119.    117.    143.    153.    148.    149.    141.    157.    139.    175.    131.    161.    150.    159.    189.    143.    160.    147.    161.    154.    171.    149.    145.    161.    165.    151.    124.    117.    118.    111.    114.    100.    100.     77.     62.     70.     58.     69.     60.     38.     45.     50.     55.     48.     45.     56.     38.     43.     36.     39.     40.     42.     33.     27.     28.     17.     13.     14.      9.      6.      3.      5.      6.      3.      3.      6.      5.      2.      3.      7.      5.      1.      4.      4.      4.      4.      3.      7.      3.      2.      7.      2.      2.      6.      7.      1.      0.      3.      6.      3.      3.      4.      2.
      4.      4.      5.      5.      4.      2.      4.      5.      2.      1.      2.      3.      6.      5.      2.      6.      3.      5.      4.      3.      2.      2.      4.      5.      2.      3.      9.      5.      4.      5.      3.      2.      3.      9.      8.     21.     20.     23.     33.     40.     26.     38.     34.     44.     46.     34.     55.     59.     45.     48.     48.     50.     45.     65.     56.     55.     61.     83.     74.     67.     68.     63.     57.     69.     88.     91.     89.    107.     99.    110.    107.    110.    116.     94.    105.     91.    123.    103.    103.    107.    104.    110.    106.    108.     93.    112.    126.    134.    127.    109.    111.     96.    136.    151.    129.    131.    150.    156.    142.    157.    160.    178.    148.    164.    159.    155.    151.    163.    162.    148.    135.    153.    144.    161.    138.    131.    122.    124.    129.    113.    105.     90.    101.     77.     82.     68.     58.     58.     60.     56.     57.     44.     58.     49.     53.     53.     50.     42.     35.     39.     30.     37.     35.     27.     25.     21.     17.     13.      8.      5.      5.      4.      2.      4.      3.      6.      6.      5.      7.      6.      1.      1.      2.      4.      5.      3.      3.      2.      3.      3.      4.      5.      3.      1.      3.      6.      3.      8.      4.      3.      5.      5.
      4.      3.      4.      0.      3.      3.      3.      1.      5.      5.      4.      1.      3.      3.      8.      2.      4.      3.      5.      3.      4.      2.      9.      7.      4.      6.      3.      6.      1.      6.      3.      1.      5.      9.     21.     11.     30.     27.     29.     34.     40.     48.     48.     30.     49.     57.     50.     45.     54.     51.     65.     70.     60.     49.     63.     73.     60.     75.     75.     79.     58.     69.     82.     78.     58.     83.     97.    128.    130.    112.     99.    110.    114.    127.    108.    112.    102.    107.    114.    113.    115.    101.    105.    116.    123.    141.    131.    126.    119.    128.    114.    108.    119.    136.    135.    146.    146.    135.    140.    151.    128.    152.    155.    151.    156.    176.    156.    155.    157.    139.    148.    155.    130.    143.    153.    123.    155.    140.    130.    137.    102.     99.    109.     80.     71.     65.     62.     58.     61.     47.     50.     52.     53.     42.     56.     47.     44.     41.     46.     46.     47.     39.     36.     26.     28.     25.     24.     13.     10.      6.      6.      5.      6.      5.      7.      5.      6.      4.      5.      3.      3.      4.      4.      4.      2.      6.      2.      5.      7.      3.      5.      2.      3.     10.      6.      4.      6.      1.      3.      4.      6.      8.
      3.      4.      2.      2.      8.      4.      5.      1.      4.      3.      1.      1.      6.      7.      6.      7.      7.      6.      4.      6.      2.      4.      1.      2.      6.      6.      3.      5.      1.      4.      4.      5.     10.      9.     14.     24.     32.     38.     38.     31.     45.     41.     32.     50.     37.     42.     53.     46.     57.     51.     53.     60.     76.     54.     69.     65.     74.     75.     75.     74.     76.     56.     81.     70.     84.     88.    121.    111.    101.    105.     93.     96.     98.    123.    114.    105.     96.     90.    106.    103.     82.    110.    115.    108.    123.    120.    136.    120.    135.    138.    124.    118.    139.    143.    131.    145.    151.    144.    151.    184.    160.    140.    169.    146.    160.    167.    132.    183.    165.    134.    156.    157.    135.    154.    141.    165.    144.    150.    144.    128.    106.    119.    109.     96.     74.     86.     68.     66.     52.     50.     57.     62.     61.     47.     39.     44.     57.     30.     38.     39.     48.     36.     34.     25.     21.     23.     21.     12.     11.     12.      5.      8.      3.      5.      5.      7.      5.      3.      3.      3.      2.      3.      3.      1.      2.      5.      2.      3.      5.      5.      6.      5.      5.      4.      2.      2.      2.      8.      3.      2.      5.      5.
      3.      4.      2.      4.      3.      0.      6.      9.      2.      2.      4.      3.      1.      6.      4.      7.      1.      4.      0.      6.      0.      4.      4.      3.      3.      7.      3.      2.      5.      8.      1.      3.      9.      8.     28.     26.     32.     25.     35.     31.     49.     38.     53.     48.     42.     55.     51.     62.     54.     51.     40.     59.     65.     75.     68.     61.     71.     83.     60.     57.     87.     77.     69.     98.     81.    105.     92.     88.    100.     86.     83.    102.    107.     90.    116.    105.    103.     91.     93.     93.    113.    106.    113.    138.    148.    141.    136.    118.    125.    120.    103.    127.    128.    124.    138.    141.    134.    156.    168.    153.    166.    148.    156.    162.    165.    156.    150.    151.    158.    176.    151.    151.    151.    153.    128.    167.    165.    151.    141.    153.    139.    117.    109.     97.     94.     87.     71.     60.     51.     47.     60.     48.     44.     48.     57.     52.     36.     47.     49.     49.     43.     35.     43.     36.     26.     36.     32.     32.     19.     13.      5.      6.      9.      5.      6.      1.      0.      9.      2.      4.      7.      3.      5.      2.      5.      5.      1.      6.      4.      5.      3.      4.      5.      3.      6.      4.      3.      3.      5.      1.      6.      3.
      6.      0.      3.      6.      2.      3.      0.      2.      4.      3.      3.      3.      4.      5.      4.      6.      2.      2.      4.      3.      1.      6.      7.      3.      7.      6.      2.      2.      7.      5.     11.      7.      8.     14.     27.     22.     36.     36.     47.     47.     53.     49.     49.     47.     52.     41.     46.     60.     58.     55.     52.     55.     58.     71.     62.     72.     62.     78.     69.     68.     85.     73.     87.     74.     78.     87.     90.     83.     99.     82.     70.    105.    119.    104.    112.     88.     98.    132.     97.     98.    106.    123.    116.    108.    148.    120.    129.    115.    168.    122.    120.    126.    135.    131.    112.    137.    144.    133.    148.    174.    140.    136.    150.    123.    124.    158.    151.    174.    143.    164.    168.    147.    136.    161.    166.    142.    130.    146.    131.    158.    135.    121.    128.    111.    105.     94.     71.     89.     71.     53.     56.     61.     43.     50.     45.     49.     42.     49.     41.     52.     54.     43.     44.     30.     38.     41.     27.     26.     26.     12.     12.     11.      3.      5.      3.      5.      7.      1.      3.      4.      6.      6.      6.      4.      4.      3.      4.      6.      4.      5.      2.      6.      5.      2.      2.      4.      4.      2.      3.      3.      7.      4.
      4.      5.      6.      2.      1.      5.      4.      3.      1.      4.      5.      8.      5.      4.      4.      3.      7.      5.      5.      3.      1.      5.      7.      5.      2.      5.      1.      6.      4.      4.      9.      8.     15.     16.     27.     32.     30.     41.     50.     45.     40.     34.     40.     57.     55.     55.     52.     52.     61.     49.     57.     64.     60.     71.     60.     75.     66.     88.     76.     60.     73.     68.     76.     86.     78.     93.     82.    105.     82.     88.     85.    100.    108.     87.    105.     98.     95.    120.    102.     96.    100.    123.    111.    108.    146.    110.    136.    129.    142.    130.    110.    116.    121.    118.    131.    148.    126.    134.    129.    193.    151.    168.    160.    152.    153.    173.    171.    153.    163.    161.    148.    154.    158.    168.    166.    168.    150.    153.    144.    137.    154.    144.    120.     98.    107.     82.     97.     87.     57.     66.     57.     58.     50.     71.     56.     57.     47.     51.     53.     37.     40.     42.     28.     31.     43.     42.     39.     27.     20.     15.     16.      9.      7.      9.      4.      5.      6.      6.      4.      3.      6.      3.      5.      5.      4.      7.      2.      2.      4.      4.      2.      4.      2.      5.      1.      0.      5.      3.      2.      5.      1.      4.
      7.      6.      3.      3.      4.      5.      4.      1.      5.      5.      2.      4.      3.      3.      1.      4.      4.      3.      8.      5.      3.      3.      5.      2.      3.      5.      2.      7.      6.      3.     10.     17.     28.     31.     37.     29.     39.     27.     37.     40.     59.     48.     42.     44.     55.     48.     60.     43.     62.     54.     71.     72.     72.     75.     62.     61.     66.     75.     69.     72.     72.     67.     73.     58.     74.     62.     92.     87.     96.     76.     85.     94.    116.     91.     93.     97.     98.     86.     83.    100.    103.    101.    129.    127.    113.    106.    121.    129.    124.    122.    106.    110.    126.    124.    110.    125.    146.    121.    147.    160.    171.    134.    162.    154.    158.    162.    168.    156.    179.    158.    176.    178.    182.    153.    165.    166.    135.    150.    166.    159.    142.    119.    119.    115.    128.    115.     94.     91.     65.     67.     69.     60.     40.     63.     58.     56.     44.     50.     45.     48.     47.     48.     34.     40.     33.     49.     33.     23.     30.     20.     17.     15.     15.      6.      3.      7.      4.      4.      3.      3.      5.      3.      6.      2.      9.      2.      4.      4.      3.      4.      3.      1.      4.      1.      2.      0.      4.      7.      3.      6.      3.      4.
      4.      3.      3.      4.      3.      4.      1.      3.      6.      6.      6.      5.      2.      1.      3.      2.      4.      4.      3.      5.      3.      3.      4.      3.      4.      5.      7.      6.      3.     10.     13.     21.     23.     27.     34.     35.     42.     50.     35.     44.     37.     46.     35.     47.     39.     53.     53.     45.     45.     54.     81.     58.     73.     68.     76.     69.     73.     84.     74.     58.     61.     65.     71.     60.     73.     60.     87.     96.     88.    102.     98.     78.     92.     96.     85.     97.    103.     95.    105.    103.     90.     95.    121.    133.    112.    114.    133.    109.    115.     93.    115.    114.    113.    124.    119.    123.    124.    140.    153.    171.    154.    152.    162.    162.    178.    145.    157.    179.    155.    172.    171.    144.    148.    169.    136.    158.    146.    156.    138.    154.    142.    147.    114.    130.    139.    106.     95.    102.     99.     83.     56.     65.     46.     41.     45.     59.     55.     54.     49.     49.     43.     42.     53.     44.     43.     32.     36.     35.     23.     30.     15.     18.     17.     11.      8.      6.      2.      1.      4.      6.      4.      2.      5.      6.      3.      6.      5.      9.      3.      5.      2.      3.      2.      3.      4.      1.      1.      6.      4.      3.      2.      3.
      3.      1.      4.      7.      3.      6.      3.      3.      4.      5.      5.      3.      4.      0.      3.      6.      2.      2.      4.      6.      3.     11.      3.      6.      9.      1.      6.      3.      6.     12.     27.     20.     29.     23.     28.     26.     45.     30.     52.     47.     51.     42.     59.     44.     36.     53.     60.     40.     65.     56.     66.     64.     79.     86.     83.     72.     70.     85.     72.     55.     55.     64.     64.     68.     58.     73.     79.     72.     61.     94.     89.     78.    100.    109.     73.     82.     85.    106.     90.    118.    102.    114.    124.    122.    120.    130.    131.    108.    115.    123.     98.    111.    131.    120.    114.    138.    141.    163.    150.    142.    158.    159.    176.    161.    186.    175.    184.    160.    156.    185.    158.    183.    171.    186.    167.    164.    157.    157.    179.    163.    142.    142.    138.    136.    128.    141.    123.    100.    100.     81.     87.     81.     61.     60.     61.     52.     62.     47.     38.     37.     49.     49.     43.     50.     49.     41.     34.     23.     34.     25.     17.     15.     18.      6.      8.      6.      2.      8.      3.      6.      2.      7.      8.      5.      7.      6.      5.      4.      4.      2.      3.      2.      6.      3.      2.      4.      4.      5.      4.      2.      2.      8.
      3.      2.      4.      3.      3.      5.      9.      5.      4.      2.      6.      8.      1.      4.      6.      3.      1.      3.      2.      0.      6.      6.      5.      6.      7.      2.      4.     10.     12.     15.     20.     23.     33.     35.     41.     32.     44.     53.     37.     44.     52.     36.     61.     36.     37.     54.     56.     42.     52.     47.     51.     74.     89.     90.     62.     69.     84.     72.     62.     71.     69.     58.     56.     51.     59.     81.     67.     86.     72.     88.     90.     87.     90.     97.     91.     85.     99.    101.     96.     93.    102.    105.    127.    112.    137.    123.    119.    108.    117.    132.     98.    120.    108.    115.    108.    126.    122.    122.    142.    139.    155.    154.    164.    176.    161.    163.    171.    176.    169.    176.    166.    176.    170.    173.    158.    173.    163.    166.    150.    137.    145.    127.    131.    129.    157.    132.    121.    103.     97.    119.     68.     85.     54.     56.     60.     63.     57.     36.     40.     68.     48.     47.     44.     49.     50.     46.     37.     36.     34.     32.     27.     20.     16.     15.      6.      5.      2.      3.      4.      4.      9.      3.      7.      2.      3.      3.      6.      4.      6.      3.      6.      3.      3.      4.      4.      3.      6.      2.      5.      1.      5.      3.
      5.      4.      6.      1.      2.      2.      4.      2.      6.      2.      4.      0.      6.      4.      7.      6.      4.      6.      2.      3.      7.      5.      2.      4.      5.      4.      5.     14.      9.     20.     25.     35.     48.     32.     38.     42.     40.     43.     47.     39.     56.     46.     39.     40.     61.     51.     41.     59.     67.     71.     60.     65.     92.     59.     67.     78.     69.     57.     59.     62.     48.     62.     45.     68.     62.     77.     76.     79.     74.     79.     91.     89.    104.    102.     95.     70.     92.    103.    113.     95.     89.    110.    112.    129.    126.    103.    135.    118.    105.    125.    103.    120.    128.    131.    131.    126.    136.    151.    167.    153.    152.    155.    191.    186.    185.    179.    170.    165.    147.    171.    169.    170.    147.    178.    182.    183.    151.    138.    167.    174.    165.    147.    152.    120.    109.    122.    115.     97.    100.    107.     88.     83.     72.     60.     67.     59.     43.     51.     40.     38.     45.     46.     42.     47.     42.     39.     38.     37.     28.     33.     19.     22.     29.     16.      9.      4.      2.      4.      5.      4.      6.      1.      1.      1.      7.      4.      5.      3.      5.      7.      4.      1.      5.      3.      1.      4.      3.      4.      4.      2.      3.     11.
      8.      6.      2.      4.      9.      1.     12.      4.     10.      8.      1.      4.      5.      2.      3.      6.      5.      4.      3.      2.      2.      7.      5.      3.      6.      6.      9.     10.     12.     23.     29.     28.     37.     39.     39.     37.     56.     47.     56.     43.     37.     49.     46.     53.     53.     55.     43.     57.     68.     84.     76.     84.     79.     63.     61.     55.     61.     50.     61.     48.     55.     57.     65.     75.     70.     66.     65.     66.     77.     87.     77.     96.     83.     86.     69.     95.     77.    106.     97.     98.    122.    122.    131.    131.    117.    127.    124.    131.    127.    137.    126.    109.    108.    137.    122.    116.    129.    127.    166.    163.    144.    156.    157.    170.    192.    200.    167.    161.    149.    187.    153.    147.    168.    176.    169.    169.    166.    128.    156.    158.    162.    140.    143.    122.    137.     98.    121.    112.    118.    102.     99.     91.     64.     65.     65.     59.     46.     49.     51.     42.     39.     44.     47.     36.     40.     30.     33.     42.     38.     28.     46.     19.     17.      9.     10.      9.      8.      4.      1.      3.      2.      6.      5.      7.      2.      2.      1.      2.      2.      3.      4.      3.      2.      3.      4.     10.      3.      3.      6.      8.      4.      4.
      2.      3.      4.      7.      8.      5.      4.      7.      7.      5.      2.      6.      1.      4.      3.      4.      3.      2.     10.      1.      4.      6.      4.      4.      3.      5.     11.     11.     16.     21.     29.     29.     29.     38.     43.     36.     49.     53.     47.     33.     40.     48.     38.     56.     50.     60.     56.     49.     61.     73.     78.     79.     83.     85.     72.     62.     66.     64.     64.     58.     67.     65.     51.     70.     59.     71.     75.     86.     81.     80.     59.     77.     80.     93.     96.    107.     97.     98.    127.    100.    101.    119.     99.    127.    150.    114.    125.    112.    114.    113.    106.    121.    104.    126.    115.    121.    136.    142.    172.    179.    143.    153.    174.    178.    176.    180.    190.    201.    190.    179.    183.    154.    179.    194.    181.    189.    149.    171.    142.    131.    138.    152.    156.    136.    143.    147.    145.    129.    110.    123.     84.     92.     76.     54.     44.     65.     54.     42.     46.     50.     64.     40.     50.     48.     41.     34.     47.     38.     38.     38.     36.     26.     29.      9.     14.     10.      7.      6.      8.      5.      4.      0.      6.      5.      2.      4.      3.      2.      2.      4.      4.      6.      3.      4.      4.      2.      4.      6.      2.      5.      1.      1.
      3.      1.      2.      4.      3.      5.      2.      2.      4.      4.      3.      3.      2.      7.      2.      3.      3.      3.      1.      2.      4.      7.      6.      5.      3.      9.     10.      5.     15.     33.     28.     34.     35.     32.     42.     44.     40.     43.     37.     44.     35.     53.     53.     48.     44.     49.     55.     62.     72.     66.     73.     90.     86.     77.     68.     64.     57.     49.     55.     48.     48.     67.     60.     65.     63.     63.     67.     74.     81.     85.     75.     73.     73.     79.     95.     75.     99.    113.    107.    116.    112.    138.    133.    127.    126.    125.    136.    124.    114.    118.    118.    119.     98.    139.    123.    108.    122.    160.    147.    130.    170.    177.    181.    166.    209.    168.    172.    177.    209.    181.    169.    156.    172.    207.    181.    183.    162.    167.    164.    141.    182.    143.    147.    129.    156.    143.    113.    128.    121.    117.    101.    110.     52.     68.     64.     46.     61.     41.     55.     52.     50.     41.     49.     29.     49.     43.     44.     39.     40.     33.     34.     30.     30.     19.     18.     16.     13.      8.      3.      3.      4.      4.      3.      6.      6.      6.      3.      4.      7.      2.      2.      1.      6.      6.      3.      3.      2.      3.      4.      3.      2.      3.
      6.      3.      5.      3.      5.      3.      4.      5.      1.      7.      3.      2.      4.      6.      4.      7.      5.      4.      5.      1.      5.      3.      1.      6.      5.      8.      9.     18.     21.     20.     28.     33.     41.     38.     48.     39.     38.     32.     47.     40.     55.     53.     50.     45.     62.     52.     49.     78.     75.     71.     63.     67.     68.     77.     67.     59.     50.     57.     57.     60.     58.     47.     67.     71.     66.     87.     68.     68.     69.     85.     73.     90.    102.    108.     93.     69.     82.     96.    102.    120.    126.    122.    123.    131.    135.    130.    112.    109.    110.    127.    114.    114.     97.    133.    127.    138.    125.    142.    137.    136.    162.    152.    171.    178.    155.    188.    174.    190.    223.    178.    196.    165.    184.    185.    173.    205.    173.    136.    188.    142.    149.    138.    153.    168.    151.    143.    134.    161.    121.    127.    133.    118.     79.     58.     68.     71.     47.     47.     61.     60.     49.     55.     42.     52.     46.     34.     33.     32.     52.     45.     29.     50.     23.     15.     15.     10.      9.      8.      7.      5.      2.      7.      5.      5.      5.      4.      5.      3.      5.      6.      3.      4.      4.      3.      7.      4.      4.      2.      3.      3.      6.      2.
      4.      8.      1.      7.      6.      7.      3.      3.      3.     10.      4.      6.      6.      5.      2.      3.      3.      7.      2.      3.      3.      5.      1.      7.      4.     11.     12.     13.     24.     28.     33.     28.     36.     38.     44.     44.     42.     42.     39.     48.     48.     37.     42.     63.     55.     64.     67.     72.     63.     69.     76.     81.     73.     56.     50.     60.     49.     56.     62.     50.     47.     51.     67.     51.     53.     77.     81.     69.     83.     89.     90.     89.     74.     70.    101.     96.    103.    100.    107.    117.     99.    134.    135.    108.    144.    145.    149.    156.    123.    117.     97.    111.    107.    116.    121.    118.    139.    137.    137.    162.    164.    139.    168.    169.    180.    204.    187.    184.    162.    196.    174.    169.    173.    192.    179.    159.    141.    165.    169.    140.    176.    175.    160.    136.    149.    135.    142.    107.    139.    115.    120.    105.     89.     70.     55.     57.     62.     57.     55.     65.     48.     52.     48.     45.     49.     36.     39.     43.     43.     46.     17.     43.     30.     20.     12.     11.      7.      6.      8.     11.      3.      6.      3.      6.      2.      5.      3.      2.      2.      4.      3.      3.      3.      4.      5.      4.      3.      1.      6.      5.      5.      2.
      4.      3.      5.      9.      3.      3.      4.      4.      5.      8.      9.      4.      2.      4.      4.      9.      2.      4.      3.      5.      4.      4.      4.      2.      9.      8.     14.     12.     13.     34.     21.     33.     33.     36.     35.     49.     47.     35.     36.     43.     52.     47.     49.     59.     54.     42.     64.     70.     69.     67.     88.     66.     77.     63.     51.     51.     62.     49.     52.     43.     45.     58.     59.     52.     51.     67.     63.     83.     77.     81.     76.     87.     92.     83.     88.    107.    108.    110.    107.    104.    118.    107.    112.    112.    126.    143.    146.    134.    137.    139.    117.    133.    132.    111.    144.    110.    130.    123.    176.    143.    148.    155.    179.    188.    181.    184.    192.    180.    202.    197.    183.    180.    177.    196.    172.    170.    144.    154.    160.    142.    164.    157.    143.    160.    151.    136.    139.    138.    131.    113.    128.    114.    101.     78.     68.     51.     42.     57.     56.     47.     53.     47.     43.     45.     44.     53.     41.     46.     45.     34.     36.     39.     30.     14.     20.     11.     11.      7.      6.      3.      2.      4.      6.      0.      4.      2.      4.      3.      8.      1.      1.      3.      3.      3.      3.      3.      3.      4.      4.      2.      0.      7.
      9.      5.      3.      3.      4.      3.      5.      4.      7.      5.      5.      3.      5.      6.      6.      6.      9.      6.      8.      5.      6.      3.      5.      4.      7.     10.     12.     16.     23.     23.     26.     37.     46.     32.     40.     42.     36.     41.     51.     46.     58.     45.     46.     43.     56.     55.     56.     64.     67.     76.     67.     82.     62.     59.     50.     70.     53.     56.     54.     39.     45.     63.     41.     47.     66.     56.     68.     64.     70.     86.     74.     86.     96.     65.     95.     90.    115.    116.     99.     99.    113.    125.    131.    127.    125.    119.    124.    129.    139.    111.    109.    119.    140.    105.    135.    110.    128.    123.    150.    148.    161.    174.    185.    172.    189.    168.    168.    177.    181.    167.    193.    177.    175.    185.    165.    164.    184.    154.    175.    167.    153.    190.    143.    131.    159.    166.    144.    132.    149.    133.    123.     98.     93.     65.     74.     60.     68.     57.     49.     58.     50.     45.     56.     52.     60.     45.     53.     49.     31.     40.     34.     34.     20.     18.     12.     11.     10.      9.      6.      6.      1.      5.      7.      3.      2.      1.      4.      4.      4.      5.      3.      2.      4.      2.      2.      3.      4.      7.      4.      6.      1.      3.
      3.      3.      3.      3.      6.      4.      4.      3.      6.      1.      2.      6.      2.      6.      1.      6.      5.      8.      0.      6.      5.      5.      2.      3.     12.     10.     12.     11.     24.     23.     30.     32.     44.     37.     44.     45.     43.     47.     42.     39.     49.     49.     47.     43.     47.     40.     52.     53.     74.     93.     65.     74.     71.     64.     47.     56.     55.     43.     51.     49.     48.     53.     43.     62.     60.     39.     58.     65.     85.     67.     83.     83.     77.    102.     94.     85.    117.     97.     92.    104.    115.    133.    120.    128.    116.    132.    133.    131.    143.    122.    112.    108.    131.    131.    134.    128.    139.    135.    127.    141.    149.    150.    175.    167.    182.    183.    180.    202.    194.    204.    202.    181.    201.    181.    164.    180.    157.    145.    178.    188.    172.    169.    174.    167.    138.    164.    111.    133.    156.    127.    130.    124.     95.     83.     90.     63.     62.     67.     56.     55.     60.     43.     50.     59.     45.     38.     44.     37.     43.     40.     30.     35.     23.     18.     12.     18.     14.      5.      4.      3.      7.      7.      4.      6.      7.      3.      3.      6.      4.      5.      4.      4.      1.      2.      7.     10.      6.      4.      3.      6.      1.      4.
      6.      4.      5.      4.      3.      3.      3.      3.      2.      1.      3.      2.      1.      6.      4.      2.      3.      5.      1.      3.     10.      4.      0.      9.      8.     11.     12.     24.     20.     27.     28.     35.     39.     39.     29.     43.     37.     45.     46.     37.     46.     45.     46.     40.     58.     53.     57.     64.     75.     65.     56.     67.     50.     72.     58.     54.     56.     62.     46.     51.     47.     49.     49.     52.     56.     58.     70.     67.     73.     76.     65.     80.     85.     98.    109.    108.    101.    121.    107.    118.    106.    114.    112.    128.    121.    130.    120.    123.    121.    123.    116.    103.    117.    126.    143.    128.    138.    150.    163.    139.    149.    172.    168.    187.    179.    189.    199.    169.    188.    183.    181.    197.    191.    173.    168.    180.    188.    162.    158.    201.    168.    168.    155.    194.    179.    162.    146.    159.    159.    150.    132.    118.     83.     68.     80.     62.     46.     50.     59.     56.     63.     55.     48.     44.     48.     42.     46.     44.     34.     37.     31.     41.     38.     32.     21.     16.     13.      6.      5.      9.      2.      6.      4.      3.      1.      5.      5.      3.      2.      4.      4.      2.      3.      3.      6.      6.      2.      8.      4.      5.      7.      3.
      6.      3.      5.      2.      5.      4.      3.      3.      3.      4.      2.      2.      4.      5.      3.      1.      4.      1.      6.      0.      9.      4.      1.     11.      6.      6.     11.     22.     23.     32.     32.     39.     53.     34.     50.     40.     36.     41.     41.     46.     44.     63.     45.     44.     56.     50.     44.     73.     57.     80.     72.     67.     69.     43.     55.     59.     55.     49.     51.     48.     65.     48.     62.     72.     53.     60.     63.     60.     74.     65.     83.     92.     82.     78.     91.     93.    109.     91.    107.    125.    135.    127.    121.    131.    127.    114.    124.    105.    133.    115.    132.    130.    113.    133.    134.    122.    118.    152.    158.    136.    162.    166.    199.    162.    198.    170.    169.    201.    161.    189.    183.    183.    177.    171.    178.    178.    191.    161.    186.    173.    146.    160.    143.    159.    165.    157.    154.    135.    140.    123.    121.    122.    113.     80.     92.     59.     41.     59.     48.     52.     53.     55.     46.     47.     39.     44.     33.     44.     42.     39.     35.     34.     36.     24.     16.     15.     10.      6.      3.      5.      4.      4.      4.      7.      5.      6.      5.      6.      1.      4.      8.      4.      4.      2.      3.      2.      5.      3.      5.      3.      5.      1.
      1.      6.      3.      4.      3.      5.      5.      3.      2.      2.      0.      3.      7.      3.      2.      4.      4.      7.      4.      5.      1.      3.      3.      1.      9.     11.     12.     22.     14.     34.     23.     35.     30.     27.     43.     36.     41.     41.     37.     48.     46.     46.     48.     41.     50.     61.     56.     55.     71.     85.     76.     83.     82.     59.     46.     45.     60.     47.     52.     52.     52.     51.     59.     39.     70.     54.     59.     69.     63.     68.     73.    100.     89.     96.     71.     86.    101.    113.    121.    100.    125.    143.    125.    141.    134.    136.    134.    121.    104.    140.     97.    135.    142.    107.    151.    125.    150.    128.    152.    160.    168.    160.    198.    182.    182.    166.    165.    191.    203.    183.    186.    170.    199.    163.    165.    193.    187.    167.    181.    176.    192.    141.    170.    182.    152.    147.    145.    141.    142.    121.    133.    143.    108.     80.     66.     59.     44.     48.     59.     60.     57.     54.     55.     53.     52.     55.     39.     43.     39.     42.     32.     39.     27.     24.     15.      9.      9.      8.      3.      2.      5.      3.      4.      5.      2.      5.      4.      3.      5.      1.      8.      5.      3.      2.      3.      2.      7.      3.      4.      5.     10.      5.
      4.      4.      6.      3.      3.      3.      2.      1.      7.      2.      1.      3.      5.      5.      4.      7.      5.      5.      7.      2.      3.      5.      3.      7.      6.     11.     14.     15.     16.     31.     27.     41.     34.     36.     36.     46.     30.     49.     34.     38.     50.     42.     57.     55.     51.     54.     42.     67.     58.     67.     67.     52.     64.     71.     67.     54.     58.     54.     47.     63.     47.     55.     58.     55.     67.     57.     66.     68.     57.     77.     70.     87.     91.     80.     83.     91.    104.    107.    109.     87.    122.    117.    140.    127.    129.    129.    135.    119.    133.    125.    136.    139.    123.    130.    141.    139.    113.    147.    140.    185.    179.    140.    186.    217.    174.    157.    193.    193.    210.    175.    175.    167.    205.    185.    181.    194.    151.    171.    159.    222.    179.    186.    167.    161.    153.    171.    137.    158.    149.    130.    114.    127.     87.     74.     69.     46.     48.     55.     35.     64.     43.     44.     42.     46.     38.     39.     41.     37.     35.     39.     34.     28.     30.     18.     15.     16.      9.      5.      5.      5.      3.      3.      5.      6.      2.      3.      1.      5.      5.      4.      5.      4.      7.      1.      5.      2.      3.      5.      5.      4.      3.      3.
      3.      4.      6.      4.      3.      8.      3.      8.      3.      4.      4.      3.      2.      2.      2.      5.      4.      4.      3.      3.      6.      9.      7.      4.      6.      9.      5.     16.     11.     35.     25.     35.     34.     35.     40.     42.     52.     49.     36.     36.     47.     48.     52.     39.     51.     55.     63.     61.     65.     47.     63.     67.     61.     66.     48.     42.     59.     54.     51.     59.     51.     56.     48.     50.     59.     59.     61.     59.     66.     61.     67.     93.     96.     96.     89.     93.    110.    102.    106.    108.    120.    116.    122.    140.    145.    129.    147.    122.    139.    129.    132.    112.    108.    122.    124.    111.    136.    144.    147.    160.    198.    168.    197.    181.    181.    187.    177.    188.    214.    189.    189.    163.    182.    196.    179.    159.    185.    201.    195.    184.    201.    181.    170.    157.    164.    164.    167.    148.    133.    120.    131.    114.     80.     59.     72.     51.     58.     48.     44.     59.     53.     64.     38.     46.     57.     53.     44.     36.     37.     41.     39.     33.     29.     16.     20.     12.      5.      4.      8.      4.      5.      2.      7.      3.      5.      5.      3.      6.      4.      7.      6.      2.      5.      3.      6.      5.      4.      5.      2.      3.      4.      4.
      4.      7.      1.      2.      2.      4.      1.      2.      1.     10.      2.      6.      6.      5.      5.      4.      5.      7.      3.      2.      5.      5.      2.      5.      1.      6.      5.     13.     19.     27.     27.     37.     39.     29.     32.     38.     53.     31.     42.     44.     50.     52.     51.     53.     38.     46.     48.     49.     60.     56.     68.     75.     70.     65.     47.     49.     70.     55.     54.     49.     53.     49.     55.     59.     61.     64.     65.     61.     82.     67.     71.     83.     86.     91.     96.     93.    118.     99.    108.    140.    104.    121.    122.    115.    126.    125.    120.    136.    122.    141.    127.    109.    138.    152.    108.    118.    142.    152.    150.    178.    168.    176.    187.    171.    186.    156.    182.    168.    193.    177.    168.    193.    191.    184.    187.    200.    185.    170.    190.    205.    180.    211.    183.    194.    151.    165.    168.    131.    119.    120.    100.    108.    102.     62.     69.     50.     41.     51.     71.     58.     58.     47.     41.     54.     46.     53.     49.     37.     32.     39.     30.     35.     29.     22.     12.      9.      6.      6.      2.      6.      6.      7.      3.      4.      4.      2.      4.      0.      6.      5.      4.      4.      2.      5.      6.      2.      2.      2.      1.      1.      2.      7.
      2.      1.      4.      4.      3.      3.      3.      5.      4.      1.      6.      4.      5.      4.      2.      4.      1.      5.      3.      1.      2.      1.      2.      2.      5.      4.      8.      7.     14.     14.     25.     22.     34.     28.     44.     53.     48.     37.     41.     44.     45.     49.     48.     63.     48.     59.     56.     53.     59.     59.     49.     56.     60.     60.     47.     48.     51.     69.     52.     45.     65.     62.     45.     55.     58.     65.     45.     53.     56.     80.     77.     77.     94.     82.     97.     95.    112.    118.    111.    135.    109.    131.    142.    135.    132.    141.    114.    130.    127.    129.    118.    117.    147.    116.    117.    132.    154.    146.    164.    172.    173.    178.    192.    188.    190.    171.    170.    176.    182.    206.    170.    198.    177.    198.    225.    185.    198.    215.    174.    182.    208.    172.    180.    165.    168.    195.    165.    146.    130.    133.    137.     92.     87.     67.     58.     58.     56.     57.     47.     50.     52.     59.     49.     38.     39.     45.     38.     37.     47.     41.     33.     32.     18.     20.     13.      9.      7.      1.      5.      4.      2.      6.      4.      9.     10.      2.      2.      3.      8.      4.      9.      4.      3.      6.      2.      5.      3.      9.      4.      5.      6.      2.
      5.      1.      3.      5.      1.      5.      5.      4.      8.      5.      3.      5.      3.      4.      9.      4.      2.      3.      5.      1.      5.      2.      9.      3.      4.      3.      9.      3.     12.     13.     14.     27.     35.     37.     37.     39.     41.     46.     46.     37.     42.     43.     42.     43.     36.     40.     57.     49.     61.     54.     54.     66.     59.     51.     72.     56.     55.     54.     62.     70.     62.     60.     49.     65.     72.     54.     62.     75.     73.     63.     86.     79.    106.     92.     93.    104.    104.    106.    117.    118.    107.    111.    130.    131.    127.    116.    144.    131.    123.    133.    132.    118.    124.    130.    129.    142.    135.    150.    164.    178.    164.    181.    168.    176.    186.    180.    187.    206.    168.    218.    177.    206.    194.    208.    211.    217.    197.    204.    196.    200.    183.    194.    169.    179.    193.    170.    148.    130.    126.    119.    116.     88.     68.     65.     53.     54.     53.     68.     42.     55.     49.     46.     35.     48.     55.     48.     36.     35.     40.     37.     31.     25.     17.     15.      6.     10.     11.      3.      2.      2.      2.      5.      3.      4.      3.      5.      2.      7.      5.      3.      5.      3.      5.      7.      3.      4.      8.      5.      5.      9.      2.      4.
      3.      6.      2.      4.      4.      5.      1.      5.      2.      6.      2.      3.      6.      4.      2.      6.      6.      5.      6.      3.      3.      3.      2.      0.      2.      5.      4.      8.     10.     22.     25.     26.     31.     31.     29.     47.     32.     46.     40.     36.     40.     49.     49.     60.     43.     59.     52.     45.     43.     64.     59.     53.     62.     60.     57.     63.     63.     54.     49.     60.     54.     67.     55.     51.     49.     54.     55.     47.     66.     66.     71.     75.     83.     98.     81.     83.    106.    142.    114.    108.    105.    121.    127.    121.    135.    126.    138.    108.    137.    125.    124.    117.    118.    139.    144.    125.    157.    149.    165.    199.    166.    180.    195.    198.    167.    181.    176.    189.    163.    208.    198.    204.    197.    212.    182.    206.    208.    206.    197.    188.    195.    166.    204.    175.    175.    161.    157.    151.    143.    111.    104.     90.     57.     58.     68.     59.     71.     52.     44.     45.     55.     47.     44.     40.     34.     38.     46.     40.     43.     31.     29.     28.     15.     11.      4.      5.      6.      6.      7.      7.      1.      3.      5.      5.      8.      4.      4.      4.      3.      4.      2.      2.      5.      3.      5.      4.      4.      8.      4.      3.      2.      5.
      3.      4.      3.      7.      4.      4.      3.      2.      5.      4.      3.      5.      5.      2.      0.      5.      3.      9.      3.      6.      1.      3.      2.      2.      3.      1.     10.      4.     10.     13.     15.     25.     28.     28.     24.     29.     40.     24.     30.     37.     45.     42.     53.     46.     42.     41.     42.     45.     54.     56.     50.     63.     64.     56.     53.     61.     58.     68.     67.     57.     50.     56.     61.     58.     61.     46.     75.     68.     60.     69.     78.     85.     97.     92.     77.    106.     98.    109.    115.    110.    128.    123.    121.    155.    138.    128.    149.    129.    139.    122.    127.    128.    135.    117.    134.    137.    134.    153.    170.    185.    183.    186.    173.    189.    197.    204.    180.    193.    199.    217.    208.    184.    188.    217.    231.    175.    182.    224.    195.    195.    176.    198.    176.    189.    169.    165.    134.    121.    133.    103.     87.     75.     55.     54.     52.     49.     49.     49.     51.     52.     51.     43.     49.     45.     45.     55.     42.     50.     27.     24.     16.     22.     12.      7.      7.      7.      2.      2.      2.      4.      3.     10.      7.      1.      6.      4.      4.      8.      6.      1.      1.      5.      9.      3.      0.      5.      4.      3.      7.      9.      4.      8.
      4.      7.      2.      1.      8.      5.      3.      2.      2.      2.      3.      4.      6.      3.      2.      0.      6.      3.      4.      2.      2.      5.      3.      4.      4.      6.      2.      4.      6.     14.     15.     30.     20.     31.     36.     21.     35.     41.     28.     50.     48.     37.     44.     36.     43.     56.     38.     47.     36.     47.     62.     61.     49.     67.     63.     67.     62.     53.     60.     62.     48.     59.     60.     63.     45.     53.     61.     71.     65.     64.     77.     81.     91.     97.    107.     85.    115.    128.    111.    101.    118.    137.    142.    133.    140.    127.    163.    151.    148.    131.    131.    137.    120.    124.    121.    136.    136.    194.    162.    168.    172.    180.    178.    174.    197.    196.    164.    202.    197.    208.    221.    168.    218.    216.    188.    171.    208.    181.    206.    195.    207.    181.    193.    161.    173.    158.    142.    144.    110.     86.     86.     62.     57.     63.     57.     51.     65.     59.     41.     46.     49.     60.     52.     61.     52.     49.     36.     40.     38.     33.     27.     23.     10.     11.      5.      2.      7.      5.      5.      3.      6.      7.      2.      3.      6.      3.      3.      4.      3.      4.      3.      1.      5.      6.      4.      2.      1.      2.      6.      3.      7.      5.
      7.      5.      3.      5.      4.      4.      3.      2.      4.      4.      3.      2.      2.      6.      2.      3.      2.      6.      3.      5.      0.      4.      3.      4.      5.      3.      2.      8.      5.      8.     12.     13.     25.     28.     22.     28.     40.     40.     36.     35.     44.     32.     49.     35.     40.     62.     39.     47.     38.     54.     39.     65.     38.     61.     68.     62.     45.     71.     50.     53.     56.     64.     60.     42.     68.     73.     58.     52.     56.     60.     73.     92.    102.    111.     85.    102.     87.    116.     93.    113.    127.    130.    132.    146.    143.    125.    124.    162.    135.    132.    136.    121.    149.    141.    133.    141.    148.    187.    159.    173.    199.    176.    200.    216.    182.    208.    189.    205.    222.    210.    217.    189.    225.    196.    221.    207.    194.    204.    187.    189.    184.    190.    200.    158.    161.    162.    138.    111.    105.     79.     73.     65.     58.     54.     50.     57.     55.     49.     58.     51.     57.     35.     43.     50.     45.     36.     40.     24.     34.     26.     18.     10.      7.      5.      5.      4.      2.      6.      7.      6.      3.      4.      4.      6.      1.      5.      4.      7.      3.      2.      6.      3.      4.      6.      4.      2.      3.      1.      3.      4.      6.      3.
      2.      1.      4.      5.      4.      0.      5.      4.      5.      3.      3.      4.      1.      4.      3.      6.      4.      3.      4.      3.      3.      0.      6.      0.      6.      7.      1.      2.      3.      9.      9.     19.     12.     20.     29.     26.     36.     40.     33.     45.     31.     37.     43.     47.     48.     38.     49.     53.     55.     54.     57.     59.     57.     50.     57.     56.     65.     71.     52.     50.     60.     43.     58.     64.     44.     69.     58.     65.     68.     61.     66.     82.     91.     75.     95.    100.     96.    116.    108.    126.    120.    131.    124.    137.    121.    138.    143.    138.    132.    127.    120.    121.    135.    125.    157.    123.    162.    169.    154.    182.    185.    179.    179.    173.    198.    195.    208.    202.    229.    201.    204.    222.    207.    195.    227.    213.    193.    184.    213.    194.    215.    183.    173.    151.    149.    147.    137.     90.     94.     71.     63.     51.     54.     57.     55.     61.     58.     55.     52.     53.     47.     46.     41.     41.     34.     47.     29.     37.     29.     26.     12.      8.     10.      3.      4.      4.      6.      6.      3.      4.      6.      0.      6.      0.      4.      4.      2.      1.      8.      2.      3.      6.      3.      2.      5.      3.      4.      3.      6.      2.      7.      2.
      2.      4.      6.      8.      5.      0.      2.      2.      4.      4.      6.      4.      3.      1.      4.      6.      6.      2.      4.      4.      2.      2.      2.      5.      1.      6.      4.      5.      2.      6.     14.      8.     17.     18.     26.     34.     40.     37.     31.     44.     38.     49.     47.     27.     58.     48.     49.     40.     52.     44.     55.     45.     41.     54.     75.     61.     50.     52.     63.     45.     67.     60.     63.     62.     62.     68.     78.     69.     51.     61.     70.     91.     85.     80.    110.     94.     85.    119.    102.    108.    125.    107.    128.    130.    154.    126.    128.    138.    122.    115.    122.    142.    132.    128.    122.    163.    167.    194.    155.    196.    192.    200.    209.    205.    218.    220.    192.    202.    206.    215.    196.    217.    208.    223.    217.    182.    215.    213.    198.    192.    195.    196.    157.    166.    148.    127.    106.     96.     90.     78.     64.     53.     51.     63.     54.     63.     50.     52.     42.     47.     45.     46.     46.     40.     40.     35.     35.     26.     25.     18.     11.      8.      4.      4.      6.      5.      3.      2.      2.      3.      3.      2.      3.      1.      5.      5.      3.      2.      8.      3.      4.      5.      2.      4.      5.      7.      2.      3.      4.      9.      3.      5.
      3.      0.      2.      2.      5.      3.      3.      1.      6.      3.      2.      5.      1.      3.      6.      1.      2.      1.      2.      4.      6.      3.      2.      0.      5.      4.      5.      4.      4.      6.      4.      8.     16.     11.     17.     29.     41.     29.     25.     30.     36.     31.     39.     40.     44.     45.     53.     50.     44.     36.     57.     58.     47.     50.     70.     58.     76.     55.     50.     47.     56.     49.     62.     58.     64.     73.     63.     57.     73.     71.     75.     94.     91.    105.    102.    113.    113.    104.    116.    103.    132.    126.    128.    162.    133.    128.    143.    140.    137.    132.    129.    131.    119.    132.    147.    153.    160.    174.    190.    199.    200.    194.    178.    190.    215.    221.    203.    238.    216.    247.    218.    246.    220.    234.    213.    205.    214.    210.    195.    202.    194.    160.    144.    136.    132.    125.     99.     83.     83.     84.     59.     53.     60.     53.     54.     59.     49.     63.     54.     50.     57.     47.     56.     35.     38.     31.     28.     17.     23.      8.      4.      6.      4.      8.      4.      2.      5.      5.      6.      3.      2.      3.      4.      3.      4.      6.      2.      5.      5.      2.      3.      3.      5.      7.      5.      2.      5.      1.      3.      4.      4.      2.
      3.      3.      5.      7.      5.      4.      4.      4.      4.      2.      8.      6.      2.      4.      3.      8.      6.      4.      2.      3.      4.      4.      3.      3.      5.      1.      6.      3.      6.      7.      7.      5.      7.     13.     17.     21.     27.     33.     30.     34.     29.     40.     39.     37.     51.     46.     38.     43.     46.     50.     49.     61.     50.     55.     65.     55.     55.     63.     62.     48.     57.     62.     61.     70.     48.     49.     66.     73.     66.     62.     71.     91.     82.     94.     90.     96.     99.    135.    136.    121.    116.    144.    133.    114.    161.    130.    152.    129.    130.    130.    124.    121.    120.    128.    140.    167.    170.    191.    214.    209.    200.    192.    180.    197.    199.    212.    225.    199.    210.    207.    240.    218.    207.    235.    198.    205.    224.    189.    189.    192.    196.    174.    171.    138.    128.    108.     98.     82.     70.     60.     56.     53.     49.     48.     58.     58.     84.     48.     50.     44.     51.     42.     39.     30.     41.     36.     27.     16.      9.      7.      5.      3.      2.      1.      2.      6.      3.      4.      6.      5.      3.      3.      3.      4.      4.      5.      5.      4.      4.      3.      6.      4.      3.      2.      6.      1.      6.      5.      8.      2.      4.      5.
      5.      4.      6.      6.      3.      4.      4.      4.      1.      4.      3.      4.      6.      7.      5.      3.      6.      1.      5.      8.      5.      4.      8.      9.      3.      2.      2.      5.      5.      5.      2.      5.     10.     14.     14.     12.     19.     27.     14.     31.     44.     40.     38.     45.     44.     55.     43.     52.     52.     34.     59.     53.     50.     56.     50.     45.     52.     65.     51.     67.     45.     48.     55.     70.     55.     60.     55.     64.     72.     94.     80.     87.     81.    106.    125.    114.    109.    115.    115.    128.    134.    134.    139.    166.    158.    118.    136.    145.    144.    148.    122.    114.    130.    141.    155.    184.    170.    225.    208.    196.    194.    214.    221.    214.    242.    239.    227.    210.    240.    218.    197.    214.    216.    252.    198.    221.    199.    212.    185.    208.    203.    160.    132.    139.    107.    104.     76.     64.     54.     66.     67.     42.     55.     76.     48.     61.     41.     49.     46.     35.     53.     46.     32.     41.     37.     21.     13.     12.      8.      5.     10.      4.      6.      4.      3.      7.      6.      3.      3.      1.      1.      1.      4.      6.      4.      6.      5.      5.      7.      3.      7.      5.      6.      8.      7.      7.      0.      3.      2.      1.      5.      1.
      3.     10.      4.      7.      5.      6.      2.      5.      4.      3.      2.      7.      3.      1.      4.      9.      1.      4.      1.      4.      4.      5.      4.      1.      1.      6.      5.      5.      3.      5.      3.      2.      7.     12.     12.     16.     19.     19.     34.     33.     25.     35.     36.     35.     40.     55.     38.     41.     39.     54.     45.     57.     53.     43.     30.     44.     77.     53.     56.     62.     56.     64.     48.     59.     61.     65.     65.     51.     67.     70.     81.     97.     97.    115.     96.    105.    112.    117.    126.    130.    114.    145.    122.    137.    144.    150.    137.    139.    127.    110.     99.    128.    119.    152.    156.    190.    204.    198.    189.    191.    205.    203.    224.    215.    220.    197.    211.    275.    243.    250.    275.    192.    217.    234.    236.    197.    205.    211.    171.    181.    157.    155.    116.    128.     95.     82.     80.     81.     61.     46.     65.     60.     49.     59.     50.     57.     62.     32.     41.     43.     47.     60.     54.     30.     26.     20.     20.     11.      5.      7.      6.      5.      4.      8.      7.      0.      2.      3.      2.      4.      4.      2.      4.      4.      1.      5.      5.      5.      8.      5.      7.      3.      1.      4.      5.      2.      6.      4.      4.      1.      6.      5.
      4.      7.      3.      5.      1.      3.      4.      4.      5.      6.      4.      4.      4.      5.      3.      3.      2.      3.      3.      4.      2.      1.      3.      3.      5.      2.      0.      1.      8.      3.      6.      5.      5.      6.      6.     14.     11.     17.     13.     29.     37.     32.     42.     34.     47.     38.     61.     38.     37.     51.     58.     36.     45.     59.     51.     43.     54.     44.     59.     58.     64.     65.     64.     58.     63.     67.     65.     71.     62.     82.     84.     97.    105.    105.     91.    130.    124.    104.    131.    120.    116.    138.    135.    147.    137.    121.    134.    140.    128.    124.    122.    138.    153.    160.    180.    207.    228.    206.    217.    225.    220.    217.    235.    235.    225.    218.    226.    250.    229.    220.    223.    208.    242.    233.    225.    243.    213.    196.    193.    166.    152.    123.    100.     98.     88.     85.     71.     59.     75.     66.     67.     49.     60.     49.     38.     51.     58.     40.     45.     54.     51.     40.     30.     35.     25.     22.     16.      9.      5.      3.      6.      5.      1.      5.      3.      6.      3.      2.      3.      4.      5.      3.      3.      3.      2.      5.      1.      1.      5.      3.      8.      4.      6.      3.      9.      3.      8.      4.      5.      6.      7.      6.
      2.      2.      7.      2.      8.      4.      3.      6.      4.      1.      2.      2.      3.      7.      4.      2.      2.      6.      1.      4.      5.      5.      1.      1.      2.      0.      3.      4.      2.      4.      0.      6.      5.      4.      4.      7.     15.     17.     16.     31.     26.     35.     38.     42.     39.     36.     48.     54.     52.     41.     41.     54.     44.     41.     43.     41.     54.     45.     44.     48.     59.     61.     41.     64.     60.     63.     69.     58.     63.     57.     75.     85.     94.    119.     96.    112.    130.    110.    124.    131.    125.    127.    140.    139.    141.    142.    141.    120.    126.    119.    115.    159.    200.    203.    199.    211.    205.    234.    255.    220.    249.    235.    229.    220.    217.    252.    221.    223.    246.    245.    217.    209.    191.    214.    194.    209.    183.    162.    162.    152.    122.     96.    111.     83.     83.     84.     83.     72.     63.     67.     61.     55.     53.     56.     53.     53.     56.     41.     56.     46.     43.     35.     33.     31.     22.     17.      5.      7.      3.      4.      3.      5.      5.      5.      1.      4.      5.      5.      4.      3.      6.      6.      0.      1.      5.      2.      3.      2.      4.      3.      4.      3.      1.      2.      3.      7.      3.      3.      6.      4.      2.      4.
      5.      5.      6.      7.      3.      3.      4.      7.      1.      6.      1.      3.      1.      3.      5.      1.      9.      1.      2.      5.      4.      3.      3.      8.      5.      4.      6.      2.      5.      1.      4.      6.      5.      4.      3.      8.     11.     15.     17.     13.     17.     22.     38.     36.     33.     41.     45.     32.     40.     30.     38.     58.     63.     40.     62.     59.     40.     53.     63.     59.     40.     62.     65.     45.     53.     69.     72.     66.     67.     83.     81.     86.     98.    116.    116.    114.    120.    108.    129.    145.    114.    143.    124.    124.    129.    141.    123.    131.    121.    145.    157.    153.    189.    213.    196.    194.    196.    221.    199.    235.    227.    230.    231.    223.    232.    252.    212.    236.    255.    245.    228.    237.    199.    201.    203.    193.    178.    166.    144.    140.     93.    102.     87.    103.     87.     79.     64.     66.     61.     50.     61.     55.     56.     51.     51.     46.     48.     55.     46.     46.     28.     32.     25.     20.     11.     14.      5.     10.      6.      3.      3.      1.      6.      6.      3.      4.      2.      0.      3.      2.      3.      3.      4.      2.      8.      3.     11.      2.      4.      7.      7.      4.      4.      2.      6.      4.      2.      3.      6.      2.      5.      4.
      6.      3.      7.      3.      3.      0.      2.      4.      4.      6.      3.      9.      3.      1.      2.      3.      4.      5.      3.      1.      5.      5.      5.      4.      7.      7.      5.      3.      6.      2.      4.      3.      1.      5.      7.      8.     10.      5.     17.     16.     26.     30.     32.     48.     33.     33.     41.     41.     37.     44.     50.     49.     54.     44.     48.     61.     60.     51.     64.     52.     48.     57.     58.     59.     51.     64.     72.     64.     69.     83.     77.    102.    114.    143.    122.    122.    116.    126.    125.    127.    126.    157.    132.    127.    130.    116.    142.    123.    132.    143.    154.    163.    185.    208.    213.    209.    215.    231.    222.    240.    218.    243.    250.    234.    250.    259.    209.    222.    248.    223.    243.    217.    204.    220.    186.    199.    145.    136.    123.    116.     98.    104.     89.     87.    114.     78.     82.     77.     48.     60.     47.     50.     51.     51.     53.     50.     46.     51.     31.     42.     47.     24.     27.     23.     12.      6.      5.      5.      4.      6.      6.      4.      3.      4.      5.      4.      2.      3.      1.      3.      5.      5.      2.      1.      3.      3.      5.      4.      3.      3.      2.      4.      5.      3.      5.      1.      5.      7.      2.      1.      4.      6.
      4.      3.      3.      5.      5.      4.      2.      5.      4.      2.      2.      4.      4.      2.      3.      2.      4.      4.      7.      5.      6.      6.      3.      4.      1.      1.      2.      5.      3.      6.      2.      5.      3.      8.      5.      7.     10.      6.      9.     17.     20.     23.     33.     37.     44.     34.     55.     41.     48.     44.     44.     54.     51.     40.     51.     52.     45.     56.     51.     38.     50.     64.     61.     58.     47.     47.     69.     54.     78.     76.     91.     98.    114.    123.    121.    108.    144.    127.    133.    133.    136.    153.    116.    127.    128.     97.    158.    138.    148.    161.    191.    170.    208.    204.    241.    204.    223.    213.    238.    214.    222.    228.    228.    234.    231.    218.    254.    235.    226.    236.    248.    236.    202.    170.    182.    157.    155.    116.     95.    115.     80.     99.     89.     86.     89.     86.     60.     72.     69.     61.     47.     53.     62.     36.     56.     53.     42.     39.     48.     32.     35.     34.     20.     10.     11.      9.      5.      7.      4.      6.      3.      5.      4.      2.      5.      6.      9.      4.      5.      8.      5.      4.      7.      1.      4.      3.      9.      4.      3.      4.      6.      2.      2.      5.      3.      4.      2.      1.      5.      1.      2.      1.
      5.      7.      5.      5.      3.      5.      3.      9.      3.      3.      6.      3.      2.      5.      1.      7.      3.      3.      6.      2.      3.      7.      6.      4.      2.      7.      4.      6.      8.      5.      4.      4.      5.      4.      4.      2.      8.      8.     11.     17.     23.     15.     26.     26.     35.     43.     47.     58.     48.     49.     57.     47.     52.     50.     42.     47.     60.     46.     59.     49.     53.     58.     61.     55.     56.     71.     69.     70.     69.     74.     75.     98.    121.    134.    117.    135.    124.    126.    134.    146.    129.    105.    130.    138.    119.    111.    126.    150.    172.    158.    229.    215.    194.    212.    243.    219.    209.    235.    244.    258.    220.    225.    227.    252.    233.    222.    209.    220.    233.    233.    211.    185.    203.    178.    176.    151.    126.    107.    101.     98.    102.     92.     74.     95.     76.     81.     73.     63.     55.     56.     72.     46.     31.     43.     48.     42.     45.     36.     34.     41.     30.     19.     11.      9.      9.      5.      6.      9.      4.      2.      5.      2.      1.      3.      3.      4.      3.      3.      2.      1.      4.      6.      5.      2.      2.      2.      3.      4.      2.      2.      2.      4.      8.      3.      2.      7.     10.      6.      5.      5.      3.      2.
      3.      0.      4.      5.      2.      2.      1.      2.      5.      1.      4.      2.      4.      2.      5.      7.      5.      7.      4.      5.      6.      5.      4.      4.      7.      5.      2.      5.      5.      3.      6.      6.      4.      1.      1.      5.      7.      9.      9.     13.     22.     18.     28.     27.     32.     36.     32.     49.     35.     52.     46.     41.     45.     61.     52.     41.     49.     53.     51.     42.     51.     67.     42.     69.     57.     56.     70.     72.     72.     79.    105.    121.    131.    124.    131.    123.    142.    137.    138.    124.    109.    100.    116.    142.    128.    137.    145.    141.    183.    210.    205.    205.    215.    243.    250.    219.    220.    239.    265.    259.    249.    230.    243.    246.    231.    254.    216.    231.    240.    205.    220.    201.    167.    166.    158.    146.    110.    106.    102.     91.     95.    108.     93.     81.     89.     76.     56.     69.     46.     49.     49.     56.     38.     51.     43.     45.     44.     45.     38.     37.     25.     20.     17.      8.      4.      5.      4.      3.      3.      4.      7.      4.     10.      4.      7.      7.      4.      3.      4.      2.      3.      4.      4.      3.      3.      8.      8.      2.      3.      2.      5.      0.      2.      2.      4.      2.      2.      6.      1.      5.      3.      5.
      2.      0.      2.      5.      2.      2.      5.      1.      2.      4.      4.      6.      1.      5.      4.      4.      2.      6.      2.      4.      3.      5.      3.      2.      5.      2.      3.      5.      6.      5.     11.      2.      1.      2.      4.      6.      4.      8.      6.      9.     20.     17.     19.     32.     42.     31.     46.     49.     35.     51.     41.     49.     41.     45.     51.     41.     57.     52.     53.     48.     55.     52.     57.     59.     52.     70.     61.     55.     69.     82.    102.     98.    129.    113.    140.    125.    121.    141.    129.    133.    108.    122.    115.    134.    136.    130.    164.    175.    202.    203.    183.    235.    265.    243.    249.    248.    240.    250.    270.    251.    273.    232.    229.    240.    223.    227.    219.    254.    196.    213.    186.    171.    173.    141.    141.    116.    105.    103.    107.    102.    111.     87.     82.     96.     88.     83.     73.     61.     67.     48.     46.     48.     53.     46.     58.     48.     38.     33.     36.     20.     21.     15.     11.      6.      5.      2.      6.      5.      2.      4.      4.      4.      6.      6.      2.      4.      4.      2.      3.      1.      2.      6.      2.      3.      4.      1.      4.      5.      3.      5.      4.      9.      2.      6.      5.      4.      5.      1.      2.      4.      0.      7.
      0.      4.      3.      5.      7.      1.      5.      2.      3.      1.      3.      3.      2.      9.      3.      5.      4.      7.      4.      1.      8.      2.      0.      5.      8.      4.      3.      4.      5.      5.      2.      4.      2.      0.      3.      5.      7.      4.      3.      6.      7.     13.     17.     20.     28.     30.     31.     44.     38.     47.     47.     41.     58.     46.     51.     55.     44.     59.     46.     62.     64.     57.     49.     51.     55.     65.     60.     76.     86.     85.    108.    102.    138.    140.    125.    124.    112.    120.    114.    120.    113.    140.    138.    143.    179.    164.    201.    198.    230.    229.    242.    233.    226.    229.    247.    244.    233.    231.    222.    292.    248.    269.    243.    246.    234.    240.    191.    198.    233.    208.    180.    152.    122.    120.    130.    103.    103.    106.    106.     91.     94.     93.     93.     83.     69.     71.     68.     55.     65.     57.     69.     51.     55.     46.     52.     39.     50.     29.     36.     14.     14.     16.     13.      1.      2.      6.      4.      5.      4.      4.      5.      4.      1.      8.      6.      4.      6.      4.      6.      1.      4.      9.      5.      5.      4.      2.      5.      3.      4.      6.      3.      4.      2.      4.      5.      3.      4.      4.      5.      4.      5.      7.
      5.      2.      2.      5.      4.      4.      0.      3.      5.      2.      2.      2.      5.      3.      2.      2.      4.      3.      3.      7.      4.      3.      3.      5.      6.      4.      5.      1.      3.      4.      5.      5.      0.      4.      1.      5.      3.     11.      3.      7.      6.     21.     24.     38.     38.     36.     47.     42.     39.     49.     42.     51.     55.     55.     37.     52.     45.     69.     41.     65.     59.     67.     65.     52.     71.     57.     59.     73.     98.     94.     99.    104.    127.    122.    125.    102.    142.    139.    132.    131.    120.    134.    149.    169.    162.    189.    192.    196.    226.    211.    236.    238.    238.    260.    233.    229.    230.    240.    247.    249.    234.    242.    239.    237.    252.    214.    216.    180.    207.    180.    141.    126.    146.     95.    127.    100.    110.    100.    103.    100.    102.     94.     93.     69.     55.     57.     56.     49.     67.     53.     48.     46.     57.     42.     38.     42.     44.     28.     28.     19.     24.     12.     10.      6.      6.      9.      2.      2.      1.      4.      6.      5.      7.      7.      4.      4.      5.      2.      6.      6.     13.      5.      3.      3.      4.      5.      1.      5.      6.      1.      2.      7.      4.      4.      3.      4.      3.      5.      5.      5.      6.      3.
      2.      4.      4.      6.      4.      1.      0.      2.      3.      3.      5.      1.      4.      4.      6.     11.      4.      5.      2.      4.      2.      4.      5.      5.      5.      4.      4.      5.      3.      7.      5.      5.      6.      4.      2.      6.      5.      8.      2.      7.      9.     13.     26.     22.     21.     28.     42.     48.     42.     36.     43.     51.     54.     46.     53.     56.     49.     56.     51.     50.     58.     55.     59.     72.     59.     71.     85.     99.     94.     90.     98.    121.    115.    125.    121.    115.    111.    106.    140.    157.    136.    171.    144.    178.    194.    167.    202.    225.    217.    222.    224.    242.    261.    252.    228.    248.    257.    246.    256.    232.    224.    254.    242.    265.    216.    208.    193.    204.    161.    142.    127.    113.    112.    112.    137.    115.    110.    116.    105.    113.    104.    100.     78.     83.     77.     67.     46.     49.     49.     50.     61.     47.     48.     48.     39.     33.     38.     32.     21.     20.     11.      6.      6.      0.      5.      4.      3.      3.      3.      4.      5.      5.      4.      3.      4.      7.      5.      1.      5.      3.      2.      4.      6.      5.      3.      2.      3.      5.      6.      5.      4.      4.      4.      0.      2.      0.      4.      3.      1.      3.      0.      2.
      2.      6.      1.      4.      4.      7.      5.      1.      2.      2.      5.      4.      3.      2.      6.      4.      4.      0.      4.      3.      1.      3.      3.      2.      5.      3.      2.      4.      5.      5.      2.      6.      4.      3.      5.      4.      9.      6.      9.      6.     13.      9.     19.     14.     28.     34.     38.     48.     38.     38.     49.     48.     46.     46.     44.     65.     51.     44.     51.     72.     51.     63.     56.     53.     77.     82.     60.     93.     85.    102.    101.    115.    114.    120.    115.    127.    123.    141.    138.    156.    185.    159.    190.    191.    228.    207.    225.    209.    210.    222.    211.    263.    241.    263.    263.    252.    226.    252.    245.    250.    220.    242.    246.    202.    202.    204.    165.    192.    133.    147.    111.    117.    108.    122.    138.    106.    111.    117.    106.     86.    103.    109.     66.     56.     49.     66.     45.     58.     71.     32.     54.     65.     41.     51.     43.     36.     40.     30.     26.     20.     12.     11.      5.      8.      7.      2.      2.      8.      4.      5.      2.      5.      7.      5.      5.      4.      6.      3.      5.      6.      7.      3.      5.      4.      5.      3.      2.      4.      2.      4.      7.      3.      4.      5.      4.      1.      5.      3.      3.      4.      0.      4.
      3.      2.      4.      3.      4.      7.      6.      2.      7.      4.      3.      8.      4.      0.      6.      3.      2.      9.      6.      6.      8.      4.      6.      3.      3.      2.      2.      0.      2.      5.      4.      6.      7.      7.      1.      6.      6.      6.      8.      9.      9.      9.     14.     22.     23.     55.     39.     40.     45.     38.     48.     57.     61.     46.     49.     61.     56.     56.     52.     59.     61.     60.     68.     69.     56.     57.     87.     82.    102.     94.    100.    126.     96.    132.     98.    110.    133.    150.    166.    174.    194.    210.    219.    182.    209.    234.    222.    209.    260.    252.    244.    234.    249.    262.    224.    241.    223.    251.    241.    229.    217.    192.    257.    195.    201.    172.    152.    145.    133.    138.    106.    124.    108.    128.    115.    108.    121.     97.    101.     98.     79.     79.     54.     56.     51.     64.     56.     66.     53.     41.     54.     46.     38.     41.     48.     42.     43.     18.     29.     15.     17.      7.      5.      6.      3.      6.      4.      4.      6.      6.      3.      5.      6.      5.      1.      3.      8.      9.      6.      6.      5.      3.      4.      4.      4.      8.      2.      4.      2.      1.      6.      3.      6.      3.      1.      4.      4.      7.      0.      3.      4.      6.
      1.      5.      3.      3.      5.      3.      5.      6.      6.      3.      1.      4.      2.      4.      1.      1.      4.      3.      4.      6.      2.      2.      0.      8.      4.      7.      5.      6.      2.      7.      5.      0.      1.      3.      9.      4.      7.      3.      5.      4.      9.      8.     14.     26.     31.     32.     39.     24.     38.     50.     55.     54.     49.     45.     60.     58.     76.     57.     56.     54.     72.     60.     64.     55.     70.     73.     74.    113.     98.    106.    116.    108.    111.    117.    121.    124.    136.    151.    181.    212.    211.    227.    243.    222.    202.    207.    254.    240.    243.    262.    210.    264.    247.    254.    247.    245.    220.    236.    225.    234.    220.    217.    230.    200.    203.    171.    127.    145.    154.    147.    135.    121.    136.    137.    146.    116.    119.    112.    112.     93.     97.     54.     57.     62.     50.     48.     47.     46.     53.     65.     61.     41.     37.     59.     42.     32.     42.     22.     31.     18.     13.      7.      9.      1.      2.      6.      5.      2.      7.      2.      4.      6.      1.      3.      7.      5.      4.      2.      1.      2.      3.      4.      6.      4.      3.      6.      5.      2.      7.      4.      4.      7.      1.      6.      4.      5.      4.      3.      3.      7.      2.      1.
      3.      2.      4.      4.      4.      3.      4.      1.      6.      3.      3.      3.      5.      5.      4.      4.      3.      1.      6.      5.      2.      6.      6.      5.      2.      6.      4.      4.      8.      2.      5.      4.      7.      5.      7.      6.      3.      6.      6.      3.      5.     14.     11.     22.     31.     37.     33.     39.     38.     42.     44.     52.     37.     57.     57.     66.     53.     64.     52.     58.     69.     56.     68.     81.     55.     87.    105.     89.    115.     94.    103.    111.    121.    104.    121.    157.    174.    163.    187.    233.    173.    206.    238.    223.    234.    216.    244.    259.    238.    228.    241.    247.    236.    227.    247.    217.    238.    211.    250.    249.    227.    195.    210.    185.    152.    157.    146.    136.    158.    144.    141.    135.    132.    119.    122.    114.    109.     90.     87.     91.     72.     68.     73.     47.     47.     63.     53.     68.     57.     64.     32.     37.     40.     40.     49.     38.     39.     34.     20.     26.      8.      8.      6.      4.      1.      6.      4.      3.      2.      8.      4.      3.      2.      5.      4.      4.      4.      6.      5.      4.      4.      7.      7.      3.      4.      0.      7.      5.      5.      4.      6.      5.      4.      4.      4.      2.      4.      3.      7.      4.      2.      5.
      6.      1.      2.      1.      0.      3.      1.      3.      5.      4.      5.      5.      1.      3.      2.      7.      2.      3.      3.      2.      7.      4.      3.      4.      4.      1.      3.      2.      5.      5.      3.      8.      6.      3.      5.      5.      6.      6.      3.      7.      7.     15.     22.     30.     36.     46.     29.     31.     44.     45.     51.     42.     57.     47.     58.     59.     62.     51.     60.     61.     61.     58.     87.     74.     64.     77.     91.    102.    100.     92.    101.    104.    133.    122.    152.    174.    158.    185.    207.    241.    201.    228.    226.    203.    220.    196.    252.    226.    240.    231.    256.    230.    230.    217.    233.    227.    223.    240.    227.    186.    187.    188.    170.    158.    152.    158.    140.    160.    120.    160.    141.    153.    134.    137.    128.    123.    118.    110.     87.     83.     65.     61.     61.     63.     59.     74.     49.     54.     64.     52.     44.     43.     47.     46.     32.     32.     26.     27.     24.     26.     14.     11.      9.      4.      3.      4.      8.      6.      3.      8.      6.      4.      4.      3.      4.      4.      6.      2.      3.      3.      3.      4.      2.      4.      5.      3.      2.      2.      5.      2.      6.      4.      4.      1.      3.      6.      2.      3.      1.      6.      4.      4.
      5.      7.      1.      3.      8.      1.      1.      2.      7.      1.      5.      0.      2.      5.      5.      5.      6.      6.      5.      3.      4.      6.      6.      6.      6.      2.      4.      6.      1.      3.      7.      4.      5.      2.      3.      4.      6.      3.      5.     11.     10.     13.     17.     23.     26.     34.     44.     46.     39.     40.     46.     36.     46.     57.     50.     52.     51.     47.     50.     62.     58.     68.     79.     94.     80.     91.     90.     99.     97.     99.    106.    114.    130.    154.    154.    168.    216.    217.    201.    222.    215.    201.    230.    250.    223.    207.    204.    252.    224.    251.    227.    235.    235.    229.    233.    231.    196.    197.    199.    183.    180.    156.    161.    140.    171.    155.    131.    160.    160.    153.    142.    168.    138.    155.    142.    117.    111.     90.     68.     76.     63.     72.     56.     48.     46.     60.     49.     53.     48.     61.     50.     41.     41.     44.     43.     41.     40.     34.     28.     23.     11.      8.      9.      7.      4.      6.      4.      4.      4.      4.      1.      3.      2.      4.      4.      1.      5.      7.      2.      4.      7.      7.      4.      1.      5.      3.      3.      2.      4.      4.      2.     10.      2.      6.      6.      1.      4.      3.      4.      5.      5.      8.
      5.      3.      2.      7.      6.      5.      2.      3.      6.      7.      5.      2.      5.      4.      3.      5.      2.      3.      3.      3.      2.      4.      1.      5.      4.      4.      6.      3.      2.      7.      4.      7.      4.      4.      5.      2.      4.      4.      4.      9.     18.     16.     10.     22.     28.     40.     42.     45.     41.     62.     50.     53.     62.     53.     51.     59.     57.     60.     66.     64.     70.     76.     64.     73.     95.     93.     99.     96.    103.    110.    104.    102.    166.    172.    192.    199.    206.    238.    223.    263.    203.    247.    261.    240.    235.    248.    201.    220.    255.    233.    236.    187.    207.    211.    177.    213.    207.    199.    197.    183.    153.    158.    147.    171.    152.    143.    127.    159.    151.    158.    130.    149.    122.    135.    125.    107.    100.     87.     83.     54.     51.     49.     56.     58.     66.     67.     36.     50.     55.     43.     40.     51.     34.     41.     39.     43.     34.     24.     24.     23.     24.     17.     10.      4.      9.      3.      6.      2.      2.      6.      2.      4.      2.      2.      2.      0.      8.      7.      3.     10.      4.      4.      5.      6.      5.      4.      5.      4.      7.      2.      5.      4.      4.      4.      8.      5.      2.      3.      2.      8.      2.      2.
      4.      3.      5.      5.      1.      3.      4.      4.      2.      2.      5.      3.      6.      0.      4.      4.      5.      3.      2.      3.      4.      3.      2.      1.      5.      1.      2.      4.      4.      2.      3.      4.      2.      3.      3.      7.      3.      7.      6.      8.      6.     15.     20.     31.     36.     39.     50.     39.     48.     37.     56.     47.     53.     58.     55.     63.     54.     64.     64.     61.     69.     68.     73.     91.     65.     79.     73.     93.     99.    122.    139.    163.    172.    210.    188.    211.    235.    232.    225.    217.    219.    239.    230.    230.    219.    225.    226.    226.    251.    228.    204.    231.    215.    218.    206.    228.    190.    181.    169.    154.    144.    131.    144.    158.    166.    160.    149.    161.    147.    192.    152.    170.    113.    141.    124.    122.     89.     88.     74.     72.     50.     57.     59.     56.     57.     57.     51.     59.     48.     57.     46.     43.     33.     30.     37.     39.     29.     37.     20.     15.     25.     11.     10.      4.      7.      4.      3.      3.      6.      5.      3.      4.      2.      3.      6.      6.      1.      8.      5.      3.      3.      8.      2.      4.      4.      3.      4.      5.      3.      6.      1.      6.      6.      3.      4.      4.      5.      2.      2.      5.      8.      2.
      1.      5.      2.      4.      2.      5.      2.      5.      3.      3.      8.      5.      5.      4.      5.      1.      2.      4.      8.      3.      3.      1.      4.      3.      3.      5.      3.      4.      0.      7.      4.      6.      0.      9.      5.      5.      2.      4.      8.      5.     11.     21.     24.     27.     37.     47.     41.     46.     51.     42.     37.     51.     49.     52.     52.     54.     40.     63.     65.     61.     75.     71.     76.    102.     80.    117.    104.    105.    139.    156.    172.    161.    205.    207.    208.    221.    248.    204.    199.    220.    222.    242.    233.    241.    238.    221.    208.    254.    218.    201.    216.    170.    206.    193.    198.    171.    157.    141.    152.    148.    159.    134.    162.    171.    180.    160.    147.    182.    156.    142.    166.    119.    143.    132.    110.    105.     84.     73.     60.     46.     70.     47.     49.     57.     60.     61.     58.     39.     50.     56.     43.     55.     33.     30.     38.     39.     37.     37.     27.     23.     24.     14.     10.     11.      6.      5.      6.      7.      3.      2.      1.      5.      2.      2.      3.      7.      2.      5.      4.      3.      3.      3.      2.      4.      5.      2.      6.      2.      6.      5.      5.      4.      1.      2.      3.      3.      4.      4.      3.      2.      4.      1.
      6.      3.      5.      6.      3.      2.      7.      4.      7.      4.      2.      4.      7.      2.      5.      5.      0.      3.     11.      2.      6.      3.      1.      1.      2.      3.      5.      4.      2.      2.      7.      5.      4.      8.      6.      6.      4.      6.     13.     13.     12.     18.     32.     43.     44.     45.     51.     46.     51.     48.     55.     39.     52.     46.     89.     62.     48.     56.     66.     62.     61.     81.     85.     86.     77.    105.     93.    104.    143.    182.    160.    193.    201.    209.    201.    224.    214.    240.    225.    244.    198.    211.    238.    225.    240.    233.    232.    232.    232.    216.    211.    177.    181.    196.    198.    189.    179.    179.    176.    163.    151.    148.    135.    162.    170.    176.    145.    147.    167.    153.    154.    133.    154.    132.    114.    105.     77.     61.     61.     61.     56.     67.     52.     48.     55.     55.     50.     48.     53.     48.     51.     49.     42.     35.     39.     38.     37.     36.     28.     24.     14.     16.     10.      7.      9.      5.      5.      2.      2.      4.      6.      6.      4.      5.      3.      4.      3.      6.      7.      3.      3.      3.      2.      5.      1.      3.      5.      2.      6.      2.      3.      3.      7.      6.      1.      7.      5.      5.      2.      5.      5.      6.
      7.      6.      3.      3.      3.      9.      3.      5.      3.      2.      3.      3.      2.      2.      3.      6.      6.      4.      0.      5.      2.      4.      6.      2.      1.      2.      4.      3.      4.      4.      5.      5.      1.      1.      1.      5.      6.      7.     10.     18.     19.     24.     34.     39.     44.     39.     51.     54.     51.     57.     45.     54.     62.     56.     57.     48.     63.     56.     48.     74.     66.     84.     70.     86.    105.     98.    121.    158.    190.    185.    194.    222.    192.    220.    199.    232.    223.    226.    239.    224.    241.    238.    225.    208.    245.    221.    201.    243.    229.    188.    208.    166.    197.    165.    185.    179.    154.    143.    154.    175.    171.    152.    172.    152.    158.    151.    147.    158.    145.    159.    145.    130.    121.    134.    114.    105.     70.     84.     53.     59.     67.     58.     53.     57.     51.     42.     44.     55.     41.     53.     43.     46.     49.     36.     43.     42.     34.     30.     32.     31.     18.     19.     15.      8.      8.      8.      7.      2.      7.      5.      1.      4.      3.      0.      4.      4.      5.      3.      6.      7.      1.      6.      4.      7.      4.      4.      6.      8.      4.      3.      3.      4.      5.      6.      4.      7.      5.      4.      5.      4.      4.      5.
      2.      4.      4.      3.      1.      5.      1.      1.      4.      2.      2.      2.      9.      5.      1.      3.      4.      5.      7.      2.      5.      4.      5.      7.      4.      4.      8.      8.      7.      2.      1.      6.      2.      2.      1.      5.      6.      5.      7.     19.     33.     31.     37.     42.     45.     42.     51.     40.     48.     51.     53.     55.     57.     52.     53.     53.     68.     63.     57.     65.     71.     76.     78.    101.    105.    133.    155.    156.    192.    192.    196.    200.    187.    220.    238.    237.    238.    223.    228.    215.    214.    204.    227.    232.    201.    230.    250.    235.    229.    174.    178.    195.    192.    177.    147.    166.    131.    152.    159.    168.    164.    157.    157.    166.    162.    153.    147.    145.    159.    145.    157.    120.    105.    120.     99.    108.     88.     66.     89.     49.     57.     64.     60.     43.     67.     67.     45.     49.     53.     51.     48.     49.     41.     37.     43.     41.     44.     38.     33.     24.     32.     24.     19.     11.     10.      4.      7.      5.      6.      2.      1.      3.      5.      6.      3.      3.      7.      2.      2.      4.      4.      5.      2.      1.      5.      3.      3.      2.      3.      3.      4.      2.      0.      7.      7.      6.      1.      2.      6.      3.      1.      4.
      4.      2.      5.      1.      3.      2.      6.      1.      2.      9.      1.      2.      3.      5.      4.      4.      3.      4.      5.      4.      7.      5.      6.      7.      3.      5.      1.      6.      3.      6.      4.      3.      1.      3.      5.     10.     10.      9.     16.     19.     26.     25.     36.     41.     55.     45.     41.     67.     47.     63.     52.     53.     50.     68.     72.     44.     58.     72.     48.     60.     72.     76.     88.    114.    116.    145.    165.    179.    205.    174.    210.    198.    227.    259.    220.    199.    244.    254.    257.    216.    215.    212.    248.    244.    224.    205.    220.    223.    170.    199.    165.    178.    162.    161.    169.    154.    154.    165.    158.    168.    162.    140.    167.    145.    147.    144.    133.    155.    144.    158.    142.    126.    107.    103.    117.     99.     76.     70.     53.     55.     54.     57.     52.     51.     49.     51.     54.     43.     57.     43.     47.     41.     40.     44.     43.     28.     50.     36.     33.     28.     24.     24.     11.      7.      8.      8.      4.      5.      5.      3.      6.      3.      6.      1.      4.      5.      3.      6.      5.      3.      5.      3.      3.      5.      2.      4.      4.      6.      3.      7.      2.      1.      7.      4.      3.      2.      8.      5.      5.      5.      4.      3.
      3.      4.      1.      7.      4.      6.      2.      4.      1.      2.      5.      3.      6.      3.      5.      3.      4.      4.      8.      9.      6.      2.      1.      6.      7.      6.      9.      1.      4.      2.      5.      4.      4.      2.      4.     11.      8.     12.     20.     28.     19.     29.     42.     54.     40.     44.     59.     70.     45.     47.     52.     63.     46.     57.     64.     66.     75.     71.     51.     60.     85.     95.    127.    148.    132.    176.    200.    192.    190.    180.    188.    218.    243.    208.    213.    233.    232.    229.    211.    218.    208.    215.    213.    218.    258.    198.    227.    190.    182.    174.    166.    151.    168.    165.    140.    163.    169.    168.    175.    163.    144.    173.    158.    138.    161.    166.    152.    133.    145.    124.    123.    120.     99.    108.     93.     88.     80.     63.     72.     73.     59.     54.     48.     54.     55.     46.     47.     48.     50.     63.     47.     41.     42.     46.     44.     44.     39.     37.     36.     42.     46.     19.     23.     13.     10.     13.      6.      2.      6.      3.      2.      5.      3.      7.      4.      4.      3.      2.      5.      6.      2.      4.      2.      3.      4.      2.      7.      7.      4.      7.      3.      6.      2.      2.      4.      2.      5.      5.      2.      4.      6.      3.
      3.      1.      5.      7.      2.      6.      4.      4.      4.      4.      8.      0.      9.      3.      1.      3.      3.      2.      6.      5.      5.      4.      6.      1.      3.      5.      3.      2.      1.      1.      4.      2.      8.      2.      6.     13.      5.     14.     30.     27.     35.     53.     56.     41.     43.     44.     54.     63.     49.     60.     57.     45.     51.     35.     51.     71.     64.     66.     73.     75.     87.    120.    134.    169.    179.    168.    192.    198.    205.    198.    198.    187.    229.    216.    214.    193.    228.    206.    235.    236.    216.    235.    203.    215.    220.    196.    197.    218.    192.    155.    147.    158.    147.    162.    161.    163.    181.    168.    141.    165.    149.    117.    128.    147.    133.    144.    137.    155.    150.    136.    119.    123.    120.    102.     94.     85.     60.     52.     67.     65.     73.     73.     55.     57.     61.     56.     53.     47.     49.     62.     49.     41.     43.     44.     32.     44.     46.     46.     41.     38.     33.     32.     33.     16.     18.      9.      7.      8.      7.      6.      4.      2.      2.      3.      7.      6.      2.      3.      4.      7.      5.      4.      2.      7.      5.      5.      2.      7.      5.      4.      7.      3.      4.      5.      4.      5.      4.      7.      3.      3.      3.      3.
      6.      3.      0.      2.      4.      7.      4.      4.      2.      3.      6.      6.      6.      3.      3.      3.      1.      4.      3.      5.      8.      3.      5.      3.      2.      2.      2.      8.      5.      4.      2.      3.      4.      5.     11.     14.     22.     15.     24.     35.     35.     41.     49.     47.     47.     66.     64.     58.     63.     43.     57.     55.     55.     62.     44.     55.     53.     68.     84.    116.    122.    151.    177.    157.    170.    209.    160.    209.    201.    218.    227.    222.    227.    248.    208.    218.    223.    218.    208.    210.    202.    219.    244.    215.    199.    198.    188.    181.    177.    154.    160.    159.    144.    162.    159.    153.    137.    160.    160.    154.    164.    131.    144.    141.    159.    143.    127.    137.    140.    106.    125.    119.     94.    113.     92.     85.     81.     78.     74.     67.     74.     56.     60.     61.     60.     39.     48.     46.     44.     51.     41.     40.     56.     51.     49.     48.     46.     39.     44.     38.     39.     42.     20.     30.     15.     25.     11.     14.      9.      7.      5.      5.      4.      5.      2.      1.      5.      1.      7.      1.      2.      3.      7.      1.      0.      4.      2.      2.      7.      5.      3.      3.      4.      7.      7.      2.      5.      7.      4.      4.      4.      3.
      1.      4.      5.      2.      2.      5.      3.      7.      4.      5.      3.      4.      4.      5.      6.      4.      9.      3.      0.      2.      5.      4.      2.      3.      9.      3.      2.      7.      3.      4.      4.      6.      2.      5.     16.     15.     19.     22.     34.     39.     37.     39.     64.     46.     42.     59.     51.     53.     50.     51.     59.     67.     60.     48.     54.     61.     70.     75.     65.     94.    146.    156.    155.    183.    184.    236.    199.    219.    197.    227.    206.    250.    215.    252.    207.    197.    218.    204.    184.    231.    212.    225.    208.    196.    194.    202.    181.    165.    166.    174.    160.    160.    173.    147.    177.    158.    144.    163.    155.    148.    151.    116.    124.    135.    147.    138.    137.    132.    132.    142.    137.    107.    104.     85.     90.     80.     75.     72.     55.     55.     59.     58.     61.     52.     57.     41.     49.     54.     50.     56.     54.     40.     39.     49.     44.     40.     39.     62.     45.     47.     50.     37.     33.     27.     32.     17.     17.     14.     11.      6.      3.      4.      6.      3.      6.      4.      4.      7.      3.      6.      1.      5.      3.      5.      5.      3.      4.      2.      1.      9.      2.      6.      3.      3.      4.      3.      8.      6.      4.      4.      6.      3.
      3.      2.      3.      1.      7.      2.      3.      5.      3.      7.      3.      7.      5.      3.      3.      4.      5.      3.      7.      2.      3.      7.      9.      4.      0.      3.      3.      3.      3.      8.      5.      4.      6.      8.     12.     26.     29.     31.     32.     34.     43.     45.     51.     42.     55.     41.     52.     53.     60.     45.     66.     53.     64.     54.     66.     73.     80.     89.     98.    124.    143.    148.    186.    198.    192.    208.    191.    213.    213.    228.    226.    228.    229.    204.    218.    203.    215.    243.    219.    221.    210.    218.    195.    181.    197.    188.    189.    182.    197.    189.    181.    153.    159.    163.    165.    162.    153.    155.    169.    157.    129.    155.    119.    146.    129.    127.    118.    125.    112.    145.    102.    109.    104.    114.    115.     93.     86.     66.     69.     65.     59.     68.     55.     63.     59.     44.     57.     45.     69.     42.     54.     42.     35.     52.     47.     46.     46.     43.     49.     35.     29.     44.     37.     28.     35.     30.     15.     14.     10.      5.      4.      5.      3.      7.      4.      6.      4.      5.      4.      3.      4.      2.      8.      7.      7.      4.      1.      5.      5.      0.      4.      2.      3.     12.      6.      2.      4.      6.      7.      2.      5.      4.
      3.      2.      8.      2.      2.      5.      2.      6.      6.      2.      3.      5.      4.      4.      4.      8.      4.      7.      6.      4.      4.      2.      9.      2.      1.      3.      2.      3.      7.      4.      3.      6.      7.     13.     18.     30.     21.     43.     44.     34.     33.     67.     49.     50.     42.     53.     50.     69.     62.     52.     56.     70.     49.     60.     78.     76.     91.     92.    121.    144.    140.    185.    185.    175.    170.    197.    178.    223.    209.    190.    206.    210.    212.    241.    237.    202.    217.    211.    231.    200.    172.    204.    225.    201.    181.    187.    203.    185.    171.    184.    164.    168.    144.    166.    180.    180.    177.    149.    177.    150.    142.    132.    137.    137.    146.    126.    112.    120.    129.    116.    107.    119.    108.     84.    101.     83.     72.     80.     66.     73.     74.     51.     49.     53.     58.     58.     49.     58.     53.     56.     51.     50.     43.     51.     49.     52.     41.     33.     43.     51.     42.     46.     45.     28.     19.     30.     18.     21.     13.      6.      1.      6.      6.      3.      7.      7.      2.      5.      3.      4.      4.      1.      3.      1.      7.      3.      5.      7.      6.      7.      8.      4.      7.      6.      4.      2.      7.      1.      3.      4.      7.      2.
      4.      3.      4.      7.      2.      4.      3.      3.      4.      7.      5.      7.      2.      5.      4.      4.      7.      6.      2.      4.      2.      5.      1.      5.      7.      4.      4.      5.      3.      2.      5.     12.      7.     19.     24.     28.     37.     40.     39.     32.     53.     43.     39.     56.     52.     60.     61.     56.     54.     61.     57.     68.     63.     58.     83.     92.    116.    123.    125.    173.    187.    172.    175.    192.    188.    194.    220.    187.    195.    212.    199.    204.    195.    225.    204.    188.    189.    210.    222.    184.    202.    190.    217.    175.    184.    214.    210.    172.    187.    174.    155.    128.    173.    172.    157.    138.    173.    150.    158.    145.    128.    141.    137.    148.    130.    117.    112.    121.    132.    121.    106.    106.     98.    111.     88.     98.     66.     66.     76.     74.     60.     59.     75.     62.     66.     52.     53.     63.     53.     42.     52.     39.     39.     44.     48.     42.     50.     55.     47.     45.     38.     31.     36.     34.     37.     29.     28.     24.     18.     10.      8.      6.      4.      1.      6.      2.      4.      4.      1.      3.      7.      5.      5.      5.      4.      4.      3.      9.      5.      4.      5.      7.      5.      5.      5.      5.      6.      4.      7.      4.      2.      4.
      4.      4.      4.      1.      3.      4.      3.      6.      1.      5.      6.      2.      7.      2.      2.      5.      1.      2.      2.      2.      1.      6.      5.      5.      3.      3.      5.      9.      2.      3.      5.      6.      7.     27.     26.     36.     20.     42.     45.     40.     46.     40.     41.     39.     58.     56.     48.     47.     43.     51.     67.     64.     66.     66.     79.    119.    119.    133.    168.    163.    182.    160.    170.    210.    177.    214.    202.    224.    200.    209.    211.    177.    214.    202.    208.    208.    200.    200.    188.    185.    186.    184.    206.    196.    196.    171.    171.    188.    156.    153.    157.    145.    139.    138.    166.    180.    146.    140.    154.    143.    136.    121.    126.    135.    127.    124.    111.    132.    102.    114.    114.     95.     94.     90.    115.     92.     79.     70.     55.     59.     63.     64.     59.     78.     53.     54.     55.     59.     56.     59.     48.     54.     42.     57.     51.     47.     51.     39.     30.     42.     34.     47.     44.     31.     36.     33.     23.     29.     13.      4.     10.      6.      1.      5.      6.      5.      4.      1.      2.      4.      5.      3.      5.      7.      7.      2.      2.      1.      2.      3.      1.      1.      2.      5.      1.      0.      2.      4.      4.      4.      5.      4.
      8.      2.      0.      5.      4.      3.      3.      4.      4.      6.      2.      8.      5.      3.      7.      4.      6.      3.      6.      6.      2.      4.      3.      4.      6.     10.      5.      3.      1.      2.      6.     14.     21.     31.     46.     34.     40.     36.     41.     51.     49.     48.     55.     44.     59.     47.     48.     59.     54.     62.     56.     55.     78.     77.     89.    132.    150.    153.    171.    162.    169.    184.    194.    190.    195.    215.    207.    202.    218.    204.    213.    187.    211.    177.    168.    188.    187.    195.    182.    190.    182.    216.    228.    225.    213.    189.    168.    175.    137.    156.    148.    154.    138.    145.    172.    152.    136.    147.    125.    151.    140.    124.    148.    118.    118.    122.    110.    121.    131.    110.    104.     99.    105.     87.     83.     80.     69.     68.     66.     61.     66.     53.     48.     57.     53.     65.     49.     48.     65.     51.     64.     57.     55.     57.     47.     44.     47.     36.     50.     41.     28.     40.     36.     41.     39.     39.     28.     44.     24.     16.     16.     10.      9.      2.      2.      2.      6.      5.      3.      6.      9.      6.      4.      1.      3.      3.      6.      5.      3.      1.      3.      1.      7.      8.      2.      6.      7.      6.      6.      4.      5.      3.
      2.      4.      4.      6.      2.      4.      4.      4.      5.      4.      4.      4.      8.      4.      3.      3.      3.      6.      4.      5.      1.      6.      6.      4.      3.      7.      4.      0.      4.      8.     18.     18.     14.     30.     30.     58.     44.     42.     30.     59.     44.     37.     51.     51.     56.     54.     53.     67.     61.     66.     66.     61.     77.    107.    101.    133.    122.    155.    182.    174.    177.    191.    202.    172.    208.    188.    193.    208.    224.    199.    190.    197.    188.    217.    198.    184.    179.    211.    192.    204.    177.    184.    202.    210.    210.    176.    155.    160.    148.    144.    153.    149.    162.    141.    171.    164.    135.    160.    131.    124.    130.    129.    128.    141.    111.    115.    122.    111.    101.     89.     90.    107.     87.     85.     80.     85.     84.     81.     68.     77.     66.     57.     44.     60.     54.     56.     38.     45.     62.     54.     63.     48.     45.     50.     52.     48.     47.     52.     50.     44.     30.     44.     32.     28.     33.     38.     30.     29.     17.     16.     14.      9.     10.      8.      7.      6.      4.      4.      2.      3.      4.      7.      5.      1.      3.      3.      3.      7.      5.      7.      4.      2.      5.      7.      6.      1.      4.      3.      5.      3.      2.      4.
      8.      3.      4.      6.      3.      4.      2.      0.      4.      4.      4.      6.      5.      2.      0.      7.      5.      3.      2.      3.      5.      5.      7.      6.      4.      5.      4.      5.      8.     12.     23.     20.     28.     27.     28.     50.     43.     51.     35.     36.     44.     66.     40.     48.     52.     58.     57.     55.     59.     51.     77.     80.    104.    101.    106.    139.    165.    159.    186.    153.    173.    170.    171.    166.    185.    220.    217.    182.    201.    208.    169.    188.    187.    194.    196.    161.    191.    211.    215.    197.    180.    206.    209.    184.    191.    181.    139.    156.    125.    145.    148.    140.    138.    167.    156.    138.    171.    167.    141.    123.    128.    135.    134.    122.    113.    109.    115.    117.     94.     88.     98.    107.     91.     87.     93.     80.     87.     68.     66.     45.     70.     49.     56.     53.     58.     62.     61.     60.     61.     52.     67.     62.     40.     53.     36.     54.     48.     31.     41.     44.     44.     30.     37.     49.     49.     34.     32.     29.     35.     21.     14.     11.      7.      6.      5.      7.      3.      1.      3.      4.      4.      4.      3.      5.      3.      1.      5.      3.      2.      7.      2.      1.      3.      3.      4.      8.      6.      1.      0.      3.      6.      6.
      3.      6.      3.      6.      6.      3.      5.      3.      5.      4.      5.      2.      7.      6.      4.      1.      5.      5.      3.      2.      5.      6.      6.      5.      4.      3.      6.      5.     11.     14.     17.     32.     24.     35.     38.     37.     35.     31.     56.     51.     43.     57.     41.     57.     43.     57.     60.     61.     72.     58.     77.     97.     99.    116.    111.    137.    136.    164.    173.    152.    170.    186.    198.    181.    191.    194.    204.    201.    197.    214.    180.    196.    198.    199.    197.    186.    202.    197.    193.    210.    215.    212.    200.    225.    197.    158.    150.    137.    155.    139.    129.    147.    154.    140.    125.    169.    123.    141.    137.    155.    134.    110.    111.    129.    125.    106.    104.    119.    113.    122.    101.     88.     87.     91.    108.     88.     69.     71.     73.     52.     71.     58.     50.     44.     68.     39.     53.     43.     67.     60.     59.     72.     58.     50.     41.     52.     48.     37.     57.     54.     31.     36.     35.     38.     39.     59.     37.     41.     28.     25.     27.     16.     15.      8.      7.      4.      3.      3.      2.      3.      6.      4.      5.      4.      3.      2.      5.      4.      7.      4.      4.      4.      4.      5.      4.      2.      3.      5.      6.      5.      3.      7.
      2.      8.      2.      3.      4.      6.      8.      4.      6.      6.      4.      6.      1.      2.      3.      7.      1.      7.      3.      3.      5.      6.      4.      2.      5.      2.     11.      7.     12.     10.     19.     26.     36.     40.     32.     43.     44.     45.     44.     34.     50.     43.     54.     42.     48.     64.     53.     59.     58.     66.     83.    120.     96.    120.    143.    123.    146.    152.    185.    164.    194.    179.    205.    211.    185.    206.    203.    208.    206.    201.    202.    179.    189.    193.    193.    210.    191.    222.    227.    226.    202.    213.    203.    188.    200.    164.    147.    181.    153.    132.    132.    117.    151.    135.    123.    145.    152.    130.    156.    144.    142.    134.    127.    126.    117.    113.    119.     99.    106.    102.     91.     87.     98.     98.     82.     76.     81.     70.     70.     71.     55.     52.     53.     60.     57.     53.     68.     57.     64.     69.     75.     57.     54.     66.     60.     58.     62.     45.     46.     43.     50.     43.     49.     41.     38.     32.     44.     37.     24.     27.     22.     35.     16.     12.      5.      6.      1.      8.      2.      8.      2.      2.      5.      2.      4.      3.      2.      4.      2.      0.      7.      2.      4.      4.      2.      5.      2.      3.      6.      8.      7.      3.
      4.      3.      2.      4.      3.      7.      5.      2.      3.      3.      8.      9.      5.      7.      1.      2.      4.      3.      5.      6.      2.      8.      2.      4.      4.      3.      9.     10.      9.     20.     24.     33.     36.     45.     36.     45.     44.     49.     51.     44.     39.     63.     54.     54.     58.     47.     47.     72.     60.     71.    115.    104.    119.    126.    141.    174.    151.    154.    171.    164.    174.    186.    172.    185.    166.    203.    168.    198.    194.    184.    190.    176.    188.    210.    184.    200.    225.    194.    211.    208.    209.    185.    216.    190.    163.    142.    135.    136.    134.    120.    124.    131.    126.    134.    131.    139.    149.    139.    163.    140.    129.    114.    129.    117.    100.    111.     95.    122.    111.     86.     88.     96.     87.     70.     85.    103.     85.     65.     70.     60.     46.     65.     60.     60.     63.     60.     61.     57.     73.     61.     74.     56.     59.     54.     61.     57.     48.     51.     39.     52.     39.     48.     43.     38.     48.     41.     34.     31.     37.     25.     22.     17.     11.     20.      7.      6.      4.      2.      3.      7.      3.      2.      2.      3.      4.      1.      5.      6.      4.      5.      3.      4.      4.      6.      0.      6.      6.      3.      5.      0.      2.      2.
      7.      2.      3.      5.      5.      6.      8.      2.      3.      7.      1.      2.      3.      2.      4.      4.      4.      4.      1.      5.      3.      5.      6.      1.      7.      8.      5.     12.     22.     29.     29.     25.     33.     46.     32.     42.     38.     51.     50.     45.     39.     46.     56.     39.     42.     57.     56.     64.     69.     73.    103.    104.    119.    148.    149.    144.    158.    168.    162.    208.    184.    178.    165.    176.    166.    191.    178.    172.    204.    186.    184.    197.    221.    194.    214.    208.    198.    185.    208.    200.    210.    212.    188.    166.    169.    155.    157.    129.    142.    132.    122.    112.    154.    127.    133.    115.    152.    156.    150.    138.    155.    124.    122.    132.    105.    109.    122.     95.     89.    105.    101.     98.     93.     90.     82.     63.     71.     68.     60.     54.     49.     43.     42.     47.     52.     60.     56.     54.     68.     63.     57.     57.     68.     63.     64.     35.     50.     35.     50.     55.     53.     51.     42.     47.     37.     41.     26.     41.     29.     29.     39.     23.     25.     16.      9.     12.      6.      8.      3.     10.      4.      7.      5.      4.      6.      6.      7.      4.      2.      7.      6.      5.      2.      5.      5.      4.      2.      3.      4.      5.      4.      2.
      5.      5.      3.      5.      4.      6.      6.      8.      4.      1.      5.      2.      3.      5.      7.      2.      6.      5.      4.      8.      6.      5.      4.      3.      5.      3.     13.     13.     20.      9.     34.     44.     35.     29.     49.     32.     48.     36.     64.     59.     55.     71.     61.     67.     43.     47.     46.     58.     87.     94.    109.    118.    110.    128.    158.    122.    157.    148.    183.    183.    181.    182.    217.    204.    173.    176.    185.    167.    182.    209.    209.    205.    220.    219.    213.    182.    231.    231.    206.    201.    206.    204.    177.    188.    171.    150.    141.    166.    132.    129.    133.    100.    138.    142.    136.    145.    134.    128.    152.    133.    135.    114.    115.    112.    122.    109.    110.     99.    105.    112.    106.     90.     84.     82.     82.     82.     64.     61.     74.     51.     49.     63.     41.     60.     70.     65.     54.     56.     58.     56.     68.     55.     64.     56.     57.     52.     46.     49.     45.     43.     56.     44.     35.     37.     40.     41.     38.     36.     41.     36.     33.     30.     19.     19.     11.      8.      5.      3.      7.      3.      8.      3.      3.      4.      4.      3.      6.      2.      6.      2.      1.      4.      1.      2.      5.      5.      1.      5.      4.      3.      4.      5.
      1.      1.      5.      3.      6.      2.      4.      2.      6.      7.      3.      1.      4.      5.      5.      7.      4.      6.      7.      3.      5.      5.      7.      5.     10.      4.     15.     14.     16.     29.     26.     36.     29.     46.     43.     47.     43.     40.     45.     43.     38.     47.     51.     55.     53.     60.     68.     75.     66.     76.     97.    106.    131.    152.    138.    146.    146.    157.    189.    155.    171.    170.    209.    169.    164.    194.    190.    170.    202.    187.    203.    205.    207.    212.    207.    205.    225.    215.    213.    197.    178.    194.    170.    173.    159.    145.    145.    155.    125.    124.    148.    130.    143.    132.    146.    143.    131.    156.    137.    132.    130.    135.    113.    117.    124.     99.     95.    113.     96.     94.     96.    102.     77.     93.     83.     71.     75.     70.     75.     70.     52.     50.     53.     64.     52.     62.     64.     58.     62.     63.     68.     71.     80.     59.     67.     51.     61.     50.     37.     44.     37.     47.     45.     57.     41.     51.     42.     34.     31.     36.     19.     29.     27.     21.      7.      7.      9.      5.      3.      3.      3.      2.      1.      2.      2.      5.      3.      3.      4.      1.      6.      7.      5.      3.      5.      4.      7.      4.      3.      1.      1.      8.
      5.      8.      1.      2.      2.      3.      6.      2.      6.      3.      4.      4.      4.      4.      4.      2.      3.      3.      5.      3.      3.      2.      2.      2.      9.      7.      9.     14.     27.     25.     31.     37.     30.     37.     33.     53.     40.     39.     43.     43.     44.     59.     56.     60.     50.     61.     67.     69.     84.    103.    127.    123.    121.    140.    129.    141.    180.    183.    161.    158.    171.    158.    155.    160.    176.    178.    194.    214.    203.    247.    183.    216.    215.    220.    182.    212.    204.    209.    211.    161.    197.    188.    164.    180.    147.    151.    130.    121.    145.    148.    121.    133.    125.    120.    142.    140.    118.    138.    143.    128.    127.    120.    136.    104.    123.    116.    111.    103.    103.    103.     73.     97.     83.     71.     89.     67.     73.     60.     79.     53.     55.     52.     58.     61.     55.     49.     60.     62.     60.     52.     57.     76.     72.     71.     57.     62.     50.     44.     44.     51.     35.     40.     46.     48.     35.     51.     40.     49.     37.     37.     35.     28.     28.     16.     17.     11.      9.      5.      7.      7.      6.      4.      3.      2.      3.      6.      3.      5.      3.      4.      1.      4.      5.      3.      3.      4.      5.      6.      3.      1.      4.      5.
      5.      3.      2.      4.      3.      4.      5.      6.      4.      3.      3.      5.      5.      2.      7.      1.      7.      5.      6.      2.      6.      1.      8.      2.      5.     12.     12.     13.     23.     27.     39.     33.     45.     30.     38.     44.     51.     40.     55.     40.     61.     49.     53.     50.     45.     54.     68.     65.     86.    103.    123.    135.    143.    141.    131.    156.    140.    162.    154.    158.    155.    188.    173.    156.    179.    204.    182.    192.    182.    183.    190.    221.    215.    224.    198.    177.    210.    212.    202.    193.    150.    165.    173.    151.    154.    140.    134.    143.    125.    118.    134.    117.    128.    138.    134.    132.    159.    129.    143.    130.    146.    122.    122.    109.    115.    114.    107.     87.     95.    102.     89.     95.     89.     83.     79.     83.     69.     67.     62.     57.     56.     53.     49.     54.     53.     43.     54.     63.     56.     67.     73.     63.     71.     68.     64.     57.     44.     40.     35.     50.     47.     42.     44.     36.     44.     49.     44.     42.     37.     29.     30.     39.     27.     18.     23.     10.      8.      3.      3.      1.      4.      5.      2.      2.      3.      4.      4.      3.      5.      2.      1.      2.      3.      4.      7.      9.      3.      6.      1.      8.      2.      4.
      2.      1.      6.      5.      8.      3.      2.      2.      5.      2.      4.      3.      1.      3.      5.      5.      6.      6.      1.      6.      9.      3.      5.      3.      5.      9.     10.     19.     20.     31.     23.     32.     42.     32.     40.     39.     41.     43.     39.     49.     44.     47.     49.     41.     51.     56.     78.     76.     69.     72.     96.    125.    130.    132.    147.    152.    145.    142.    154.    135.    173.    156.    154.    183.    181.    178.    206.    202.    190.    189.    204.    220.    197.    228.    200.    183.    218.    205.    179.    173.    182.    171.    161.    148.    165.    127.    136.    138.    115.    117.    121.    101.    131.    142.    141.    129.    113.    164.    145.    136.    126.    140.    114.    119.    127.    113.     99.     98.    103.     93.     73.     93.     86.     81.     84.     73.     49.     68.     70.     56.     65.     55.     48.     52.     54.     68.     52.     60.     54.     71.     66.     66.     81.     68.     64.     48.     55.     46.     43.     52.     53.     46.     51.     42.     40.     44.     53.     34.     28.     41.     25.     41.     23.     20.     14.     15.     10.      8.      5.      5.      7.      6.      6.      2.      5.      9.      7.      2.      3.      2.      6.      2.      2.      4.     11.      5.      6.      2.      3.      5.      5.      4.
      3.      7.      3.      7.      0.      4.      5.      8.      4.      0.      4.      6.      7.      4.      1.      3.      5.      3.      2.      6.      4.      3.      1.      1.      6.      9.     17.     13.     22.     30.     30.     32.     44.     42.     40.     37.     43.     42.     58.     35.     45.     49.     51.     54.     63.     60.     71.     86.     91.    102.    111.    138.    150.    129.    130.    145.    160.    150.    166.    146.    158.    166.    190.    179.    182.    202.    227.    201.    214.    208.    193.    200.    190.    206.    226.    202.    195.    199.    192.    187.    162.    162.    157.    153.    149.    141.    144.    108.    130.    125.    136.    117.    128.    129.    166.    136.    148.    133.    137.    166.    119.    123.    132.    123.    124.    118.    100.     84.     87.     83.    100.     77.     89.     81.     84.     72.     83.     60.     39.     64.     60.     52.     59.     53.     51.     59.     58.     63.     63.     77.     73.     76.     83.     74.     63.     69.     56.     54.     59.     45.     55.     50.     43.     43.     41.     49.     40.     40.     36.     45.     34.     29.     48.     26.     20.      9.     10.      6.      2.      4.      3.      4.      4.      2.      6.      5.      2.      3.      2.      1.      5.      7.      3.      4.      5.      4.      0.      6.      5.      5.      1.      3.
      1.      5.      0.      7.      2.      6.      4.      3.      1.      3.      2.      4.      6.      6.      3.      3.      3.      1.      3.      3.      2.      6.      6.      1.     13.     11.     14.     15.     19.     28.     32.     32.     57.     36.     29.     39.     41.     43.     43.     37.     50.     54.     44.     48.     43.     53.     57.     71.     71.     87.    107.    123.    117.    142.    148.    160.    142.    162.    141.    174.    168.    184.    187.    185.    184.    188.    187.    175.    198.    208.    204.    201.    197.    209.    177.    183.    199.    182.    165.    195.    182.    158.    170.    172.    152.    132.    140.    135.    123.    132.    127.    127.    130.    121.    155.    123.    128.    150.    133.    131.    118.    120.    108.    106.    104.    118.    122.    113.    117.    103.     95.    107.     82.     78.     76.     57.     77.     55.     63.     48.     56.     49.     55.     52.     61.     56.     47.     63.     69.     67.     66.     61.     68.     82.     76.     64.     65.     46.     53.     43.     43.     45.     43.     36.     43.     40.     43.     44.     42.     39.     27.     30.     28.     17.     20.     11.      5.      4.      3.      1.      7.      6.      3.      3.      2.      0.      6.      3.      4.      5.      2.      4.      4.      4.      2.      5.      5.      3.      4.      1.      1.      8.
      4.      7.      4.      3.      4.      3.      3.      2.      5.      3.      5.      6.      2.      5.      5.      3.      4.      7.      4.      4.      4.      6.      6.      5.      9.     11.     20.     26.     24.     23.     41.     32.     36.     36.     49.     45.     50.     38.     54.     40.     45.     46.     55.     47.     56.     64.     60.     84.     87.    102.     95.     93.    129.    146.    130.    147.    154.    157.    149.    155.    173.    174.    164.    174.    189.    178.    189.    183.    219.    178.    202.    187.    195.    195.    190.    201.    210.    193.    213.    170.    154.    172.    159.    176.    141.    155.    143.    145.    149.    126.    127.    130.    128.    133.    131.    125.    140.    143.    148.    129.    121.    121.    125.    120.     86.    109.    102.     96.    112.     85.    115.     90.     76.     76.     83.     68.     60.     56.     48.     54.     62.     60.     71.     50.     48.     67.     59.     43.     57.     64.     66.     84.     75.     87.     70.     53.     49.     62.     47.     62.     55.     45.     39.     45.     41.     42.     43.     39.     34.     45.     34.     50.     28.     18.     20.     11.      9.     10.      5.      5.      3.      4.      3.      3.      2.      7.      4.      1.      2.      2.     11.      6.      2.      3.      1.      7.      1.      7.      4.      3.      7.      1.
      2.      7.      2.      2.      1.      6.      0.      4.      6.      4.      1.      5.      3.      5.      1.      4.      6.      1.      3.      5.      4.      7.      3.      3.      6.     11.     17.     25.     24.     35.     26.     40.     37.     40.     49.     48.     37.     45.     35.     43.     47.     66.     51.     49.     58.     60.     62.     66.     66.     98.     92.     95.    146.    127.    128.    147.    141.    140.    162.    174.    172.    183.    194.    192.    203.    186.    186.    211.    190.    207.    187.    200.    195.    201.    204.    172.    200.    169.    193.    196.    153.    178.    176.    163.    144.    133.    121.    142.    132.    130.    121.    142.    144.    133.    121.    140.    140.    143.    126.    137.    111.    104.    107.    105.    100.    120.    110.     99.    101.     98.     82.     91.     75.     89.     70.     72.     63.     63.     56.     65.     52.     53.     62.     50.     56.     64.     67.     67.     69.     69.     70.     78.     82.     74.     63.     46.     60.     43.     50.     48.     43.     51.     54.     35.     36.     44.     31.     37.     42.     39.     37.     41.     30.     26.     20.     12.     14.      7.      5.      3.      8.      3.      6.      3.      5.      6.      2.      7.      4.      4.      5.      2.      6.      3.      4.      3.      4.      4.      6.      3.      4.      2.
      7.      3.      6.      2.      8.      3.      4.      4.      4.      5.      3.      3.      1.      3.      9.      2.      4.      5.      3.      1.      4.      1.      6.      9.      7.      5.      8.     20.     23.     30.     18.     47.     35.     38.     40.     57.     51.     46.     45.     45.     44.     62.     51.     49.     46.     66.     58.     69.     83.     96.     94.    127.    117.    125.    130.    128.    143.    140.    153.    182.    160.    197.    201.    202.    186.    194.    190.    207.    212.    202.    183.    199.    177.    201.    189.    193.    194.    183.    196.    168.    150.    167.    170.    183.    143.    130.    127.    142.    125.    140.    121.    144.    136.    141.    155.    115.    114.    142.    133.    153.    124.    132.    112.    114.    117.    111.    103.    105.     95.     96.     89.     82.     80.     74.     73.     57.     70.     40.     46.     60.     48.     53.     50.     49.     59.     63.     58.     53.     57.     86.     82.     71.     72.     67.     57.     52.     65.     61.     49.     50.     54.     58.     44.     46.     36.     45.     38.     45.     34.     37.     32.     28.     26.     22.     11.     12.     16.      4.      2.      6.      6.      5.      9.      3.      8.      5.      1.      4.      3.      2.      5.      4.      2.      0.      6.      4.      2.      6.      1.      6.      4.      2.
      4.      2.      2.      3.      6.      4.      2.      2.      4.      3.      7.      2.      5.      3.      2.      1.      7.      5.      1.      7.      5.      7.      8.      4.      6.      8.     10.     18.     17.     18.     19.     42.     39.     35.     42.     36.     44.     50.     56.     55.     49.     52.     53.     53.     46.     53.     54.     53.     74.     95.    106.    123.    122.    120.    149.    148.    133.    151.    169.    185.    176.    187.    185.    192.    191.    193.    194.    188.    174.    163.    183.    201.    198.    193.    188.    203.    181.    193.    182.    171.    153.    161.    154.    166.    143.    129.    117.    138.    121.    134.    114.    140.    138.    104.    124.    137.    114.    121.    158.    129.    126.    134.    147.    104.    106.    116.     98.    107.    101.    107.     87.     85.     84.     72.     84.     61.     55.     53.     52.     66.     65.     48.     51.     55.     48.     51.     60.     57.     70.     70.     99.     75.     58.     74.     56.     67.     34.     48.     38.     46.     47.     49.     55.     46.     44.     44.     61.     46.     38.     46.     43.     28.     30.     24.     14.     12.     10.      5.      6.      6.      6.      5.      2.      1.      5.      6.      3.      3.      8.      5.      7.      3.      3.      0.      4.      2.      7.      2.      4.      2.      2.      2.
      1.      3.      5.      4.      6.      4.      4.      1.      5.      7.      4.      3.      3.      6.      2.      0.      7.      2.      1.      9.      0.      1.      4.      7.      3.      7.     10.     16.     23.     28.     31.     45.     34.     43.     34.     44.     45.     29.     43.     50.     47.     41.     48.     52.     53.     46.     60.     60.     62.     86.    103.     99.    105.    114.    148.    134.    144.    169.    177.    160.    191.    167.    186.    173.    213.    207.    183.    183.    199.    183.    199.    193.    206.    170.    164.    157.    162.    178.    168.    151.    172.    202.    170.    132.    151.    128.    131.    135.    119.    112.    125.    115.    135.    129.    146.    126.    139.    131.    153.    151.    122.    101.    127.     97.    117.    116.     98.     93.    113.     85.     88.     76.     67.     73.     70.     53.     46.     56.     62.     47.     52.     70.     49.     59.     53.     56.     63.     80.     75.     78.     78.     92.     71.     72.     62.     58.     56.     48.     43.     50.     56.     54.     38.     51.     51.     38.     48.     40.     28.     41.     39.     26.     24.     15.     16.     10.      6.      7.      7.      1.      3.      2.      6.      5.      2.      5.      6.      6.      3.      2.      5.      6.      2.      3.      2.      5.      1.      7.     10.      7.      5.      7.
      9.      3.     11.      4.      4.      2.      3.      8.      2.      6.      1.      3.      2.      5.      3.      2.      1.      4.      3.      8.      4.      3.      5.      4.      1.      2.      8.      8.     24.     23.     40.     36.     26.     27.     34.     33.     39.     47.     48.     52.     49.     54.     42.     58.     41.     58.     47.     55.     67.     95.     91.    120.    105.     86.    120.    154.    150.    155.    153.    182.    180.    204.    177.    176.    177.    185.    187.    197.    188.    179.    200.    205.    211.    183.    180.    186.    182.    166.    167.    159.    188.    172.    178.    156.    130.    135.    132.    126.    126.    111.    119.    119.    135.    129.    115.    110.    146.    130.    144.    134.    118.    130.    113.    110.    124.    114.     99.    103.    104.     80.     85.     79.     69.     84.     57.     60.     62.     68.     52.     60.     51.     48.     54.     57.     60.     60.     64.     72.     83.     78.     85.     80.     71.     68.     62.     58.     61.     49.     44.     53.     60.     48.     50.     43.     35.     35.     33.     43.     35.     36.     30.     34.     27.     16.     10.     10.      5.      3.      1.      0.      0.      6.      2.      3.      7.      3.     11.      6.      5.      5.      4.      5.      4.      3.      4.      4.      2.      6.      3.      4.      4.      1.
      3.      3.      6.      8.      2.      5.      6.      7.      7.      6.      1.      3.      7.      6.      5.      1.      3.      6.      4.      2.      3.      3.      4.      5.      4.      5.      9.     15.     19.     23.     20.     27.     33.     44.     42.     41.     34.     36.     45.     36.     52.     37.     49.     50.     46.     52.     61.     61.     57.     79.     84.     91.    110.    116.    133.    126.    151.    165.    165.    162.    171.    187.    179.    178.    194.    180.    197.    211.    191.    167.    172.    190.    196.    179.    203.    174.    185.    184.    182.    160.    168.    152.    165.    152.    153.    132.    149.    135.    120.    133.    118.    114.    128.    115.    116.    136.    128.    124.    145.    123.    134.    107.    136.    115.    125.     94.    103.     96.     91.     97.    102.     93.     66.     72.     72.     69.     51.     56.     66.     61.     65.     50.     49.     67.     63.     65.     66.     61.     72.     76.     75.     58.     65.     60.     69.     55.     48.     51.     56.     52.     53.     52.     43.     50.     44.     52.     38.     39.     47.     46.     29.     23.     18.     14.     10.      9.      5.      2.      5.      5.      6.      5.      3.      5.      6.      1.      6.      7.      4.      4.      4.      2.      4.      3.      3.      4.      4.      4.      6.      3.     10.      3.
      3.      4.      4.      2.      7.      3.      4.      2.      3.      3.      2.      3.      4.      4.      6.      3.      7.      7.      3.      5.      6.      3.      3.     10.      5.      2.      6.      7.     12.     17.     27.     21.     28.     41.     34.     29.     41.     50.     52.     38.     50.     56.     43.     60.     52.     60.     58.     50.     59.     84.     80.     97.    106.    131.    116.    177.    167.    163.    140.    167.    169.    199.    159.    176.    184.    203.    159.    203.    189.    180.    170.    195.    176.    176.    168.    180.    188.    179.    185.    144.    196.    161.    160.    147.    133.    141.    126.    108.    125.    135.    172.    121.    125.    111.    159.    149.    119.    137.    142.    150.    124.    106.    132.    132.    122.    101.     96.     96.     74.     89.     73.     75.     75.     71.     65.     65.     48.     58.     60.     60.     51.     50.     55.     60.     69.     90.     78.     54.     89.     75.     62.     67.     60.     55.     55.     59.     40.     50.     36.     53.     36.     44.     42.     49.     44.     42.     35.     36.     42.     35.     26.     41.     18.     14.     11.      6.      4.      3.      4.      3.      4.      4.      7.      3.      1.      2.      3.      4.      3.      3.      2.      3.      5.      6.      3.      5.      3.      4.      5.      4.      3.      4.
      7.      3.      6.      4.      1.      5.      4.      4.     10.      3.      1.      2.      3.      3.      7.      4.      4.      5.      4.      4.      4.      6.      3.      7.      9.      4.      2.      9.      5.     15.     19.     26.     30.     34.     32.     39.     29.     47.     34.     44.     45.     60.     51.     50.     46.     60.     40.     50.     73.     67.     82.     96.     87.     96.    111.    141.    130.    152.    158.    149.    178.    160.    173.    173.    177.    182.    187.    187.    197.    177.    195.    215.    181.    198.    166.    176.    177.    179.    182.    166.    148.    170.    147.    158.    135.    126.    145.    121.    132.    110.    123.    110.    125.    147.    112.    128.    120.    133.    137.    116.    102.    116.    118.    104.    126.    103.     87.     94.    111.     90.     91.     74.     71.     48.     66.     67.     73.     53.     54.     51.     52.     64.     53.     64.     65.     71.     70.     62.     56.     57.     67.     77.     63.     56.     56.     64.     53.     42.     50.     47.     47.     61.     31.     50.     37.     42.     42.     29.     40.     31.     29.     14.     11.     10.     10.      6.      5.      2.      1.      4.      2.      3.      2.      2.      5.      2.      4.      4.      3.      1.      5.      4.      3.      5.      3.      6.      4.      4.      6.      4.      4.      4.
      3.      7.      4.      6.      2.      6.      6.      3.      3.      3.      3.      3.      7.      4.      4.      1.      3.      6.      5.      2.      3.      5.      4.      6.      6.      3.      2.     13.      8.     16.     21.     20.     23.     24.     34.     38.     39.     36.     40.     52.     38.     53.     49.     53.     36.     44.     42.     51.     60.     54.     72.     68.    100.    107.    122.    148.    135.    140.    168.    154.    146.    179.    168.    183.    172.    159.    178.    173.    193.    180.    194.    201.    205.    178.    155.    183.    192.    186.    157.    190.    159.    163.    155.    155.    158.    145.    134.    136.    136.    131.    111.    119.    124.    107.    127.    130.    141.    142.    128.    126.    111.    125.    149.    119.    124.    113.    100.    106.    100.    104.     93.     75.     64.     72.     54.     47.     73.     48.     66.     73.     56.     73.     51.     79.     58.     74.     73.     71.     61.     82.     72.     72.     54.     50.     46.     56.     45.     51.     34.     51.     64.     42.     39.     51.     42.     44.     44.     44.     30.     17.     34.     26.     15.     12.      9.      7.      6.      4.      7.      3.      8.      2.      7.      1.      3.      2.      1.      2.      5.      1.      6.      2.      5.      2.      0.      2.      2.      3.      5.      0.      2.      0.
      4.      9.      3.      1.      3.      2.      5.      3.      5.      2.      2.      1.      5.      2.      6.      3.      4.      3.      4.      3.      8.      3.      1.      3.      5.      4.      4.     11.     11.     12.     20.     20.     33.     23.     31.     39.     35.     40.     31.     49.     45.     46.     56.     42.     49.     52.     61.     43.     56.     51.     65.     87.     84.     98.    102.    119.    123.    144.    179.    161.    169.    172.    179.    160.    152.    184.    187.    188.    200.    163.    181.    190.    180.    190.    207.    206.    195.    174.    163.    162.    155.    167.    154.    162.    163.    145.    130.    120.     96.    144.    145.    105.    130.    129.    115.    128.    138.    106.    143.    111.    121.    102.    104.    101.    110.    111.    103.    100.    115.    109.     81.     86.     59.     60.     47.     58.     56.     47.     72.     51.     68.     68.     78.     64.    102.     74.     68.     62.     69.     54.     67.     53.     55.     54.     53.     38.     47.     49.     49.     57.     41.     59.     47.     32.     46.     42.     34.     37.     23.     25.     21.     14.      8.     11.      4.      3.      5.      3.      4.      5.      7.      5.      4.      3.      0.      4.      8.     10.      3.      4.      3.      2.      3.      5.      5.      4.      3.      6.      5.      4.      4.      4.
      1.      3.      3.      0.      4.      7.      2.      5.      4.      7.      3.      4.      3.      1.      6.      8.      5.      3.      4.      3.      3.      3.      4.      6.      2.      1.      3.      9.      8.      5.     14.     16.     20.     28.     29.     32.     30.     48.     41.     43.     46.     36.     58.     47.     39.     24.     46.     58.     59.     55.     70.     68.     87.     92.     88.    109.    135.    136.    148.    160.    166.    178.    195.    197.    175.    166.    190.    192.    158.    204.    183.    166.    174.    181.    192.    171.    157.    167.    169.    162.    137.    177.    174.    168.    163.    146.    138.    114.    131.    135.    128.    128.    128.    127.    135.    128.    126.    130.    126.    127.    112.    119.    111.    117.    113.    115.     93.    103.     96.     79.     80.     83.     65.     50.     60.     66.     51.     59.     58.     70.     69.     72.     69.     76.     61.     82.     69.     52.     84.     62.     68.     54.     60.     52.     48.     57.     66.     53.     49.     50.     47.     40.     50.     45.     33.     55.     39.     31.     25.     29.     14.     14.      7.      3.      4.      5.      4.      4.      1.      4.      4.      3.      4.      2.      3.      3.      4.      3.      4.      6.      1.      5.      3.      4.      3.      5.      0.      2.     10.      4.     10.      3.
      4.      6.      2.      8.      3.      3.      2.      5.      5.      2.      1.      5.      1.      4.      6.      3.      3.      2.      3.      9.      4.      4.      4.      5.      7.      4.      2.      3.      5.     10.      9.      9.     12.     25.     23.     21.     27.     37.     42.     46.     39.     43.     44.     39.     34.     49.     53.     40.     66.     59.     72.     63.     71.     74.     99.    109.    110.    125.    151.    122.    159.    173.    193.    178.    165.    150.    164.    174.    210.    170.    182.    182.    170.    181.    172.    182.    147.    164.    184.    175.    150.    170.    166.    163.    140.    145.    149.    138.    115.    108.    123.    118.    133.    122.    148.    150.    130.    150.    141.    128.    128.    105.    111.    132.    117.    109.    107.    103.     80.     89.     67.     71.     65.     81.     52.     55.     46.     65.     72.     75.     72.     82.     62.     67.     62.     72.     76.     80.     60.     60.     73.     62.     47.     54.     50.     48.     52.     41.     44.     49.     41.     48.     43.     35.     39.     38.     38.     35.     21.     19.     15.      7.      5.      8.      5.      3.      5.      5.      6.      4.      2.      4.      5.      6.      3.      5.      5.      3.      2.      3.      3.      2.      6.      4.      2.      4.      6.      2.     10.      3.      6.      5.
      5.      2.      2.      8.     10.      0.      1.      5.      3.      1.      5.      9.      5.      4.      5.      8.      5.      4.      6.      4.      2.      6.      4.      3.      5.      4.      6.      2.      6.      6.      6.      8.     13.     23.     28.     26.     43.     30.     39.     44.     35.     46.     39.     46.     49.     56.     61.     48.     51.     56.     61.     62.     65.     66.     83.     94.    123.    151.    140.    160.    165.    150.    152.    164.    175.    160.    173.    167.    189.    178.    199.    181.    205.    185.    185.    146.    184.    187.    171.    166.    171.    136.    163.    168.    168.    152.    146.    123.    107.    106.    127.    138.    127.    129.    147.    148.    152.    111.    111.    116.    129.    105.    121.     92.     94.     99.     88.     91.     96.     88.     83.     69.     75.     50.     59.     60.     74.     88.     73.     81.     64.     78.     74.     64.     60.     73.     61.     68.     61.     60.     49.     64.     63.     39.     49.     53.     48.     48.     53.     48.     44.     39.     40.     39.     50.     23.     27.     20.     23.     12.      8.      6.      1.      2.      9.      3.      4.      5.      1.      7.      4.      7.      5.      5.      2.      2.      5.      6.      1.      2.      3.      3.      2.      2.      5.      2.      0.      4.      8.      4.      1.      7.
      3.      2.      4.      6.      8.      2.      4.      7.      0.      2.      3.      7.      0.      2.      4.      3.      2.      1.      7.      5.      3.      4.      2.      4.      4.      3.      5.      1.      2.      4.      6.      9.      5.     14.     22.     33.     30.     29.     48.     46.     41.     44.     50.     45.     38.     40.     41.     43.     52.     46.     64.     57.     78.     73.     78.    111.    104.    100.    118.    122.    163.    162.    151.    155.    159.    146.    159.    191.    199.    177.    161.    164.    191.    155.    190.    150.    178.    168.    169.    162.    152.    154.    145.    160.    168.    164.    132.    135.    131.    131.    146.    115.    124.    134.    100.    135.    134.    153.    141.    125.    126.    100.    112.    110.    102.    104.     95.     92.     81.     98.     81.     71.     74.     77.     77.     57.     93.     82.     72.     97.     88.     63.     69.     77.     68.     73.     65.     51.     52.     61.     78.     55.     56.     40.     45.     50.     48.     63.     43.     39.     45.     43.     45.     39.     43.     32.     22.     17.     14.     10.      8.      0.      5.      8.      5.      3.      4.      6.      3.      4.      4.      4.      1.      4.      4.      4.      3.      4.      6.      3.      2.      4.      4.      5.      1.      4.      1.      2.      2.      2.      2.      7.
      2.      2.      2.      4.      4.      5.      2.      3.      3.      2.      4.      3.      1.      6.      3.      2.      1.      6.      0.      0.      3.      4.      2.      5.      4.      5.      0.      5.      5.      7.      5.      4.     13.     12.     20.     20.     22.     40.     41.     41.     34.     42.     60.     55.     32.     43.     55.     41.     57.     60.     62.     67.     67.     55.     73.     89.     96.     88.    100.    137.    125.    165.    166.    153.    136.    168.    171.    169.    146.    152.    162.    181.    187.    174.    167.    174.    168.    152.    152.    145.    164.    144.    166.    171.    166.    159.    149.    128.    124.    129.    115.    114.    110.    137.    123.    126.    124.    114.    122.    124.    112.    119.    110.     90.    103.    104.     93.     96.     94.     76.     82.     68.     90.     76.     71.     86.     61.     72.     63.     86.     76.     52.     75.     84.     67.     64.     59.     58.     55.     62.     66.     41.     46.     56.     48.     38.     53.     38.     47.     43.     41.     36.     37.     33.     42.     30.     26.     24.     12.      6.      3.      5.      2.      4.      6.      1.      4.      3.      4.      3.      2.      1.      4.      4.      3.      1.      5.      1.      1.      2.      5.      6.      4.      3.      1.      5.      8.      3.      4.      3.      1.      3.
      1.      3.      6.      1.      8.      6.      8.      1.      2.      4.      5.      4.      2.      6.      6.      0.      4.      5.      5.      2.      5.      8.      1.      9.      6.      3.      2.      4.      3.      3.      2.      5.      5.      8.     12.     20.     22.     24.     24.     28.     40.     40.     37.     48.     39.     43.     53.     51.     44.     47.     59.     54.     55.     60.     59.     88.     86.    101.    105.    120.    121.    149.    157.    164.    152.    171.    177.    165.    180.    146.    156.    170.    164.    168.    188.    152.    171.    154.    159.    157.    170.    177.    153.    175.    160.    145.    127.    153.    141.    139.    145.    121.    128.    121.    132.    139.    125.    114.    131.    109.     96.    126.    110.    118.    103.    114.     81.    100.     84.     77.     80.     91.     88.     95.     79.     72.     77.     78.     67.     46.     66.     65.     65.     84.     74.     71.     56.     46.     53.     54.     56.     67.     51.     58.     63.     48.     38.     39.     46.     49.     47.     39.     31.     31.     35.     28.     23.     16.     12.      5.      5.      4.      6.      4.      1.      6.      3.      0.      5.      4.      2.      2.      3.      1.      5.      4.      1.      5.      3.      2.      4.      2.      5.      3.      5.      4.      3.      3.      2.      8.      7.      6.
      5.      3.      5.      4.      1.      2.      6.      4.      2.      3.      5.      7.      4.      5.      4.      4.      7.      5.      8.      6.      7.      1.      6.      4.      3.      3.      5.      8.      8.      2.      3.      5.      5.      5.     11.     17.     14.     25.     17.     33.     38.     51.     45.     50.     39.     43.     40.     48.     53.     55.     60.     54.     50.     64.     80.    105.     73.     97.    109.     97.    136.    115.    119.    155.    130.    152.    161.    142.    167.    160.    184.    163.    172.    195.    172.    175.    179.    185.    158.    139.    180.    156.    160.    195.    166.    156.    177.    166.    132.    144.    145.    118.    125.    114.    130.    137.    136.    127.    136.    152.     94.    109.     89.     92.     90.     92.     95.     92.    109.    102.     93.     88.     83.     85.     91.     61.     80.     64.     88.     78.     69.     78.     57.     65.     70.     63.     55.     60.     47.     46.     53.     55.     56.     54.     48.     60.     57.     54.     36.     36.     40.     41.     36.     31.     27.     22.     10.     19.      2.      3.      1.      3.      4.      5.      5.      4.      6.      4.      6.      5.      3.      4.      3.      4.      6.      1.      1.      2.      3.      9.      2.      2.      3.      5.      1.      4.      5.      4.      7.      3.      3.      3.
      1.      3.      2.      5.      4.      4.      1.      9.      9.      4.      3.      3.      4.      2.      3.      2.      3.      6.      8.      7.      4.      2.      2.      1.      3.      4.      4.      3.      5.      9.      3.      4.      7.      9.      8.     16.     12.     27.     27.     30.     32.     44.     46.     47.     51.     44.     41.     49.     44.     53.     50.     64.     54.     57.     54.     70.     80.     91.    102.     93.     91.    130.    146.    143.    131.    149.    148.    172.    156.    173.    177.    179.    145.    154.    160.    158.    169.    175.    170.    152.    167.    187.    161.    163.    166.    173.    169.    156.    140.    132.    124.    141.    143.    134.    133.    123.    122.    104.    126.    112.     94.    112.     94.    129.     97.    100.     91.     91.    103.    110.    103.     91.     75.     60.     92.     70.     63.     69.     82.     80.     86.     67.     59.     54.     53.     40.     55.     36.     64.     54.     45.     51.     54.     51.     45.     40.     53.     50.     40.     53.     40.     33.     34.     30.     16.      8.     10.      4.      3.      5.      2.      3.      3.      1.      6.      8.      1.      3.      3.      7.      3.      3.      3.      3.      2.     13.      2.      4.      4.      7.      3.      4.      2.      1.      6.      2.      5.      3.      3.      5.      6.      3.
      5.      5.      3.      3.      5.      2.     10.      2.      1.      4.      2.      5.      3.      3.      4.      5.      5.      2.      4.      1.      6.      6.      6.      3.      3.      4.      4.      3.      2.      5.      3.      8.      3.      8.      8.      7.     20.     17.     27.     24.     38.     45.     31.     44.     34.     42.     30.     47.     56.     50.     43.     54.     48.     43.     82.     74.     74.     83.     81.    104.    100.    110.    117.    109.    125.    149.    166.    171.    165.    157.    182.    150.    167.    159.    145.    160.    168.    154.    142.    158.    152.    165.    159.    150.    154.    167.    158.    172.    148.    130.    143.    106.    130.    122.    134.    116.    120.    121.    117.    113.    131.    102.     96.    115.     97.    107.     90.    124.     93.     99.    108.     89.     74.     80.     95.     76.     73.     59.     76.     70.     66.     59.     74.     51.     64.     59.     57.     59.     53.     48.     48.     65.     55.     53.     39.     43.     43.     44.     34.     39.     48.     33.     32.     24.     18.     14.      6.      7.      4.      2.      3.      3.      6.      4.      5.      1.      5.     10.      0.      5.      3.      1.      4.      4.      4.      4.      3.      4.      0.      3.      2.      1.      5.      2.      4.      2.      5.      6.      3.      5.      1.      5.
      2.      1.      6.      3.      3.      5.      2.      3.      2.      1.      0.      7.      3.      6.      4.      3.      2.      1.      4.      3.      2.      5.      4.      1.      4.      7.      4.      4.      1.      4.      5.      3.      3.      6.      8.      5.     13.     12.     17.     35.     39.     29.     45.     39.     38.     42.     51.     40.     63.     35.     44.     49.     57.     51.     68.     70.     70.     89.     91.     81.     85.    111.    125.    125.    141.    124.    135.    162.    154.    132.    144.    156.    143.    194.    175.    154.    162.    173.    177.    170.    175.    162.    152.    168.    169.    171.    160.    161.    135.    142.    134.    139.    129.    126.    137.    122.    132.    121.     96.    123.     97.     96.    113.    109.    109.    122.    114.     97.     87.    119.    103.     90.     91.     80.     65.     74.     75.     82.     86.     76.     68.     54.     62.     73.     58.     49.     59.     63.     63.     60.     52.     46.     56.     49.     51.     50.     44.     53.     41.     39.     31.     40.     31.     22.     16.      9.      4.      3.      3.      3.      4.      3.      5.      6.      1.      4.      4.      5.      6.      3.      6.      4.      2.      6.      8.      3.      3.      2.      0.      0.      7.      2.      4.      1.      2.      3.      2.      4.      5.      0.      1.      2.
      3.      1.      0.      0.      3.      3.      3.      1.      2.      2.      2.      2.      0.      9.      2.      4.      2.      3.      4.      4.     10.      3.      1.      4.      3.      3.      3.      7.      5.      4.      8.      7.      4.      2.      4.      7.      7.      6.     13.     28.     19.     32.     46.     52.     44.     44.     37.     37.     53.     35.     45.     67.     59.     64.     74.     70.     69.     76.     67.     65.     91.     82.    104.    103.     88.    110.    144.    157.    147.    138.    158.    171.    161.    167.    161.    143.    192.    180.    194.    166.    159.    146.    153.    167.    146.    168.    161.    168.    173.    184.    141.    116.    140.    142.    115.    122.    112.     94.    123.    117.     98.    117.    113.    135.    113.    136.    132.    102.    111.     96.     94.     91.     88.     81.     84.     99.     78.     78.     57.     61.     66.     60.     56.     50.     56.     52.     48.     48.     58.     51.     55.     41.     49.     31.     46.     50.     42.     47.     38.     34.     37.     33.     24.     18.     11.      5.      8.      5.      4.      3.      3.      7.      5.      4.      6.      2.      3.      4.      4.      4.      4.      8.      4.      3.      4.      3.      6.      2.      5.      2.      4.      4.      2.      4.      3.      4.      1.      2.      2.      8.      6.      5.
      7.      4.      2.      1.      3.      9.      4.      2.      5.      3.      6.      0.      3.      4.      5.      1.      4.      1.      5.      3.      6.      5.      4.      2.      4.      3.      3.      1.      5.      5.      5.      8.      5.      1.      4.      6.     10.      5.     14.     18.     18.     22.     35.     36.     41.     37.     49.     42.     53.     47.     53.     48.     48.     50.     55.     75.     92.     80.     80.     73.     99.     76.     94.    110.    102.    135.    120.    124.    143.    133.    162.    160.    195.    147.    154.    172.    173.    164.    160.    174.    164.    143.    168.    150.    173.    168.    180.    150.    151.    150.    166.    148.    155.    131.    134.    129.    102.    101.    107.    122.    100.     95.    120.    140.    106.    111.    127.    104.    119.    119.    120.    104.     88.     87.     89.     84.     63.     59.     75.     46.     58.     58.     50.     53.     45.     66.     50.     48.     73.     48.     57.     38.     46.     39.     50.     53.     52.     35.     43.     41.     28.     20.     19.      9.      9.      8.      9.      7.      6.      6.      6.      4.      7.      2.      2.      4.      5.      7.      4.      4.      4.      4.      2.      7.      5.      8.      0.      2.      4.      3.      5.      1.      3.      5.      4.      4.      3.      3.      4.      3.      3.      2.
      6.      5.      1.      5.      3.      4.      5.      2.      7.      5.     10.      7.      1.      6.      6.      6.      4.      6.      3.      4.      4.      8.      5.      6.      4.      2.      6.      4.      4.      2.      3.      3.      4.      6.      1.      5.      6.      9.     20.     16.     16.     15.     39.     30.     49.     36.     52.     42.     51.     44.     58.     50.     57.     54.     47.     64.     71.     75.     69.     78.     92.     76.    109.    113.     94.     99.    128.    142.    112.    136.    149.    161.    137.    141.    154.    138.    130.    169.    173.    157.    154.    180.    178.    186.    192.    149.    156.    168.    140.    142.    157.    148.    137.    127.    123.     94.    106.    102.    114.    100.    107.    120.    117.    114.    100.    130.    118.    121.     93.    110.    114.    106.    100.     86.     69.     70.     59.     53.     68.     50.     61.     64.     59.     59.     62.     58.     52.     61.     55.     54.     62.     40.     50.     49.     45.     44.     42.     43.     38.     35.     35.     17.     21.     11.      7.      3.      2.      3.      3.      1.      5.      7.      4.      0.      1.      3.      3.      3.      7.      5.      3.      8.      7.      4.      2.      3.      1.      3.      6.      6.      3.      0.      1.      2.      1.      3.      7.      7.      2.      5.      2.      6.
      3.      1.      4.      7.      6.      1.      1.      6.      5.      7.      2.      8.     12.      7.      7.      1.      3.      8.      6.      5.      4.      3.      2.      4.      7.      5.      4.      3.      2.      6.      6.      2.      1.      4.      4.      3.      4.      5.     10.     19.     26.     21.     28.     33.     30.     42.     45.     45.     47.     43.     47.     49.     53.     69.     45.     52.     59.     63.     62.     76.     77.     74.     94.    102.     87.     99.    109.    122.    120.    135.    135.    138.    148.    163.    137.    169.    173.    181.    167.    159.    153.    175.    158.    169.    148.    166.    156.    162.    178.    177.    150.    136.    154.    137.    138.    116.    122.    111.    100.    113.     99.    103.    101.    115.     98.    109.    117.    104.    117.    114.    124.     95.     81.     72.     73.     77.     67.     54.     52.     70.     52.     57.     57.     54.     60.     62.     57.     46.     57.     64.     53.     41.     56.     45.     51.     42.     59.     49.     38.     29.     19.     12.     11.      6.      5.      5.      3.      6.      6.      0.      1.      3.      5.      7.      3.      5.      1.      4.      2.      2.      4.      0.      1.      3.      3.      4.      4.      7.      2.      9.      4.      2.      5.      7.      4.      6.      2.      5.      2.      3.      4.      6.
      6.      3.      3.      3.      1.      4.      6.      7.      2.      5.      2.      4.      5.      6.      8.      6.      3.     10.      3.      4.      6.      6.      3.      4.      3.      5.      6.      4.      4.      1.      4.      5.      2.      8.      4.      4.      5.      4.      6.     12.     22.     24.     34.     31.     27.     40.     51.     45.     35.     36.     50.     59.     46.     46.     57.     49.     66.     73.     75.     79.     78.     85.     82.     91.     97.    104.    100.    110.    121.    136.    137.    155.    134.    165.    148.    153.    137.    151.    161.    135.    162.    169.    156.    164.    157.    169.    182.    145.    154.    159.    170.    158.    150.    157.    109.    137.    106.    112.     98.    110.    111.    100.    118.    111.    134.    125.    116.    137.    119.    108.     98.    100.     79.     83.     82.     69.     60.     64.     55.     50.     64.     63.     54.     61.     59.     47.     54.     64.     52.     46.     54.     49.     43.     52.     46.     45.     54.     32.     31.     32.     22.     20.      8.      7.      3.      4.      3.      5.      4.      4.      5.      7.      5.      1.      8.      3.      6.      2.      5.      5.      4.      3.      5.      3.      3.      2.      7.      1.      3.      4.      6.      5.      3.      7.      2.      7.      4.      3.      3.      5.      6.      2.
      2.      3.      5.      4.      2.     11.      3.      3.      5.      4.      6.      4.      3.      2.      7.      5.      4.      4.      4.      6.      2.      4.      3.      2.      3.      4.      9.      4.      7.      5.      3.      6.      5.      3.      2.      7.      2.      5.      9.      5.     13.     18.     22.     31.     41.     39.     54.     44.     45.     44.     42.     48.     54.     48.     54.     50.     68.     61.     72.     82.     83.     81.     89.     95.     79.     93.     80.    115.    122.    109.    109.    138.    127.    146.    155.    139.    159.    144.    126.    160.    172.    164.    196.    179.    188.    169.    177.    188.    167.    166.    160.    161.    145.    173.    144.    143.    128.    103.    131.    124.     94.    133.    127.    127.    115.    116.    154.    124.    111.    117.     90.     75.     96.     93.     67.     58.     67.     62.     61.     73.     51.     57.     56.     62.     62.     63.     42.     39.     60.     46.     51.     64.     46.     51.     41.     33.     54.     29.     23.     20.     20.     14.      6.      2.      5.      2.      2.      6.      6.      4.      2.      5.      6.      5.      1.      3.      5.      2.      3.      4.      1.      4.      2.      2.      1.      5.      2.      1.      1.      2.      3.      2.      2.      4.      1.      3.      4.      4.      0.      4.      6.      8.
      4.      3.      5.      0.      2.      6.      4.      0.      4.      2.      5.      4.      3.      5.      7.      6.      7.      8.      2.      5.      6.      2.      2.      4.      3.      5.      5.      3.      2.      4.      6.      5.      1.      0.      4.      5.      2.      4.      1.      5.     15.     18.     16.     29.     27.     28.     36.     38.     45.     51.     45.     48.     57.     51.     48.     50.     69.     54.     71.     71.     70.     92.     77.     83.     99.    103.    105.    105.    111.    111.    104.    115.    126.    125.    138.    123.    152.    157.    162.    162.    114.    163.    166.    174.    152.    146.    142.    168.    166.    181.    172.    178.    152.    137.    114.    141.    124.    109.    104.    110.    127.    110.    120.    130.    148.    117.    105.     89.    104.    116.    101.     88.     83.     70.     74.     63.     65.     60.     69.     67.     44.     64.     45.     56.     51.     49.     62.     54.     58.     52.     48.     66.     48.     35.     43.     41.     37.     34.     20.     20.     19.     13.      8.      3.      7.      2.      3.      3.      3.      3.      5.      5.      4.      3.      4.      5.      5.      4.      5.      5.      3.      5.      3.      2.      5.      3.      6.      3.      3.      3.      2.      3.      1.      5.      1.      4.      1.      3.      2.      1.      2.      2.
      2.      3.      5.      3.      5.      7.      5.      5.      2.      1.      2.      4.      4.      4.      4.      3.      5.      7.      3.      4.      5.      3.      4.      1.      6.      6.      3.      5.      7.      4.      5.      3.      1.      3.      4.      6.      5.      8.      6.      5.     10.     16.     19.     19.     29.     35.     35.     34.     51.     32.     45.     47.     48.     39.     51.     52.     52.     60.     69.     59.     72.     76.     87.     82.     83.    111.     94.    117.    119.    106.    104.    133.    141.    143.    135.    172.    143.    165.    171.    143.    176.    145.    159.    174.    163.    171.    184.    187.    182.    195.    170.    171.    171.    132.    122.    113.    114.    118.    142.    130.    119.    106.    143.    150.    136.    111.    118.    109.     95.     96.    117.     83.     89.     73.     86.     69.     56.     65.     63.     58.     75.     53.     67.     54.     59.     61.     60.     62.     46.     55.     49.     53.     43.     35.     45.     42.     32.     28.     26.     22.     15.      9.      1.      4.      2.      6.      2.      5.      4.      5.      2.      5.      2.      5.      4.      6.      4.      4.      2.      4.      1.      2.      2.      4.      4.      3.      4.      5.      1.      3.      3.      6.      2.      4.      1.      2.      2.      6.      7.      3.      5.      6.
      1.      4.      7.      2.      4.      3.      6.      7.      3.      2.      6.      6.      4.      5.      2.      0.      3.      9.      4.      3.      4.      6.      3.      2.      7.      7.      4.      3.      6.      6.      4.      1.      0.      3.      6.      1.      3.      9.      3.      7.      9.     17.      9.     22.     33.     39.     38.     37.     36.     45.     39.     44.     48.     56.     50.     57.     57.     53.     66.     72.     75.     96.     73.    100.     96.     82.    109.     99.    104.    110.    107.    124.    134.    134.    128.    131.    149.    148.    153.    178.    127.    171.    184.    164.    167.    164.    169.    176.    182.    161.    156.    139.    125.    140.    124.    119.    118.    110.    136.    149.    126.    130.    136.    120.    104.    107.    103.    109.    105.    126.    117.     97.     97.     76.     76.     70.     78.     59.     55.     58.     53.     59.     62.     39.     58.     58.     40.     62.     66.     47.     57.     40.     61.     44.     46.     34.     44.     33.     22.     19.     10.      4.      7.      2.      5.      0.      1.      3.      2.      5.      4.      5.      3.      6.      2.      3.      2.      3.      7.      4.      4.      4.      4.      2.      2.      5.      2.      4.      3.      4.      4.      1.      2.      4.      1.      3.      2.      1.      2.      4.      5.      4.
      3.      7.      2.      4.      7.      2.      1.      6.      4.      2.      4.      0.      4.      2.      4.      1.      4.      2.      4.      1.      1.      4.      3.      2.      3.      4.      6.      3.      7.      5.      4.      9.      3.      1.      3.      5.      9.      6.      9.     10.      9.      7.     18.     18.     20.     41.     40.     37.     37.     43.     54.     38.     56.     53.     45.     52.     48.     66.     71.     65.     65.     73.     83.     93.     79.     86.     91.    100.     99.    107.    101.    113.    143.    118.    119.    142.    140.    157.    152.    152.    156.    165.    168.    166.    174.    140.    187.    183.    166.    162.    158.    130.    164.    143.    123.    131.    141.    114.    142.    154.    148.    135.    107.    120.    121.    107.    100.     93.     98.    116.     76.     97.     80.     91.     82.     69.     73.     58.     56.     62.     51.     45.     52.     55.     48.     47.     56.     55.     50.     48.     49.     29.     49.     38.     29.     43.     39.     26.     15.     14.      9.     10.      7.      4.      7.      3.      3.      3.      7.      6.      2.      3.      6.      1.      4.      2.      8.      6.      0.      5.      7.      5.      6.      7.      3.      4.      4.      4.      1.      2.      6.      6.      3.      3.      3.      1.      4.      1.      7.      1.      2.      3.
