      0.      0.      0.      0.      0.      0.      0.      0.      0.      0.      0.      0.      0.      0.      0.      0.      0.      0.      0.      0.      0.      0.      0.      0.      0.      0.      0.      0.      0.      0.      0.      0.      0.      0.      0.      0.      0.      0.      0.      0.      0.      0.      0.      0.      0.      0.      0.      0.      0.      0.      0.      0.      1.     45.     99.    141.    162.    218.    242.    291.    331.    322.    306.    325.    323.    317.    299.    285.    308.    271.    196.    181.    139.     90.     52.      3.      0.      0.      0.      0.      0.      0.      0.      0.      0.      0.      0.      0.      0.      0.      0.      0.      0.      0.      0.      0.      0.      0.      0.      0.      0.      0.      0.      0.      0.      0.      0.      0.      0.      0.      0.      0.      0.      0.      0.      0.      0.      0.      0.      0.      0.      0.      0.      0.      0.      0.      0.      0.
      0.      0.      0.      0.      0.      0.      0.      0.      0.      0.      0.      0.      0.      0.      0.      0.      0.      0.      0.      0.      0.      0.      0.      0.      0.      0.      0.      0.      0.      0.      0.      0.      0.      0.      0.      0.      0.      0.      0.      0.      0.      0.      0.      0.      0.      0.      0.      0.     32.     98.    203.    255.    318.    302.    346.    327.    295.    338.    327.    355.    306.    335.    312.    306.    296.    309.    308.    289.    315.    315.    322.    340.    331.    300.    350.    335.    304.    190.    106.     26.      0.      0.      0.      0.      0.      0.      0.      0.      0.      0.      0.      0.      0.      0.      0.      0.      0.      0.      0.      0.      0.      0.      0.      0.      0.      0.      0.      0.      0.      0.      0.      0.      0.      0.      0.      0.      0.      0.      0.      0.      0.      0.      0.      0.      0.      0.      0.      0.
      0.      0.      0.      0.      0.      0.      0.      0.      0.      0.      0.      0.      0.      0.      0.      0.      0.      0.      0.      0.      0.      0.      0.      0.      0.      0.      0.      0.      0.      0.      0.      0.      0.      0.      0.      0.      0.      0.      0.      0.      0.      0.      0.      0.      9.     88.    210.    248.    344.    344.    301.    337.    302.    320.    299.    282.    332.    325.    321.    320.    305.    314.    323.    291.    309.    310.    321.    323.    308.    315.    322.    328.    293.    295.    276.    335.    346.    314.    352.    331.    279.    167.     91.      9.      0.      0.      0.      0.      0.      0.      0.      0.      0.      0.      0.      0.      0.      0.      0.      0.      0.      0.      0.      0.      0.      0.      0.      0.      0.      0.      0.      0.      0.      0.      0.      0.      0.      0.      0.      0.      0.      0.      0.      0.      0.      0.      0.      0.
      0.      0.      0.      0.      0.      0.      0.      0.      0.      0.      0.      0.      0.      0.      0.      0.      0.      0.      0.      0.      0.      0.      0.      0.      0.      0.      0.      0.      0.      0.      0.      0.      0.      0.      0.      0.      0.      0.      0.      0.      0.      4.     78.    219.    332.    342.    302.    311.    338.    281.    307.    299.    321.    325.    324.    353.    300.    292.    305.    308.    308.    309.    275.    302.    288.    289.    311.    304.    263.    313.    294.    308.    316.    294.    308.    350.    349.    341.    348.    341.    353.    324.    304.    304.    240.     83.      1.      0.      0.      0.      0.      0.      0.      0.      0.      0.      0.      0.      0.      0.      0.      0.      0.      0.      0.      0.      0.      0.      0.      0.      0.      0.      0.      0.      0.      0.      0.      0.      0.      0.      0.      0.      0.      0.      0.      0.      0.      0.
      0.      0.      0.      0.      0.      0.      0.      0.      0.      0.      0.      0.      0.      0.      0.      0.      0.      0.      0.      0.      0.      0.      0.      0.      0.      0.      0.      0.      0.      0.      0.      0.      0.      0.      0.      0.      0.      0.      0.     40.    153.    282.    305.    308.    328.    305.    326.    278.    335.    288.    314.    299.    305.    358.    300.    312.    287.    310.    289.    310.    301.    315.    325.    282.    300.    315.    277.    295.    327.    304.    287.    335.    297.    325.    317.    287.    315.    318.    299.    271.    319.    340.    354.    298.    279.    336.    310.    195.     51.      0.      0.      0.      0.      0.      0.      0.      0.      0.      0.      0.      0.      0.      0.      0.      0.      0.      0.      0.      0.      0.      0.      0.      0.      0.      0.      0.      0.      0.      0.      0.      0.      0.      0.      0.      0.      0.      0.      0.
      0.      0.      0.      0.      0.      0.      0.      0.      0.      0.      0.      0.      0.      0.      0.      0.      0.      0.      0.      0.      0.      0.      0.      0.      0.      0.      0.      0.      0.      0.      0.      0.      0.      0.      0.      0.      0.     69.    238.    320.    285.    304.    321.    279.    315.    318.    308.    266.    307.    278.    290.    299.    292.    304.    317.    289.    330.    296.    310.    301.    283.    277.    274.    304.    276.    254.    310.    293.    269.    293.    311.    292.    293.    298.    332.    297.    319.    304.    296.    303.    329.    319.    312.    344.    294.    320.    273.    337.    370.    250.     91.      0.      0.      0.      0.      0.      0.      0.      0.      0.      0.      0.      0.      0.      0.      0.      0.      0.      0.      0.      0.      0.      0.      0.      0.      0.      0.      0.      0.      0.      0.      0.      0.      0.      0.      0.      0.      0.
      0.      0.      0.      0.      0.      0.      0.      0.      0.      0.      0.      0.      0.      0.      0.      0.      0.      0.      0.      0.      0.      0.      0.      0.      0.      0.      0.      0.      0.      0.      0.      0.      0.      0.      1.     96.    261.    338.    329.    314.    298.    311.    308.    337.    334.    300.    334.    299.    315.    300.    293.    268.    319.    282.    266.    276.    277.    282.    306.    296.    280.    302.    311.    272.    282.    277.    308.    284.    287.    315.    286.    284.    311.    295.    282.    290.    313.    318.    311.    279.    283.    305.    328.    315.    329.    314.    342.    313.    298.    328.    351.    272.     89.      1.      0.      0.      0.      0.      0.      0.      0.      0.      0.      0.      0.      0.      0.      0.      0.      0.      0.      0.      0.      0.      0.      0.      0.      0.      0.      0.      0.      0.      0.      0.      0.      0.      0.      0.
      0.      0.      0.      0.      0.      0.      0.      0.      0.      0.      0.      0.      0.      0.      0.      0.      0.      0.      0.      0.      0.      0.      0.      0.      0.      0.      0.      0.      0.      0.      0.      0.      0.     92.    299.    327.    317.    333.    340.    327.    284.    288.    322.    306.    302.    309.    310.    269.    283.    290.    265.    297.    297.    325.    275.    281.    302.    298.    297.    292.    287.    281.    258.    275.    283.    263.    260.    285.    298.    306.    288.    298.    303.    261.    303.    270.    265.    286.    279.    288.    291.    299.    294.    279.    328.    325.    282.    314.    322.    321.    340.    301.    335.    247.     77.      0.      0.      0.      0.      0.      0.      0.      0.      0.      0.      0.      0.      0.      0.      0.      0.      0.      0.      0.      0.      0.      0.      0.      0.      0.      0.      0.      0.      0.      0.      0.      0.      0.
      0.      0.      0.      0.      0.      0.      0.      0.      0.      0.      0.      0.      0.      0.      0.      0.      0.      0.      0.      0.      0.      0.      0.      0.      0.      0.      0.      0.      0.      0.      0.     51.    229.    303.    318.    298.    327.    297.    327.    318.    303.    327.    258.    297.    298.    320.    259.    268.    310.    282.    274.    275.    274.    291.    289.    280.    290.    295.    277.    282.    294.    283.    285.    300.    300.    274.    305.    279.    316.    268.    286.    275.    305.    296.    274.    282.    305.    295.    288.    274.    295.    311.    282.    303.    307.    305.    320.    307.    297.    293.    305.    333.    337.    339.    320.    238.     71.      0.      0.      0.      0.      0.      0.      0.      0.      0.      0.      0.      0.      0.      0.      0.      0.      0.      0.      0.      0.      0.      0.      0.      0.      0.      0.      0.      0.      0.      0.      0.
      0.      0.      0.      0.      0.      0.      0.      0.      0.      0.      0.      0.      0.      0.      0.      0.      0.      0.      0.      0.      0.      0.      0.      0.      0.      0.      0.      0.      0.     15.    142.    273.    332.    321.    302.    301.    278.    310.    332.    311.    336.    301.    294.    348.    277.    305.    290.    257.    268.    291.    293.    278.    278.    285.    269.    267.    245.    288.    268.    269.    283.    259.    265.    260.    279.    284.    281.    265.    276.    279.    272.    269.    287.    242.    310.    262.    287.    286.    248.    293.    308.    288.    296.    313.    306.    302.    299.    317.    281.    290.    297.    327.    291.    352.    289.    323.    315.    167.     10.      0.      0.      0.      0.      0.      0.      0.      0.      0.      0.      0.      0.      0.      0.      0.      0.      0.      0.      0.      0.      0.      0.      0.      0.      0.      0.      0.      0.      0.
      0.      0.      0.      0.      0.      0.      0.      0.      0.      0.      0.      0.      0.      0.      0.      0.      0.      0.      0.      0.      0.      0.      0.      0.      0.      0.      0.      0.     66.    302.    324.    302.    304.    293.    316.    335.    321.    343.    280.    314.    283.    294.    263.    291.    302.    306.    310.    289.    291.    283.    246.    311.    291.    272.    264.    271.    268.    299.    302.    276.    273.    297.    270.    263.    253.    257.    283.    258.    271.    264.    267.    261.    267.    293.    257.    266.    285.    274.    283.    300.    270.    246.    283.    275.    274.    277.    327.    288.    319.    313.    285.    334.    300.    340.    328.    326.    330.    319.    265.     81.      0.      0.      0.      0.      0.      0.      0.      0.      0.      0.      0.      0.      0.      0.      0.      0.      0.      0.      0.      0.      0.      0.      0.      0.      0.      0.      0.      0.
      0.      0.      0.      0.      0.      0.      0.      0.      0.      0.      0.      0.      0.      0.      0.      0.      0.      0.      0.      0.      0.      0.      0.      0.      0.      0.      9.    190.    302.    322.    279.    333.    332.    309.    303.    347.    297.    294.    311.    318.    311.    283.    281.    275.    280.    255.    294.    287.    268.    273.    278.    243.    262.    263.    279.    292.    260.    299.    291.    284.    247.    260.    255.    257.    262.    291.    261.    301.    248.    276.    246.    267.    253.    284.    265.    275.    301.    280.    254.    294.    264.    271.    278.    304.    266.    299.    282.    271.    250.    320.    285.    290.    263.    302.    317.    265.    331.    334.    327.    337.    184.      9.      0.      0.      0.      0.      0.      0.      0.      0.      0.      0.      0.      0.      0.      0.      0.      0.      0.      0.      0.      0.      0.      0.      0.      0.      0.      0.
      0.      0.      0.      0.      0.      0.      0.      0.      0.      0.      0.      0.      0.      0.      0.      0.      0.      0.      0.      0.      0.      0.      0.      0.      0.     63.    275.    299.    352.    293.    336.    301.    321.    302.    299.    318.    300.    253.    294.    298.    265.    262.    259.    281.    303.    284.    233.    274.    269.    259.    291.    277.    269.    262.    264.    263.    265.    256.    248.    266.    260.    272.    235.    265.    232.    255.    264.    245.    248.    278.    265.    260.    253.    259.    270.    277.    258.    277.    278.    272.    263.    258.    277.    271.    280.    314.    270.    302.    291.    266.    305.    279.    317.    275.    303.    288.    293.    322.    330.    321.    330.    256.     66.      0.      0.      0.      0.      0.      0.      0.      0.      0.      0.      0.      0.      0.      0.      0.      0.      0.      0.      0.      0.      0.      0.      0.      0.      0.
      0.      0.      0.      0.      0.      0.      0.      0.      0.      0.      0.      0.      0.      0.      0.      0.      0.      0.      0.      0.      0.      0.      0.      0.    119.    293.    298.    314.    345.    291.    309.    299.    314.    306.    261.    286.    319.    295.    305.    256.    293.    264.    268.    271.    302.    268.    262.    285.    285.    257.    251.    282.    273.    245.    254.    270.    257.    260.    267.    263.    245.    252.    254.    251.    269.    267.    249.    254.    274.    270.    253.    244.    267.    249.    284.    247.    277.    261.    271.    278.    272.    269.    262.    242.    241.    300.    296.    290.    283.    275.    282.    280.    271.    287.    297.    319.    285.    318.    356.    307.    303.    327.    262.    120.      0.      0.      0.      0.      0.      0.      0.      0.      0.      0.      0.      0.      0.      0.      0.      0.      0.      0.      0.      0.      0.      0.      0.      0.
      0.      0.      0.      0.      0.      0.      0.      0.      0.      0.      0.      0.      0.      0.      0.      0.      0.      0.      0.      0.      0.      0.      2.    200.    335.    329.    309.    312.    333.    324.    264.    281.    287.    328.    250.    335.    259.    299.    266.    280.    255.    306.    273.    257.    282.    264.    259.    288.    272.    243.    266.    263.    228.    256.    283.    274.    258.    247.    270.    253.    346.    865.   1227.   1400.   1446.   1198.    876.    416.    218.    232.    256.    234.    265.    270.    277.    234.    280.    251.    266.    283.    274.    267.    283.    290.    262.    273.    225.    282.    276.    249.    292.    264.    284.    289.    326.    293.    310.    298.    310.    345.    287.    307.    301.    293.    161.      8.      0.      0.      0.      0.      0.      0.      0.      0.      0.      0.      0.      0.      0.      0.      0.      0.      0.      0.      0.      0.      0.      0.
      0.      0.      0.      0.      0.      0.      0.      0.      0.      0.      0.      0.      0.      0.      0.      0.      0.      0.      0.      0.      0.     14.    202.    328.    334.    318.    332.    281.    303.    310.    293.    266.    284.    299.    246.    312.    294.    247.    288.    285.    254.    280.    235.    262.    240.    260.    257.    277.    269.    245.    238.    232.    272.    277.    254.    256.    231.    223.    603.   1502.   2176.   2144.   2203.   2247.   2269.   2216.   2242.   2150.   1555.    623.    229.    241.    252.    261.    263.    269.    240.    257.    253.    262.    240.    271.    273.    263.    278.    267.    277.    268.    277.    278.    241.    283.    301.    263.    253.    274.    308.    287.    312.    305.    316.    306.    347.    291.    327.    207.     18.      0.      0.      0.      0.      0.      0.      0.      0.      0.      0.      0.      0.      0.      0.      0.      0.      0.      0.      0.      0.      0.
      0.      0.      0.      0.      0.      0.      0.      0.      0.      0.      0.      0.      0.      0.      0.      0.      0.      0.      0.      0.     33.    283.    349.    309.    297.    309.    313.    283.    326.    289.    307.    278.    303.    259.    276.    248.    274.    248.    280.    286.    268.    241.    227.    278.    258.    243.    247.    268.    249.    270.    257.    239.    254.    239.    237.    254.    241.   1222.   2186.   2184.   2191.   2185.   2215.   2119.   2149.   2150.   2170.   2267.   2258.   2214.   1267.    300.    236.    209.    223.    242.    267.    284.    250.    265.    265.    242.    281.    253.    263.    278.    290.    241.    279.    252.    259.    287.    256.    286.    265.    301.    319.    291.    326.    349.    276.    303.    279.    290.    327.    331.    246.     22.      0.      0.      0.      0.      0.      0.      0.      0.      0.      0.      0.      0.      0.      0.      0.      0.      0.      0.      0.      0.
      0.      0.      0.      0.      0.      0.      0.      0.      0.      0.      0.      0.      0.      0.      0.      0.      0.      0.      0.     42.    279.    341.    346.    316.    314.    286.    316.    279.    281.    282.    296.    270.    269.    320.    271.    252.    291.    264.    299.    260.    287.    257.    234.    276.    244.    250.    255.    251.    246.    255.    256.    261.    274.    264.    243.    277.   1588.   2098.   2054.   2223.   2109.   2068.   2119.   2123.   2121.   2135.   2107.   2059.   2137.   2160.   2121.   1583.    293.    240.    238.    263.    283.    224.    246.    230.    292.    277.    234.    234.    254.    252.    274.    263.    250.    259.    248.    256.    304.    298.    292.    308.    294.    289.    267.    314.    269.    299.    306.    302.    300.    342.    350.    282.     43.      0.      0.      0.      0.      0.      0.      0.      0.      0.      0.      0.      0.      0.      0.      0.      0.      0.      0.      0.
      0.      0.      0.      0.      0.      0.      0.      0.      0.      0.      0.      0.      0.      0.      0.      0.      0.      0.     39.    288.    325.    331.    269.    308.    311.    306.    301.    305.    269.    267.    298.    292.    283.    244.    277.    288.    238.    259.    250.    253.    262.    272.    243.    232.    245.    228.    251.    236.    228.    203.    263.    221.    239.    221.    228.   1435.   2134.   2131.   2158.   2150.   2060.   2181.   2175.   2132.   2007.   2140.   2116.   2018.   2090.   2157.   2133.   2178.   1455.    251.    261.    250.    210.    227.    237.    222.    244.    252.    256.    241.    270.    231.    236.    257.    253.    282.    281.    292.    288.    295.    282.    263.    286.    274.    284.    297.    290.    295.    294.    298.    342.    291.    295.    343.    308.     53.      0.      0.      0.      0.      0.      0.      0.      0.      0.      0.      0.      0.      0.      0.      0.      0.      0.      0.
      0.      0.      0.      0.      0.      0.      0.      0.      0.      0.      0.      0.      0.      0.      0.      0.      0.     38.    273.    327.    331.    306.    299.    300.    314.    317.    264.    294.    286.    260.    298.    268.    289.    269.    256.    259.    267.    248.    246.    260.    249.    239.    261.    249.    262.    254.    233.    241.    245.    224.    260.    219.    240.    218.    974.   2106.   2084.   2076.   2071.   2003.   2071.   2159.   2084.   2067.   2040.   2069.   2058.   2097.   2065.   2101.   2065.   2077.   2091.    950.    221.    244.    235.    237.    226.    243.    273.    244.    243.    254.    251.    257.    238.    222.    263.    259.    244.    275.    273.    308.    252.    251.    274.    282.    306.    297.    288.    274.    291.    298.    288.    305.    338.    307.    333.    297.     38.      0.      0.      0.      0.      0.      0.      0.      0.      0.      0.      0.      0.      0.      0.      0.      0.      0.
      0.      0.      0.      0.      0.      0.      0.      0.      0.      0.      0.      0.      0.      0.      0.      0.     27.    255.    326.    332.    339.    339.    296.    308.    296.    269.    288.    276.    272.    287.    264.    293.    276.    275.    274.    257.    280.    252.    251.    243.    264.    265.    248.    245.    265.    252.    240.    265.    228.    249.    236.    226.    243.    319.   1912.   2070.   2064.   2106.   2056.   2068.   2140.   2046.   1993.   2061.   2017.   2032.   2093.   2049.   2163.   2019.   2094.   2137.   2157.   1969.    320.    243.    256.    241.    268.    264.    234.    238.    213.    221.    210.    234.    279.    254.    248.    266.    241.    277.    250.    246.    274.    244.    300.    273.    251.    273.    267.    265.    258.    333.    319.    344.    294.    317.    275.    313.    258.     34.      0.      0.      0.      0.      0.      0.      0.      0.      0.      0.      0.      0.      0.      0.      0.      0.
      0.      0.      0.      0.      0.      0.      0.      0.      0.      0.      0.      0.      0.      0.      0.     22.    249.    353.    289.    319.    333.    296.    313.    295.    298.    298.    285.    308.    280.    248.    310.    281.    259.    255.    270.    267.    238.    252.    244.    255.    251.    232.    258.    233.    247.    249.    243.    222.    258.    240.    215.    254.    259.   1026.   1969.   2078.   1982.   2010.   2066.   2002.   2098.   2002.   2044.   2108.   1986.   2085.   1996.   2029.   1995.   2024.   2001.   1970.   2085.   2049.   1017.    218.    259.    234.    209.    218.    229.    231.    253.    254.    229.    226.    266.    228.    263.    239.    234.    253.    241.    241.    276.    293.    310.    256.    281.    282.    279.    250.    279.    279.    289.    313.    303.    315.    299.    323.    295.    251.     18.      0.      0.      0.      0.      0.      0.      0.      0.      0.      0.      0.      0.      0.      0.      0.
      0.      0.      0.      0.      0.      0.      0.      0.      0.      0.      0.      0.      0.      0.      6.    229.    354.    314.    331.    296.    309.    301.    304.    307.    301.    287.    271.    274.    268.    273.    247.    269.    264.    241.    228.    257.    268.    256.    214.    233.    224.    270.    235.    211.    246.    241.    235.    224.    248.    200.    201.    219.    249.   1598.   2045.   1970.   2008.   1965.   1981.   2083.   2030.   2018.   2027.   1990.   1940.   1982.   1977.   2026.   1978.   1986.   2012.   1999.   2066.   1939.   1591.    207.    231.    209.    233.    235.    246.    208.    220.    264.    242.    230.    253.    230.    240.    234.    264.    256.    266.    231.    262.    232.    271.    268.    284.    278.    276.    299.    285.    269.    312.    289.    292.    289.    294.    312.    315.    314.    207.      6.      0.      0.      0.      0.      0.      0.      0.      0.      0.      0.      0.      0.      0.      0.
      0.      0.      0.      0.      0.      0.      0.      0.      0.      0.      0.      0.      0.      0.    135.    306.    317.    300.    307.    320.    285.    280.    300.    292.    265.    248.    261.    284.    302.    261.    242.    264.    251.    269.    246.    256.    243.    261.    221.    236.    266.    235.    251.    257.    236.    222.    256.    224.    220.    235.    237.    229.    266.   1965.   1987.   2016.   2035.   1995.   1946.   1909.   1966.   1916.   1975.   1978.   2003.   2050.   2007.   1960.   1992.   1967.   1931.   2016.   2004.   1970.   1981.    230.    216.    271.    253.    225.    248.    234.    266.    243.    225.    246.    245.    236.    242.    247.    254.    260.    251.    235.    290.    233.    238.    258.    236.    266.    261.    276.    263.    302.    272.    283.    279.    316.    300.    320.    309.    338.    333.    149.      0.      0.      0.      0.      0.      0.      0.      0.      0.      0.      0.      0.      0.      0.
      0.      0.      0.      0.      0.      0.      0.      0.      0.      0.      0.      0.      0.    130.    301.    339.    334.    305.    326.    266.    304.    303.    295.    294.    301.    277.    264.    271.    286.    251.    257.    259.    244.    270.    273.    255.    220.    234.    247.    234.    221.    237.    217.    221.    212.    216.    247.    233.    231.    232.    224.    245.    452.   2021.   2009.   2035.   2045.   2006.   1928.   1916.   1869.   1997.   1963.   1971.   1968.   2005.   1938.   2050.   1918.   1978.   1999.   1944.   2032.   1917.   1970.    483.    223.    224.    252.    239.    231.    223.    219.    223.    243.    264.    406.    999.   1473.   1834.   1989.   2049.   1996.   1687.   1297.    610.    249.    272.    249.    241.    283.    284.    291.    275.    279.    288.    316.    276.    329.    316.    327.    268.    303.    356.    127.      0.      0.      0.      0.      0.      0.      0.      0.      0.      0.      0.      0.      0.
      0.      0.      0.      0.      0.      0.      0.      0.      0.      0.      0.      0.     54.    282.    327.    329.    309.    284.    307.    308.    293.    268.    289.    287.    253.    287.    270.    269.    271.    254.    281.    242.    269.    241.    274.    254.    255.    213.    258.    240.    243.    243.    200.    247.    227.    213.    222.    219.    238.    248.    216.    211.    575.   1965.   1915.   2016.   1956.   2001.   1956.   1933.   1925.   1907.   1945.   1925.   1948.   1960.   1903.   1941.   1908.   1909.   1980.   1933.   2008.   1938.   1867.    596.    228.    194.    210.    220.    216.    192.    229.    260.    435.   1433.   2115.   2172.   2248.   2042.   2050.   2188.   2233.   2155.   2204.   2247.   1769.    752.    271.    263.    273.    264.    286.    288.    288.    292.    284.    270.    301.    297.    300.    277.    296.    318.    311.     58.      0.      0.      0.      0.      0.      0.      0.      0.      0.      0.      0.      0.
      0.      0.      0.      0.      0.      0.      0.      0.      0.      0.      0.      9.    220.    358.    320.    328.    333.    297.    334.    281.    256.    276.    284.    288.    281.    263.    280.    235.    274.    263.    261.    251.    284.    228.    211.    238.    270.    232.    235.    226.    229.    225.    225.    216.    227.    219.    214.    210.    208.    220.    232.    225.    479.   1921.   1890.   1860.   1899.   1937.   1927.   1891.   1927.   1880.   1891.   1891.   1889.   1961.   1898.   1915.   1934.   1861.   1866.   1940.   1912.   1986.   1951.    534.    222.    262.    227.    226.    228.    221.    245.    931.   1988.   2031.   2057.   2050.   2032.   2058.   2098.   2112.   2229.   2273.   2152.   2219.   2294.   2305.   1459.    340.    274.    271.    254.    242.    261.    277.    275.    299.    257.    296.    294.    301.    308.    325.    345.    254.     15.      0.      0.      0.      0.      0.      0.      0.      0.      0.      0.      0.
      0.      0.      0.      0.      0.      0.      0.      0.      0.      0.      0.    187.    308.    306.    312.    307.    327.    286.    258.    270.    271.    267.    308.    291.    262.    243.    259.    273.    271.    249.    282.    255.    235.    455.   1045.   1409.   1611.   1542.   1330.    876.    303.    209.    225.    234.    213.    235.    222.    225.    230.    219.    228.    254.    301.   1916.   1911.   1861.   1877.   1886.   1865.   1862.   1806.   1827.   1864.   1790.   1891.   1788.   1903.   1991.   1973.   1923.   1864.   1872.   1893.   1958.   1896.    273.    222.    208.    217.    238.    204.    219.   1182.   2027.   2028.   2070.   2056.   1995.   2039.   2082.   2088.   2081.   2153.   2193.   2154.   2131.   2143.   2176.   2256.   1858.    372.    252.    257.    247.    269.    263.    300.    275.    287.    295.    296.    306.    274.    300.    352.    332.    196.      0.      0.      0.      0.      0.      0.      0.      0.      0.      0.      0.
      0.      0.      0.      0.      0.      0.      0.      0.      0.      0.     81.    304.    336.    297.    344.    297.    332.    292.    288.    296.    276.    309.    267.    275.    279.    241.    271.    270.    236.    235.    246.    490.   1556.   2184.   2205.   2105.   2201.   2014.   2064.   2050.   1939.   1205.    319.    237.    216.    232.    212.    203.    210.    189.    216.    244.    211.   1575.   1803.   1856.   1901.   1920.   1848.   1851.   1889.   1922.   1838.   1929.   1858.   1885.   1870.   1749.   1797.   1915.   1891.   1884.   1894.   1898.   1648.    207.    220.    207.    217.    232.    205.   1142.   1966.   1919.   1985.   2056.   1966.   2084.   2016.   2032.   2012.   2108.   2101.   2052.   2144.   2126.   2243.   2168.   2263.   2275.   1934.    364.    256.    247.    283.    267.    277.    294.    283.    297.    302.    306.    315.    288.    321.    344.    314.     91.      0.      0.      0.      0.      0.      0.      0.      0.      0.      0.
      0.      0.      0.      0.      0.      0.      0.      0.      0.      9.    292.    279.    336.    321.    275.    305.    305.    321.    302.    307.    275.    248.    281.    281.    271.    233.    255.    235.    232.    243.    909.   2067.   2241.   2107.   2115.   2109.   2024.   2059.   2017.   2159.   1909.   1972.   1680.    454.    223.    202.    192.    208.    229.    167.    210.    216.    230.   1065.   1871.   1834.   1853.   1847.   1862.   1912.   1898.   1804.   1884.   1848.   1820.   1879.   1861.   1929.   1866.   1817.   1879.   1796.   1895.   1818.    986.    212.    226.    216.    210.    224.    778.   1876.   1958.   1919.   1968.   2021.   1919.   2010.   2049.   2016.   2023.   2132.   2099.   2165.   2062.   2151.   2156.   2119.   2198.   2196.   2246.   1449.    261.    240.    255.    250.    266.    288.    296.    334.    288.    322.    319.    335.    306.    340.    310.    282.     16.      0.      0.      0.      0.      0.      0.      0.      0.      0.
      0.      0.      0.      0.      0.      0.      0.      0.      0.    180.    288.    338.    311.    258.    321.    329.    317.    266.    255.    278.    296.    283.    242.    261.    285.    260.    257.    244.    243.    852.   2122.   2133.   2169.   2160.   2091.   2045.   1996.   2084.   1965.   2042.   2034.   1961.   1901.   1770.    454.    223.    211.    215.    178.    232.    209.    211.    197.    396.   1753.   1830.   1933.   1867.   1853.   1804.   1796.   1864.   1861.   1837.   1841.   1758.   1827.   1899.   1733.   1857.   1901.   1801.   1864.   1788.    367.    208.    208.    219.    208.    308.   1686.   1859.   1904.   1945.   1988.   1955.   1925.   1962.   2007.   1993.   2031.   2034.   2033.   2036.   2097.   2164.   2152.   2189.   2259.   2159.   2272.   2231.    753.    257.    262.    278.    242.    300.    277.    285.    305.    324.    313.    332.    314.    320.    324.    318.    163.      0.      0.      0.      0.      0.      0.      0.      0.      0.
      0.      0.      0.      0.      0.      0.      0.      0.     49.    333.    315.    334.    347.    297.    285.    320.    294.    269.    290.    253.    242.    257.    267.    281.    251.    286.    247.    250.    480.   2083.   2123.   2124.   2167.   2042.   2000.   1986.   1996.   1949.   1972.   2017.   1929.   1860.   1932.   1960.   1559.    240.    212.    220.    197.    185.    207.    229.    200.    211.   1067.   1738.   1853.   1803.   1757.   1874.   1842.   1781.   1801.   1784.   1810.   1690.   1838.   1844.   1785.   1810.   1829.   1776.   1860.   1085.    228.    222.    198.    205.    208.   1023.   1963.   1884.   1902.   1946.   2022.   2005.   1999.   1978.   2007.   2003.   2052.   2041.   2050.   2110.   2005.   2086.   2063.   2156.   2119.   2173.   2296.   2216.   1793.    259.    248.    254.    267.    282.    271.    284.    297.    298.    280.    269.    306.    300.    281.    330.    329.     49.      0.      0.      0.      0.      0.      0.      0.      0.
      0.      0.      0.      0.      0.      0.      0.      0.    254.    336.    334.    308.    301.    294.    303.    304.    295.    267.    266.    270.    261.    267.    257.    287.    262.    234.    233.    240.   1684.   2162.   2150.   2124.   2154.   2113.   2088.   2003.   1984.   1930.   2010.   2040.   1946.   1879.   1907.   1910.   1927.    873.    217.    206.    200.    198.    202.    234.    200.    208.    280.   1513.   1862.   1819.   1782.   1801.   1861.   1696.   1788.   1818.   1835.   1781.   1789.   1834.   1769.   1777.   1813.   1916.   1453.    252.    196.    224.    210.    187.    229.   1709.   1926.   1857.   1815.   1857.   1885.   1981.   1890.   1932.   1947.   2058.   1950.   1999.   2122.   1995.   2016.   2159.   2092.   2097.   2089.   2184.   2250.   2229.   2324.    617.    262.    272.    266.    293.    264.    280.    265.    260.    291.    280.    290.    313.    328.    334.    343.    264.      0.      0.      0.      0.      0.      0.      0.      0.
      0.      0.      0.      0.      0.      0.      0.     74.    323.    328.    289.    308.    290.    305.    302.    258.    273.    279.    276.    273.    264.    249.    255.    242.    273.    246.    254.    457.   2178.   2161.   2065.   2057.   2043.   2061.   1994.   1937.   1990.   1979.   2008.   1923.   1955.   1919.   1949.   1912.   1908.   1667.    211.    200.    254.    195.    175.    193.    212.    187.    203.    318.   1568.   1725.   1767.   1673.   1823.   1746.   1866.   1745.   1784.   1755.   1830.   1821.   1684.   1679.   1762.   1500.    354.    193.    206.    197.    191.    207.    619.   1805.   1811.   1800.   1818.   1805.   1909.   1838.   1893.   1941.   1950.   1994.   2013.   1981.   2052.   2000.   2049.   2033.   2141.   2093.   2066.   2141.   2194.   2256.   2256.   1198.    259.    288.    259.    259.    260.    276.    283.    270.    292.    316.    307.    305.    310.    343.    349.    310.    104.      0.      0.      0.      0.      0.      0.      0.
      0.      0.      0.      0.      0.      0.      0.    255.    345.    306.    317.    292.    272.    293.    285.    266.    288.    279.    262.    289.    236.    266.    251.    228.    262.    246.    225.   1063.   2143.   2123.   2160.   2000.   2041.   1907.   2006.   1969.   2013.   1914.   1930.   1856.   1935.   1961.   1916.   1878.   1839.   1881.    464.    232.    213.    194.    188.    196.    221.    192.    188.    188.    310.   1306.   1758.   1691.   1716.   1708.   1702.   1712.   1736.   1757.   1691.   1785.   1771.   1728.   1314.    330.    209.    227.    166.    204.    194.    222.    910.   1847.   1841.   1828.   1863.   1841.   1874.   1873.   1920.   1916.   1905.   1918.   1887.   2030.   2004.   1989.   1972.   1967.   2012.   2119.   2179.   2161.   2230.   2168.   2234.   1711.    274.    236.    268.    256.    272.    307.    257.    328.    272.    300.    301.    281.    290.    333.    306.    317.    279.      4.      0.      0.      0.      0.      0.      0.
      0.      0.      0.      0.      0.      0.    107.    309.    333.    362.    294.    306.    292.    279.    315.    267.    277.    300.    313.    255.    266.    237.    251.    242.    239.    233.    257.   1426.   2170.   2165.   2041.   2054.   2077.   2050.   1991.   1962.   1956.   1955.   1916.   1971.   1961.   1836.   1897.   1894.   1778.   1827.    771.    185.    210.    211.    203.    214.    185.    196.    181.    190.    195.    191.    666.   1506.   1716.   1783.   1732.   1825.   1678.   1855.   1762.   1794.   1522.    785.    209.    186.    183.    219.    212.    199.    200.    188.   1147.   1817.   1789.   1804.   1819.   1860.   1914.   1905.   1822.   1938.   1877.   1936.   1956.   1968.   1915.   1922.   2054.   2152.   2030.   2106.   2105.   2046.   2147.   2143.   2094.   1986.    256.    268.    270.    260.    252.    252.    285.    273.    280.    286.    288.    291.    271.    318.    313.    356.    340.     89.      0.      0.      0.      0.      0.      0.
      0.      0.      0.      0.      0.      0.    235.    300.    344.    312.    309.    320.    297.    270.    288.    284.    269.    269.    257.    256.    271.    248.    260.    270.    249.    237.    224.   1601.   2123.   2094.   2041.   2026.   1969.   2030.   1939.   1908.   1887.   1957.   1888.   1907.   1794.   1901.   1869.   1888.   1889.   1852.    971.    227.    200.    174.    198.    209.    189.    213.    209.    190.    196.    202.    212.    206.    581.    998.   1265.   1421.   1346.   1248.   1036.    578.    205.    182.    185.    194.    198.    226.    209.    192.    181.    192.   1227.   1837.   1737.   1819.   1843.   1857.   1865.   1845.   1862.   1880.   2000.   1940.   1907.   1866.   1976.   2071.   2007.   1974.   2067.   2001.   2058.   2205.   2173.   2181.   2066.   2075.    223.    243.    266.    266.    251.    268.    292.    285.    307.    285.    307.    318.    300.    313.    335.    337.    327.    258.      0.      0.      0.      0.      0.      0.
      0.      0.      0.      0.      0.     85.    329.    321.    310.    285.    337.    307.    301.    267.    306.    259.    303.    266.    260.    269.    258.    258.    232.    247.    251.    249.    225.   1530.   2099.   2073.   1985.   2068.   2031.   2039.   1918.   1917.   1862.   1911.   1822.   1855.   1856.   1790.   1832.   1819.   1846.   1856.    934.    196.    186.    194.    197.    218.    171.    200.    202.    171.    181.    200.    161.    201.    179.    176.    199.    210.    185.    216.    167.    197.    231.    194.    194.    199.    194.    209.    217.    221.    205.    194.   1219.   1810.   1732.   1772.   1771.   1748.   1798.   1792.   1852.   1809.   1879.   1897.   1824.   1873.   1982.   1870.   1962.   1961.   2086.   2011.   2002.   2044.   2061.   2177.   2210.   1971.    237.    261.    252.    262.    265.    269.    269.    266.    293.    272.    281.    302.    302.    278.    292.    276.    336.    348.     69.      0.      0.      0.      0.      0.
      0.      0.      0.      0.      0.    220.    324.    335.    294.    325.    310.    295.    293.    314.    280.    263.    296.    258.    257.    254.    246.    250.    270.    257.    234.    258.    218.   1370.   2065.   1993.   1995.   1963.   2036.   1959.   1971.   1919.   1870.   1911.   1913.   1830.   1892.   1855.   1765.   1819.   1775.   1826.    715.    193.    196.    210.    210.    181.    211.    193.    179.    180.    179.    212.    187.    194.    179.    186.    171.    211.    169.    170.    179.    180.    199.    189.    199.    169.    189.    188.    166.    209.    222.    213.   1027.   1707.   1791.   1716.   1742.   1807.   1806.   1806.   1896.   1867.   1868.   1798.   1876.   1918.   1885.   1943.   1839.   1953.   1960.   1939.   2061.   2119.   2014.   2190.   2114.   1840.    226.    245.    242.    271.    267.    275.    269.    304.    251.    311.    259.    270.    315.    343.    315.    303.    344.    340.    215.      0.      0.      0.      0.      0.
      0.      0.      0.      0.     44.    329.    320.    298.    288.    287.    308.    321.    290.    270.    276.    286.    236.    263.    251.    244.    248.    246.    222.    226.    234.    235.    205.    915.   2017.   2122.   1984.   1910.   1953.   2006.   1933.   1897.   1922.   1816.   1787.   1878.   1864.   1742.   1827.   1770.   1752.   1797.    372.    214.    195.    191.    183.    197.    177.    194.    195.    183.    167.    191.    207.    168.    181.    166.    175.    181.    213.    197.    193.    178.    186.    199.    204.    198.    172.    181.    206.    165.    199.    228.    814.   1757.   1766.   1753.   1805.   1788.   1726.   1734.   1776.   1845.   1912.   1943.   1757.   1858.   1807.   1986.   1945.   1995.   1995.   2016.   2010.   2027.   2051.   2091.   2058.   1468.    234.    243.    270.    259.    269.    280.    257.    275.    270.    251.    257.    289.    305.    264.    325.    318.    316.    310.    323.     51.      0.      0.      0.      0.
      0.      0.      0.      0.    186.    326.    316.    328.    298.    311.    303.    320.    285.    286.    289.    294.    298.    268.    262.    271.    261.    277.    260.    255.    255.    210.    261.    362.   1920.   1934.   2050.   1929.   1945.   1930.   1931.   1910.   1894.   1901.   1817.   1774.   1879.   1856.   1857.   1786.   1732.   1412.    196.    202.    194.    170.    174.    189.    210.    221.    185.    209.    171.    181.    175.    174.    189.    143.    176.    204.    197.    186.    198.    213.    164.    191.    193.    188.    187.    191.    206.    190.    198.    211.    398.   1696.   1849.   1695.   1811.   1723.   1756.   1787.   1836.   1815.   1865.   1855.   1854.   1852.   2026.   1850.   1847.   1947.   1993.   2010.   1987.   2036.   2097.   2063.   2093.   1007.    234.    233.    254.    259.    264.    253.    253.    255.    289.    268.    272.    275.    271.    279.    309.    318.    279.    301.    315.    173.      0.      0.      0.      0.
      0.      0.      0.      4.    296.    326.    325.    322.    318.    298.    323.    288.    289.    278.    282.    244.    295.    281.    255.    230.    247.    240.    241.    240.    242.    212.    219.    236.   1127.   1906.   2020.   1980.   1983.   1904.   1879.   1814.   1899.   1873.   1857.   1725.   1833.   1852.   1809.   1719.   1803.    610.    192.    183.    181.    204.    169.    172.    170.    162.    198.    182.    214.    208.    158.    187.    171.    200.    188.    177.    173.    193.    215.    209.    177.    179.    184.    169.    190.    182.    207.    190.    173.    192.    216.   1396.   1691.   1805.   1715.   1768.   1768.   1870.   1786.   1807.   1766.   1848.   1849.   1825.   1852.   1910.   1852.   1924.   1945.   1991.   2023.   2019.   2074.   2070.   1985.    403.    230.    260.    215.    248.    266.    274.    266.    271.    261.    263.    271.    271.    286.    297.    302.    277.    304.    309.    297.    312.      4.      0.      0.      0.
      0.      0.      0.     88.    335.    340.    319.    336.    278.    299.    290.    285.    293.    282.    284.    306.    266.    254.    249.    232.    250.    258.    224.    220.    229.    237.    226.    214.    323.   1720.   1921.   1961.   1905.   1907.   1889.   1834.   1874.   1776.   1887.   1842.   1765.   1716.   1769.   1689.   1199.    209.    192.    167.    179.    178.    183.    194.    202.    194.    202.    178.    166.    194.    187.    183.    182.    185.    176.    181.    168.    159.    161.    188.    177.    180.    193.    196.    183.    199.    193.    181.    190.    193.    197.    707.   1688.   1783.   1697.   1747.   1736.   1818.   1772.   1825.   1743.   1826.   1830.   1782.   1937.   1825.   1952.   1934.   1894.   1905.   1971.   1958.   2034.   2011.   1410.    252.    243.    251.    255.    258.    254.    250.    258.    250.    284.    274.    287.    273.    322.    278.    262.    337.    302.    326.    289.    343.     87.      0.      0.      0.
      0.      0.      0.    220.    320.    313.    292.    297.    301.    292.    270.    247.    275.    287.    274.    274.    263.    246.    265.    240.    259.    248.    268.    233.    219.    228.    203.    232.    212.    513.   1673.   1867.   1896.   1859.   1845.   1874.   1815.   1796.   1774.   1708.   1808.   1769.   1734.   1338.    243.    195.    211.    190.    179.    170.    190.    176.    179.    151.    182.    238.    177.    181.    189.    215.    169.    219.    172.    182.    161.    178.    173.    191.    201.    177.    173.    190.    195.    176.    185.    168.    185.    177.    235.    201.   1445.   1790.   1727.   1654.   1693.   1771.   1777.   1800.   1841.   1788.   1890.   1790.   1932.   1877.   1863.   1941.   1856.   1960.   1959.   1922.   1993.   2040.    468.    236.    235.    225.    273.    259.    244.    275.    293.    242.    282.    280.    314.    272.    298.    305.    297.    287.    308.    294.    318.    299.    188.      0.      0.      0.
      0.      0.      7.    335.    318.    348.    299.    288.    309.    279.    277.    285.    277.    240.    280.    297.    288.    283.    238.    240.    226.    203.    262.    248.    238.    225.    220.    236.    216.    231.    453.   1552.   1959.   1822.   1844.   1827.   1835.   1825.   1863.   1849.   1777.   1779.   1201.    246.    205.    200.    209.    189.    179.    186.    192.    186.    204.    218.    206.    199.    193.    189.    193.    193.    167.    183.    193.    185.    167.    197.    172.    182.    189.    163.    188.    185.    183.    195.    177.    213.    179.    181.    199.    170.    463.   1682.   1750.   1750.   1688.   1642.   1741.   1820.   1796.   1780.   1815.   1808.   1843.   1792.   1891.   1788.   1935.   1901.   2006.   1883.   2078.    953.    230.    250.    237.    223.    253.    246.    265.    268.    246.    260.    273.    261.    270.    254.    289.    303.    290.    313.    309.    284.    332.    313.    299.      7.      0.      0.
      0.      0.     97.    319.    300.    332.    322.    336.    289.    257.    271.    298.    281.    278.    270.    256.    251.    263.    261.    243.    242.    265.    239.    221.    226.    236.    221.    202.    226.    217.    211.    242.    865.   1653.   1830.   1918.   1793.   1730.   1730.   1713.   1355.    578.    177.    203.    189.    205.    203.    188.    173.    178.    189.    183.    178.    176.    191.    187.    206.    167.    187.    192.    188.    183.    201.    199.    191.    158.    187.    190.    190.    197.    187.    194.    171.    164.    175.    179.    193.    198.    180.    183.    184.    672.   1651.   1710.   1737.   1780.   1762.   1750.   1830.   1697.   1823.   1835.   1831.   1875.   1880.   1863.   1901.   1929.   1892.   1971.   1265.    216.    227.    227.    254.    220.    236.    256.    257.    251.    280.    252.    260.    301.    264.    283.    288.    282.    295.    306.    304.    299.    309.    332.    333.     86.      0.      0.
      0.      0.    195.    307.    320.    305.    307.    288.    289.    338.    293.    292.    248.    267.    261.    264.    271.    251.    241.    268.    244.    217.    245.    242.    216.    231.    208.    221.    226.    216.    177.    208.    235.    233.    481.    789.    892.    892.    700.    370.    216.    203.    169.    207.    191.    199.    197.    202.    181.    212.    203.    203.    189.    167.    205.    190.    158.    208.    191.    211.    188.    204.    183.    179.    193.    193.    164.    191.    177.    162.    187.    172.    164.    192.    181.    199.    182.    219.    182.    197.    175.    173.    683.   1665.   1738.   1711.   1735.   1722.   1722.   1785.   1826.   1722.   1788.   1801.   1796.   1888.   1959.   1807.   1842.   1141.    202.    208.    192.    250.    216.    229.    233.    265.    235.    253.    256.    268.    308.    261.    270.    266.    287.    258.    286.    268.    286.    297.    302.    317.    343.    194.      0.      0.
      0.      0.    261.    300.    318.    306.    312.    277.    276.    276.    278.    270.    259.    271.    268.    273.    263.    226.    251.    268.    232.    225.    244.    218.    246.    230.    222.    205.    245.    210.    206.    198.    215.    211.    228.    202.    176.    190.    196.    212.    218.    193.    175.    178.    205.    188.    187.    195.    197.    185.    200.    179.    174.    198.    196.    182.    194.    185.    186.    171.    179.    180.    174.    164.    169.    209.    163.    190.    194.    205.    163.    145.    166.    180.    179.    176.    183.    189.    232.    209.    170.    196.    199.    428.   1419.   1658.   1743.   1713.   1725.   1800.   1753.   1739.   1774.   1830.   1860.   1859.   1842.   1750.    786.    211.    232.    225.    232.    225.    216.    247.    243.    248.    209.    272.    269.    282.    261.    285.    264.    306.    271.    266.    308.    266.    303.    332.    315.    330.    319.    298.      0.      0.
      0.     29.    306.    320.    316.    293.    311.    295.    262.    290.    280.    254.    286.    274.    254.    284.    274.    242.    255.    239.    238.    238.    217.    244.    209.    223.    249.    232.    224.    213.    222.    225.    194.    221.    214.    192.    194.    197.    191.    187.    196.    175.    178.    194.    190.    197.    178.    204.    216.    203.    175.    189.    189.    193.    198.    183.    152.    200.    182.    165.    162.    190.    165.    178.    195.    174.    194.    181.    209.    173.    198.    169.    178.    187.    169.    180.    186.    171.    176.    190.    174.    194.    199.    191.    230.    759.   1354.   1733.   1783.   1720.   1823.   1769.   1853.   1857.   1752.   1715.   1025.    301.    206.    217.    212.    222.    231.    223.    245.    229.    241.    254.    237.    239.    264.    253.    261.    274.    259.    268.    260.    299.    289.    274.    304.    291.    327.    319.    315.    323.     40.      0.
      0.     99.    336.    308.    341.    311.    308.    317.    296.    259.    304.    323.    246.    241.    256.    253.    277.    241.    235.    241.    254.    246.    222.    225.    235.    223.    201.    210.    208.    204.    222.    224.    193.    207.    184.    208.    205.    186.    193.    195.    186.    190.    181.    193.    194.    186.    188.    181.    193.    197.    198.    177.    192.    195.    161.    139.    187.    188.    166.    185.    156.    184.    202.    176.    173.    191.    184.    176.    196.    181.    161.    182.    169.    164.    193.    183.    168.    205.    173.    167.    187.    188.    194.    191.    190.    199.    177.    382.    810.   1029.   1185.   1203.   1125.    913.    560.    234.    225.    228.    200.    228.    217.    205.    204.    235.    238.    242.    238.    251.    258.    253.    254.    237.    256.    240.    262.    273.    273.    280.    270.    292.    293.    269.    301.    303.    343.    347.    107.      0.
      0.    165.    318.    309.    304.    270.    286.    323.    294.    263.    288.    249.    253.    273.    250.    248.    233.    245.    211.    234.    281.    235.    250.    208.    245.    247.    197.    228.    238.    197.    225.    195.    212.    205.    214.    221.    204.    201.    192.    205.    209.    195.    197.    171.    200.    193.    198.    177.    184.    180.    196.    164.    172.    165.    195.    165.    176.    191.    173.    179.    163.    161.    157.    161.    188.    184.    160.    176.    190.    172.    205.    159.    185.    164.    177.    157.    195.    195.    182.    200.    228.    177.    180.    174.    180.    187.    187.    171.    183.    190.    204.    213.    167.    203.    221.    215.    188.    220.    233.    231.    215.    226.    199.    217.    246.    216.    232.    212.    245.    245.    245.    259.    226.    254.    308.    271.    245.    286.    272.    270.    319.    289.    285.    331.    299.    342.    176.      0.
      0.    240.    311.    332.    342.    303.    308.    295.    292.    263.    294.    264.    243.    246.    233.    243.    286.    225.    238.    275.    263.    224.    233.    244.    231.    226.    218.    209.    238.    202.    185.    202.    193.    217.    208.    217.    223.    222.    180.    173.    170.    200.    188.    179.    178.    197.    186.    197.    153.    198.    192.    184.    192.    180.    164.    187.    183.    178.    187.    183.    180.    187.    183.    151.    172.    200.    179.    162.    162.    190.    176.    181.    163.    155.    191.    203.    191.    199.    185.    187.    176.    222.    191.    186.    187.    165.    189.    192.    184.    194.    201.    182.    176.    205.    246.    201.    213.    217.    206.    244.    213.    214.    214.    211.    255.    237.    228.    218.    245.    237.    234.    279.    274.    253.    251.    259.    257.    275.    269.    267.    326.    281.    308.    300.    300.    296.    266.      0.
      5.    294.    310.    344.    280.    286.    293.    293.    274.    266.    281.    268.    254.    262.    240.    281.    271.    266.    235.    222.    242.    245.    231.    228.    220.    217.    219.    217.    228.    198.    196.    207.    212.    200.    212.    206.    232.    201.    183.    216.    196.    178.    209.    176.    179.    174.    201.    160.    211.    183.    190.    210.    168.    186.    187.    170.    162.    169.    193.    183.    188.    167.    181.    184.    155.    177.    180.    178.    180.    187.    160.    192.    184.    183.    162.    176.    173.    173.    188.    180.    200.    197.    192.    160.    162.    194.    173.    192.    201.    193.    200.    203.    210.    195.    213.    191.    243.    205.    222.    204.    225.    211.    223.    231.    225.    228.    231.    239.    234.    241.    233.    270.    243.    233.    270.    281.    284.    266.    279.    271.    304.    290.    347.    302.    316.    296.    329.      1.
     45.    305.    296.    292.    297.    314.    305.    284.    274.    298.    253.    272.    254.    267.    257.    244.    249.    253.    249.    190.    220.    231.    235.    222.    228.    217.    212.    205.    247.    200.    215.    200.    199.    170.    203.    172.    187.    191.    216.    195.    196.    170.    184.    201.    200.    198.    169.    167.    172.    178.    174.    177.    189.    172.    180.    185.    164.    179.    151.    184.    193.    178.    178.    191.    159.    183.    176.    154.    176.    172.    156.    169.    197.    175.    166.    199.    185.    157.    180.    188.    180.    199.    164.    186.    189.    192.    189.    186.    187.    186.    197.    200.    204.    200.    203.    206.    215.    218.    201.    222.    211.    207.    234.    217.    260.    211.    199.    241.    233.    269.    239.    281.    261.    253.    234.    278.    282.    283.    279.    298.    285.    308.    303.    277.    319.    330.    318.     36.
    102.    317.    318.    313.    308.    332.    300.    296.    269.    286.    283.    288.    281.    223.    256.    239.    269.    228.    231.    240.    248.    241.    230.    237.    249.    214.    219.    211.    202.    207.    194.    208.    199.    176.    208.    200.    215.    216.    198.    174.    175.    159.    184.    179.    168.    183.    176.    162.    173.    221.    169.    194.    181.    192.    181.    187.    171.    149.    169.    171.    168.    188.    178.    178.    167.    172.    204.    181.    199.    180.    155.    169.    163.    146.    170.    214.    166.    165.    186.    168.    190.    186.    195.    176.    173.    184.    172.    201.    188.    217.    168.    208.    180.    218.    204.    233.    210.    208.    218.    206.    211.    229.    210.    247.    208.    223.    215.    247.    231.    234.    268.    234.    262.    267.    272.    281.    298.    257.    251.    281.    291.    281.    292.    298.    336.    348.    313.     89.
    141.    291.    312.    297.    309.    320.    255.    295.    280.    297.    254.    263.    240.    257.    265.    251.    259.    236.    246.    234.    240.    201.    224.    198.    246.    210.    219.    221.    193.    194.    193.    234.    181.    205.    195.    205.    195.    177.    212.    174.    179.    212.    189.    196.    189.    172.    171.    195.    191.    167.    180.    184.    176.    186.    190.    174.    174.    185.    176.    189.    185.    160.    169.    177.    189.    163.    181.    180.    186.    197.    163.    178.    195.    191.    170.    169.    188.    170.    154.    177.    187.    168.    188.    189.    178.    188.    194.    181.    157.    175.    179.    197.    185.    182.    196.    222.    216.    202.    229.    233.    214.    210.    220.    231.    214.    210.    247.    250.    245.    215.    217.    236.    224.    247.    252.    261.    271.    263.    291.    278.    305.    297.    306.    301.    317.    333.    326.    128.
    186.    340.    319.    304.    323.    298.    300.    312.    266.    260.    274.    255.    272.    268.    256.    274.    263.    242.    237.    231.    224.    243.    183.    104.     59.     51.     73.     97.    150.    193.    231.    212.    220.    203.    181.    183.    208.    177.    158.    208.    166.    180.    188.    185.    167.    169.    205.    187.    200.    187.    195.    198.    163.    169.    202.    176.    170.    169.    187.    200.    175.    182.    183.    161.    189.    161.    170.    175.    157.    141.    188.    158.    164.    182.    179.    188.    212.    171.    166.    165.    184.    185.    168.    177.    178.    184.    234.    164.    195.    188.    191.    203.    196.    216.    190.    205.    178.    202.    197.    205.    212.    230.    249.    192.    208.    191.    242.    225.    257.    227.    236.    244.    267.    270.    265.    265.    282.    261.    256.    259.    283.    273.    309.    299.    318.    291.    304.    204.
    239.    315.    322.    293.    297.    316.    310.    273.    303.    261.    274.    246.    281.    285.    270.    258.    245.    244.    275.    218.    208.     74.     56.     69.     47.     46.     54.     59.     57.     55.    174.    208.    198.    206.    216.    216.    193.    189.    199.    193.    187.    192.    172.    174.    187.    192.    167.    174.    185.    179.    155.    182.    182.    207.    181.    182.    166.    185.    192.    164.    180.    182.    198.    173.    183.    167.    167.    161.    194.    176.    172.    174.    172.    185.    175.    159.    192.    151.    162.    187.    180.    182.    189.    207.    183.    178.    195.    197.    209.    200.    204.    195.    217.    191.    230.    208.    214.    188.    221.    194.    228.    196.    223.    205.    225.    223.    221.    223.    229.    248.    238.    264.    247.    244.    270.    294.    270.    240.    280.    250.    265.    284.    313.    309.    316.    319.    334.    230.
    231.    320.    301.    319.    296.    270.    300.    311.    269.    289.    251.    286.    260.    262.    261.    238.    244.    236.    254.    213.     46.     56.     52.     48.     71.     54.     54.     52.     44.     50.     42.    140.    230.    194.    187.    191.    212.    181.    186.    191.    208.    185.    158.    179.    191.    168.    171.    173.    194.    190.    177.    214.    184.    189.    170.    168.    189.    157.    203.    164.    165.    182.    194.    164.    180.    170.    164.    164.    188.    168.    157.    187.    162.    179.    163.    162.    166.    174.    182.    200.    182.    178.    189.    171.    193.    200.    171.    171.    179.    177.    208.    186.    182.    196.    232.    199.    168.    227.    219.    226.    223.    221.    239.    212.    221.    228.    257.    197.    221.    233.    240.    265.    240.    268.    267.    236.    270.    276.    267.    268.    280.    269.    301.    260.    292.    334.    346.    256.
    301.    287.    275.    293.    280.    302.    300.    274.    284.    269.    275.    274.    279.    227.    227.    292.    243.    253.    216.     66.     51.     58.     51.     54.     41.     51.     54.     41.     51.     64.     61.     50.    178.    199.    224.    192.    181.    175.    210.    191.    181.    164.    179.    178.    192.    164.    185.    192.    155.    202.    185.    194.    175.    169.    172.    162.    171.    173.    183.    179.    166.    159.    155.    181.    163.    191.    169.    167.    161.    192.    185.    168.    173.    179.    191.    171.    208.    179.    196.    194.    187.    180.    151.    175.    170.    184.    182.    159.    193.    183.    188.    200.    217.    212.    214.    193.    199.    221.    213.    235.    233.    196.    220.    230.    232.    217.    209.    246.    233.    220.    235.    268.    252.    256.    253.    249.    252.    264.    270.    262.    305.    263.    298.    289.    302.    308.    306.    277.
    287.    306.    327.    311.    275.    267.    286.    295.    263.    267.    285.    243.    267.    254.    264.    240.    254.    227.    143.     64.     45.     51.     44.     49.     53.     49.     51.     55.     33.     50.     53.     53.     84.    204.    195.    188.    176.    189.    186.    191.    187.    190.    196.    178.    186.    182.    179.    185.    173.    187.    184.    173.    167.    174.    176.    176.    204.    176.    158.    176.    180.    172.    179.    188.    170.    161.    181.    190.    171.    161.    177.    186.    173.    183.    169.    165.    168.    192.    168.    175.    179.    186.    204.    162.    190.    165.    173.    227.    203.    193.    212.    176.    205.    172.    193.    178.    234.    183.    201.    185.    217.    210.    214.    210.    215.    242.    233.    247.    205.    226.    263.    212.    269.    219.    268.    288.    289.    272.    274.    268.    269.    274.    309.    305.    317.    309.    341.    323.
    335.    312.    334.    285.    315.    303.    290.    286.    296.    236.    263.    290.    262.    237.    267.    254.    233.    235.     66.     50.     51.     60.     57.     52.     67.     47.     36.     53.     56.     45.     41.     44.     46.    173.    212.    213.    194.    167.    200.    179.    174.    179.    184.    219.    168.    175.    186.    182.    207.    170.    178.    175.    172.    166.    185.    200.    184.    173.    185.    205.    173.    190.    173.    162.    175.    165.    173.    150.    154.    174.    175.    191.    166.    170.    165.    189.    197.    191.    161.    179.    179.    196.    192.    211.    196.    202.    179.    187.    208.    183.    190.    165.    194.    201.    211.    207.    209.    215.    204.    190.    213.    224.    211.    218.    230.    198.    215.    227.    234.    246.    254.    226.    254.    283.    271.    267.    278.    281.    292.    303.    263.    307.    275.    312.    305.    320.    317.    341.
    330.    319.    312.    293.    329.    294.    295.    266.    286.    289.    280.    229.    289.    269.    246.    232.    247.    201.     58.     53.     60.     60.     54.     58.     58.     48.     69.     47.     43.     47.     54.     55.     41.    137.    182.    200.    210.    180.    183.    197.    171.    189.    197.    188.    187.    184.    174.    191.    170.    188.    162.    185.    170.    196.    160.    179.    194.    193.    175.    175.    156.    163.    185.    176.    176.    193.    175.    183.    152.    176.    164.    172.    200.    175.    179.    180.    179.    194.    200.    194.    170.    181.    198.    198.    200.    186.    191.    176.    173.    174.    209.    199.    193.    202.    193.    195.    211.    198.    216.    208.    218.    672.   1187.    550.    221.    220.    224.    242.    248.    268.    229.    241.    257.    272.    294.    254.    271.    251.    282.    283.    247.    327.    271.    320.    273.    323.    330.    341.
    309.    328.    320.    291.    344.    292.    306.    293.    270.    286.    237.    270.    266.    249.    234.    235.    241.    152.     58.     55.     51.     53.     52.     42.     50.     52.     61.     50.     43.     54.     49.     51.     40.    103.    222.    180.    183.    198.    180.    195.    191.    204.    185.    185.    154.    181.    199.    176.    166.    165.    177.    184.    189.    182.    213.    188.    158.    190.    184.    162.    173.    184.    169.    160.    172.    159.    174.    182.    156.    156.    173.    173.    176.    168.    184.    156.    177.    201.    148.    167.    168.    174.    184.    170.    194.    201.    190.    202.    168.    183.    163.    208.    207.    203.    188.    217.    205.    219.    197.    213.    396.   1922.   1858.   1714.    231.    248.    222.    249.    226.    241.    251.    285.    239.    282.    258.    275.    253.    270.    258.    258.    265.    273.    286.    278.    292.    277.    353.    322.
    306.    319.    281.    301.    291.    256.    296.    270.    272.    269.    252.    272.    250.    261.    242.    254.    233.    172.     64.     58.     48.     68.     64.     56.     54.     59.     47.     44.     48.     49.     47.     53.     50.    118.    208.    229.    195.    221.    193.    197.    192.    184.    184.    177.    183.    186.    195.    170.    176.    202.    177.    209.    153.    168.    166.    199.    175.    195.    180.    185.    158.    206.    186.    193.    174.    191.    198.    187.    162.    181.    153.    204.    148.    182.    178.    175.    173.    179.    162.    182.    156.    190.    189.    186.    192.    172.    192.    172.    191.    187.    191.    196.    192.    184.    211.    190.    237.    226.    206.    204.    377.   1854.   1905.   1749.    220.    254.    237.    229.    234.    243.    241.    275.    263.    256.    268.    275.    257.    287.    281.    299.    290.    309.    296.    321.    306.    337.    336.    320.
    312.    325.    284.    314.    281.    310.    306.    293.    261.    262.    248.    278.    254.    254.    273.    218.    241.    185.     61.     54.     47.     60.     50.     63.     50.     44.     38.     56.     51.     52.     54.     38.     66.    126.    187.    188.    214.    191.    186.    195.    198.    204.    195.    179.    168.    172.    196.    180.    155.    150.    179.    165.    179.    175.    180.    203.    160.    172.    168.    169.    175.    143.    187.    171.    173.    183.    184.    195.    180.    189.    177.    143.    179.    156.    163.    178.    180.    167.    174.    167.    170.    177.    166.    170.    181.    191.    198.    198.    202.    182.    196.    191.    208.    186.    185.    211.    213.    198.    234.    207.    209.    684.   1191.    531.    235.    247.    213.    239.    220.    234.    235.    261.    258.    244.    243.    245.    263.    242.    259.    271.    306.    271.    315.    263.    297.    290.    323.    313.
    312.    295.    291.    305.    257.    258.    314.    280.    264.    286.    269.    307.    253.    266.    245.    256.    249.    236.     67.     53.     57.     50.     57.     47.     62.     67.     40.     56.     38.     45.     46.     38.     62.    167.    164.    211.    189.    179.    200.    190.    197.    186.    201.    195.    195.    187.    167.    170.    206.    180.    180.    178.    187.    185.    165.    170.    172.    188.    178.    168.    194.    183.    181.    157.    171.    146.    180.    205.    162.    177.    176.    178.    199.    167.    159.    190.    178.    170.    172.    165.    155.    184.    215.    190.    194.    172.    198.    201.    160.    180.    172.    170.    187.    213.    206.    201.    184.    223.    209.    191.    217.    203.    227.    239.    207.    226.    207.    243.    231.    241.    244.    235.    248.    245.    254.    251.    286.    253.    257.    250.    295.    317.    316.    284.    269.    332.    309.    288.
    312.    304.    296.    313.    298.    320.    287.    283.    282.    301.    247.    248.    279.    245.    244.    267.    248.    237.    130.     63.     44.     48.     52.     58.     56.     62.     48.     46.     55.     47.     37.     59.     91.    189.    200.    194.    195.    215.    181.    187.    172.    177.    203.    179.    206.    183.    167.    173.    181.    179.    170.    185.    168.    154.    182.    151.    188.    180.    171.    173.    168.    184.    148.    145.    152.    181.    175.    160.    166.    179.    192.    164.    180.    181.    196.    181.    166.    180.    185.    190.    168.    187.    182.    180.    190.    194.    195.    214.    170.    181.    191.    210.    195.    215.    210.    183.    186.    195.    213.    191.    229.    204.    236.    225.    219.    241.    227.    246.    246.    233.    239.    240.    257.    258.    264.    253.    255.    282.    280.    297.    289.    272.    261.    311.    315.    307.    307.    309.
    272.    333.    328.    285.    314.    333.    283.    279.    278.    272.    282.    262.    271.    227.    279.    240.    242.    254.    214.     73.     75.     47.     62.     44.     45.     66.     50.     49.     45.     46.     50.     48.    174.    200.    198.    183.    201.    194.    220.    204.    176.    191.    203.    183.    186.    177.    173.    168.    209.    190.    165.    160.    183.    177.    176.    177.    179.    173.    170.    183.    207.    166.    165.    166.    162.    181.    174.    151.    167.    159.    150.    170.    160.    171.    184.    198.    211.    186.    182.    184.    179.    173.    168.    186.    191.    196.    206.    187.    198.    209.    187.    199.    198.    192.    241.    193.    207.    216.    201.    218.    213.    186.    204.    214.    215.    255.    215.    231.    219.    242.    234.    216.    246.    263.    265.    280.    288.    273.    267.    256.    268.    307.    281.    296.    315.    297.    307.    283.
    274.    323.    273.    287.    295.    316.    272.    273.    282.    313.    261.    259.    271.    235.    258.    236.    225.    239.    233.    189.     62.     48.     60.     55.     61.     45.     53.     34.     54.     72.     53.    142.    203.    208.    171.    208.    199.    208.    192.    186.    222.    181.    190.    169.    208.    156.    167.    184.    202.    167.    172.    172.    190.    164.    181.    156.    184.    186.    168.    178.    172.    179.    167.    156.    161.    167.    184.    176.    197.    195.    195.    185.    164.    180.    155.    182.    175.    179.    177.    177.    181.    176.    178.    191.    210.    185.    189.    173.    216.    197.    208.    226.    221.    194.    206.    214.    196.    196.    209.    215.    191.    209.    230.    226.    223.    203.    229.    229.    245.    234.    237.    249.    254.    215.    272.    291.    256.    273.    295.    271.    322.    293.    297.    293.    327.    351.    313.    230.
    197.    324.    296.    290.    287.    314.    307.    274.    242.    247.    265.    281.    275.    256.    265.    232.    269.    233.    237.    241.    190.     84.     59.     50.     49.     63.     47.     64.     54.     70.    157.    202.    191.    215.    200.    179.    238.    207.    181.    196.    201.    200.    191.    222.    191.    187.    180.    194.    169.    180.    182.    172.    178.    162.    171.    180.    198.    177.    173.    195.    161.    193.    193.    175.    172.    166.    190.    151.    192.    175.    188.    180.    189.    173.    166.    181.    175.    174.    184.    176.    179.    199.    189.    181.    189.    190.    192.    180.    162.    204.    196.    186.    208.    212.    188.    212.    215.    191.    203.    216.    181.    240.    179.    226.    234.    247.    237.    200.    233.    240.    261.    246.    243.    259.    268.    239.    273.    275.    278.    291.    267.    291.    324.    297.    338.    310.    314.    211.
    182.    346.    321.    302.    322.    296.    294.    276.    266.    268.    247.    262.    292.    266.    255.    250.    253.    236.    238.    246.    236.    238.    177.     88.     54.     53.     60.     86.    121.    207.    203.    170.    199.    205.    201.    197.    208.    215.    182.    193.    188.    176.    194.    167.    162.    212.    182.    163.    170.    202.    169.    180.    162.    167.    168.    171.    176.    155.    192.    179.    188.    194.    164.    162.    161.    163.    172.    165.    185.    181.    174.    184.    177.    168.    160.    175.    170.    189.    185.    189.    198.    198.    178.    184.    197.    192.    173.    197.    200.    195.    220.    190.    220.    206.    202.    189.    215.    205.    227.    230.    236.    222.    201.    244.    229.    223.    239.    221.    253.    242.    244.    262.    242.    274.    225.    272.    254.    282.    275.    247.    255.    305.    312.    276.    336.    277.    312.    179.
    152.    367.    317.    297.    309.    298.    312.    307.    314.    294.    273.    288.    257.    276.    265.    260.    237.    273.    242.    266.    243.    229.    223.    218.    221.    232.    209.    215.    221.    219.    211.    212.    196.    196.    201.    196.    177.    190.    198.    169.    176.    199.    191.    201.    194.    208.    205.    188.    198.    174.    176.    202.    192.    156.    191.    156.    202.    167.    181.    208.    181.    174.    185.    177.    161.    187.    189.    170.    175.    185.    171.    172.    155.    181.    196.    177.    168.    188.    149.    188.    194.    192.    185.    193.    224.    191.    206.    212.    201.    195.    204.    215.    205.    211.    209.    204.    245.    224.    196.    226.    204.    217.    222.    218.    228.    223.    229.    250.    260.    242.    232.    238.    265.    256.    264.    274.    271.    286.    322.    262.    304.    306.    288.    318.    330.    305.    327.    151.
    110.    326.    313.    308.    328.    299.    282.    289.    269.    269.    268.    275.    258.    265.    246.    242.    278.    245.    229.    261.    212.    278.    227.    246.    213.    212.    204.    185.    222.    200.    194.    206.    182.    208.    189.    201.    191.    186.    204.    188.    167.    175.    192.    168.    208.    187.    172.    193.    179.    182.    190.    189.    179.    159.    173.    208.    162.    190.    170.    167.    154.    158.    171.    174.    155.    152.    163.    179.    192.    175.    184.    186.    189.    174.    188.    175.    159.    166.    169.    187.    188.    187.    190.    158.    195.    195.    213.    176.    207.    201.    200.    193.    202.    194.    220.    172.    206.    214.    199.    222.    228.    212.    204.    215.    195.    228.    236.    240.    256.    238.    250.    233.    252.    265.    272.    232.    272.    275.    311.    277.    324.    316.    275.    317.    299.    314.    311.     99.
     55.    289.    305.    318.    342.    297.    290.    300.    288.    285.    254.    257.    270.    238.    265.    250.    248.    260.    238.    210.    254.    267.    239.    244.    220.    240.    206.    216.    209.    219.    191.    203.    206.    205.    206.    197.    231.    193.    193.    218.    196.    193.    174.    194.    180.    177.    175.    184.    178.    174.    161.    207.    140.    184.    171.    191.    171.    176.    151.    156.    174.    166.    176.    165.    158.    195.    192.    195.    163.    173.    167.    215.    155.    181.    165.    155.    192.    176.    189.    179.    193.    172.    188.    181.    183.    178.    202.    190.    196.    199.    184.    189.    200.    186.    182.    206.    213.    193.    232.    200.    182.    221.    244.    244.    224.    244.    226.    192.    227.    237.    276.    245.    259.    250.    241.    296.    290.    237.    298.    281.    273.    296.    293.    321.    310.    301.    350.     45.
      1.    310.    337.    311.    312.    291.    274.    322.    301.    295.    264.    283.    269.    260.    248.    247.    222.    238.    246.    236.    218.    230.    241.    245.    235.    217.    213.    237.    206.    232.    227.    221.    212.    198.    210.    194.    219.    188.    185.    183.    199.    179.    181.    215.    165.    160.    219.    220.    176.    157.    202.    160.    191.    150.    203.    165.    161.    183.    178.    187.    166.    182.    148.    166.    162.    172.    157.    195.    164.    164.    174.    177.    192.    165.    185.    194.    188.    191.    191.    186.    193.    207.    185.    206.    171.    168.    206.    187.    194.    187.    214.    210.    185.    190.    177.    218.    236.    190.    216.    223.    224.    217.    227.    228.    248.    221.    229.    234.    247.    219.    268.    263.    280.    265.    248.    292.    267.    271.    298.    268.    281.    287.    285.    275.    309.    335.    294.      2.
      0.    223.    330.    317.    300.    282.    288.    311.    283.    282.    285.    264.    255.    267.    276.    242.    284.    237.    246.    261.    251.    215.    225.    240.    221.    228.    223.    197.    204.    197.    177.    188.    183.    224.    195.    202.    217.    210.    191.    221.    205.    193.    183.    187.    179.    197.    204.    181.    183.    212.    188.    187.    198.    159.    169.    166.    188.    202.    160.    192.    175.    178.    198.    178.    184.    185.    202.    198.    177.    149.    164.    166.    158.    196.    178.    192.    177.    172.    195.    183.    199.    189.    214.    194.    189.    194.    211.    199.    185.    194.    202.    197.    196.    201.    179.    201.    191.    215.    260.    201.    216.    212.    239.    217.    232.    231.    255.    238.    232.    243.    238.    256.    294.    237.    238.    257.    269.    269.    280.    257.    306.    325.    300.    282.    351.    328.    230.      0.
      0.    200.    319.    354.    312.    277.    309.    309.    269.    262.    256.    275.    245.    251.    232.    269.    260.    235.    253.    210.    255.    259.    224.    216.    235.    237.    213.    200.    237.    209.    208.    225.    200.    222.    199.    187.    189.    194.    186.    185.    182.    184.    202.    169.    182.    199.    199.    192.    180.    183.    185.    172.    192.    179.    176.    176.    191.    213.    195.    195.    171.    162.    200.    195.    186.    190.    199.    175.    180.    167.    212.    177.    181.    168.    198.    180.    215.    178.    203.    190.    203.    198.    190.    189.    180.    169.    184.    207.    191.    192.    182.    234.    215.    184.    194.    218.    222.    224.    196.    202.    211.    213.    222.    199.    253.    224.    235.    248.    229.    237.    265.    254.    236.    269.    292.    251.    264.    284.    284.    269.    292.    267.    317.    334.    313.    348.    190.      0.
      0.    120.    318.    297.    316.    292.    275.    289.    296.    291.    271.    246.    242.    271.    247.    232.    249.    252.    220.    244.    253.    260.    212.    226.    229.    231.    211.    222.    185.    197.    199.    177.    205.    213.    181.    198.    208.    199.    205.    203.    173.    163.    202.    214.    209.    185.    193.    198.    192.    183.    179.    192.    169.    188.    196.    192.    188.    188.    178.    170.    167.    174.    174.    171.    180.    156.    175.    197.    173.    169.    175.    166.    183.    211.    175.    195.    200.    159.    182.    209.    184.    185.    174.    190.    163.    186.    184.    182.    203.    218.    198.    191.    199.    198.    205.    214.    245.    211.    223.    219.    201.    211.    213.    259.    219.    246.    272.    201.    209.    249.    238.    239.    250.    277.    266.    253.    264.    281.    306.    264.    307.    298.    301.    327.    311.    349.    111.      0.
      0.     32.    320.    301.    303.    299.    306.    274.    273.    299.    282.    228.    275.    275.    265.    265.    264.    251.    232.    239.    229.    240.    242.    245.    220.    246.    233.    227.    225.    206.    215.    195.    195.    213.    205.    187.    210.    193.    192.    213.    201.    179.    206.    190.    184.    195.    182.    176.    192.    204.    184.    169.    176.    188.    181.    182.    182.    180.    196.    189.    188.    188.    181.    166.    177.    183.    211.    176.    186.    182.    178.    168.    182.    163.    202.    180.    166.    206.    174.    188.    190.    176.    183.    205.    197.    187.    200.    206.    185.    175.    210.    204.    205.    188.    245.    190.    215.    214.    204.    212.    227.    230.    220.    228.    241.    234.    252.    243.    258.    251.    251.    230.    261.    299.    283.    266.    269.    299.    273.    283.    282.    290.    267.    328.    312.    323.     36.      0.
      0.      0.    300.    351.    300.    330.    280.    312.    301.    278.    294.    270.    290.    247.    264.    265.    250.    246.    248.    224.    260.    262.    268.    226.    250.    225.    195.    229.    212.    232.    232.    219.    190.    227.    205.    195.    239.    194.    208.    166.    219.    187.    183.    169.    217.    189.    170.    194.    174.    177.    198.    189.    190.    203.    192.    202.    173.    175.    175.    187.    191.    183.    184.    197.    169.    169.    161.    152.    170.    163.    201.    169.    195.    194.    190.    185.    175.    195.    195.    176.    205.    197.    199.    184.    172.    171.    202.    180.    214.    191.    214.    195.    205.    212.    219.    181.    206.    222.    194.    200.    224.    244.    214.    245.    223.    223.    247.    265.    254.    261.    204.    272.    275.    254.    286.    270.    263.    238.    268.    291.    271.    316.    282.    299.    344.    272.      0.      0.
      0.      0.    185.    321.    329.    305.    290.    316.    294.    259.    260.    285.    284.    259.    282.    249.    256.    238.    277.    241.    217.    248.    239.    193.    222.    213.    207.    219.    213.    211.    210.    219.    222.    194.    198.    165.    202.    196.    189.    184.    219.    201.    222.    181.    200.    188.    182.    190.    207.    201.    175.    189.    187.    183.    174.    188.    200.    180.    167.    177.    157.    167.    171.    194.    182.    167.    205.    163.    201.    179.    192.    173.    181.    190.    189.    183.    176.    185.    171.    179.    193.    173.    170.    188.    215.    190.    200.    225.    175.    178.    217.    202.    191.    209.    197.    219.    219.    219.    226.    219.    220.    211.    231.    227.    219.    246.    246.    256.    249.    243.    243.    240.    264.    275.    288.    301.    263.    285.    282.    315.    285.    317.    296.    299.    318.    178.      0.      0.
      0.      0.     89.    313.    336.    302.    270.    324.    299.    298.    311.    238.    275.    269.    244.    248.    268.    249.    277.    249.    265.    236.    224.    229.    252.    215.    213.    221.    210.    223.    246.    183.    208.    199.    206.    176.    205.    216.    199.    180.    178.    189.    176.    169.    186.    197.    175.    187.    177.    171.    183.    191.    198.    179.    223.    196.    176.    183.    194.    162.    185.    176.    202.    165.    181.    164.    193.    191.    183.    146.    175.    181.    190.    177.    181.    181.    177.    165.    183.    174.    154.    177.    175.    225.    220.    186.    206.    194.    199.    206.    184.    219.    219.    197.    207.    216.    211.    224.    216.    186.    214.    248.    218.    230.    239.    227.    252.    230.    267.    213.    273.    262.    270.    253.    267.    270.    265.    285.    283.    293.    264.    308.    306.    330.    287.    100.      0.      0.
      0.      0.      7.    311.    303.    266.    306.    279.    286.    305.    287.    297.    279.    272.    280.    255.    273.    232.    268.    246.    245.    233.    213.    237.    243.    212.    248.    243.    224.    207.    237.    204.    221.    203.    221.    217.    192.    206.    198.    205.    228.    216.    185.    211.    196.    162.    195.    152.    220.    180.    182.    213.    174.    157.    191.    189.    188.    184.    185.    200.    201.    169.    181.    180.    193.    183.    177.    183.    180.    166.    205.    199.    204.    192.    179.    204.    190.    175.    177.    180.    188.    195.    184.    218.    189.    208.    190.    181.    199.    215.    231.    230.    199.    182.    209.    208.    232.    194.    215.    218.    209.    234.    209.    221.    222.    245.    221.    225.    254.    256.    266.    259.    273.    288.    273.    284.    254.    277.    283.    315.    284.    331.    312.    311.    318.      7.      0.      0.
      0.      0.      0.    215.    326.    354.    306.    297.    294.    291.    259.    272.    302.    275.    236.    266.    255.    252.    254.    240.    235.    241.    236.    242.    213.    242.    254.    220.    239.    231.    209.    226.    221.    215.    208.    406.    618.    564.    271.    202.    208.    203.    164.    188.    183.    193.    210.    194.    172.    213.    189.    203.    179.    197.    171.    183.    197.    228.    177.    164.    173.    207.    196.    191.    179.    195.    182.    183.    185.    181.    183.    194.    179.    194.    188.    192.    190.    187.    185.    212.    200.    196.    176.    213.    206.    188.    202.    193.    227.    236.    209.    211.    213.    215.    217.    210.    236.    232.    229.    227.    209.    230.    246.    223.    220.    257.    255.    243.    261.    236.    254.    266.    250.    228.    271.    253.    302.    321.    287.    306.    339.    276.    324.    320.    220.      0.      0.      0.
      0.      0.      0.     69.    329.    312.    325.    317.    323.    288.    290.    300.    270.    237.    256.    289.    258.    273.    233.    248.    237.    233.    235.    213.    242.    241.    228.    248.    196.    214.    226.    193.    224.    704.   1555.   1927.   1832.   1765.   1762.   1365.    441.    199.    207.    207.    189.    207.    196.    181.    186.    189.    166.    194.    192.    184.    189.    203.    199.    186.    166.    197.    184.    172.    171.    192.    174.    190.    165.    175.    167.    193.    184.    202.    187.    184.    167.    210.    207.    162.    201.    175.    216.    191.    208.    189.    193.    211.    221.    206.    201.    204.    214.    196.    215.    189.    207.    223.    214.    213.    228.    223.    226.    246.    227.    217.    256.    227.    244.    241.    248.    255.    264.    254.    264.    267.    249.    300.    298.    281.    286.    283.    300.    316.    324.    313.     93.      0.      0.      0.
      0.      0.      0.      1.    298.    321.    329.    329.    310.    291.    275.    276.    276.    288.    251.    281.    260.    268.    272.    227.    240.    234.    249.    243.    257.    210.    231.    252.    228.    189.    223.    204.   1164.   1888.   1887.   1889.   1907.   1910.   1808.   1871.   1746.    697.    200.    218.    209.    191.    202.    188.    195.    200.    180.    234.    184.    184.    197.    180.    176.    161.    180.    182.    179.    191.    168.    182.    196.    173.    197.    165.    191.    205.    238.    179.    208.    211.    206.    194.    194.    186.    215.    180.    183.    204.    198.    240.    206.    184.    198.    221.    210.    207.    230.    207.    191.    244.    216.    191.    187.    214.    203.    224.    257.    237.    229.    217.    255.    231.    254.    241.    257.    278.    277.    278.    267.    265.    267.    298.    263.    284.    283.    305.    325.    312.    313.    332.      4.      0.      0.      0.
      0.      0.      0.      0.    165.    319.    297.    308.    330.    268.    278.    325.    257.    294.    302.    287.    286.    241.    259.    214.    241.    242.    228.    223.    240.    222.    221.    217.    233.    206.    244.    891.   1952.   2010.   1942.   1868.   1875.   1878.   1755.   1852.   1847.   1722.    483.    192.    205.    210.    212.    171.    184.    185.    180.    204.    193.    200.    211.    182.    202.    199.    187.    179.    185.    176.    193.    175.    206.    191.    177.    205.    192.    177.    177.    196.    190.    205.    173.    199.    189.    186.    204.    209.    209.    213.    205.    188.    187.    180.    205.    218.    202.    188.    234.    283.    217.    211.    232.    207.    197.    197.    241.    215.    257.    211.    228.    249.    252.    249.    247.    261.    260.    258.    257.    285.    264.    292.    242.    252.    280.    306.    285.    304.    320.    315.    338.    154.      0.      0.      0.      0.
      0.      0.      0.      0.     48.    349.    307.    314.    291.    314.    334.    305.    296.    302.    277.    265.    286.    276.    228.    244.    254.    245.    243.    229.    244.    257.    245.    223.    217.    243.    305.   1817.   1983.   1964.   1920.   1905.   1906.   1833.   1944.   1847.   1825.   1750.   1344.    209.    201.    206.    209.    207.    173.    184.    202.    203.    182.    207.    196.    202.    201.    184.    199.    178.    208.    212.    186.    188.    196.    194.    173.    165.    181.    207.    194.    199.    219.    178.    202.    180.    223.    202.    210.    205.    190.    183.    184.    218.    189.    218.    227.    217.    284.   1207.   1805.   1791.   1448.    414.    231.    210.    229.    213.    214.    209.    228.    243.    241.    247.    255.    236.    253.    264.    294.    287.    235.    275.    303.    285.    292.    273.    314.    302.    302.    323.    331.    305.    301.     55.      0.      0.      0.      0.
      0.      0.      0.      0.      0.    233.    310.    342.    287.    298.    297.    299.    311.    291.    273.    273.    280.    290.    247.    250.    264.    237.    253.    251.    246.    263.    249.    211.    194.    230.    807.   1857.   1910.   1859.   1983.   1984.   1852.   1818.   1861.   1716.   1919.   1809.   1711.    284.    190.    210.    174.    209.    191.    193.    192.    193.    183.    212.    212.    212.    216.    176.    198.    196.    186.    179.    182.    205.    196.    210.    165.    198.    192.    226.    198.    195.    196.    207.    200.    201.    186.    190.    177.    193.    188.    211.    215.    203.    207.    207.    211.    206.   1219.   1865.   1907.   1899.   1884.   1677.    263.    213.    225.    235.    205.    231.    239.    239.    236.    257.    250.    225.    251.    261.    257.    270.    234.    293.    272.    280.    278.    281.    265.    258.    307.    323.    344.    307.    238.      0.      0.      0.      0.      0.
      0.      0.      0.      0.      0.     78.    318.    317.    340.    317.    303.    273.    331.    300.    287.    272.    265.    284.    270.    258.    252.    255.    271.    245.    267.    239.    243.    245.    228.    247.   1131.   1987.   2007.   1895.   1912.   1945.   1899.   1911.   1887.   1839.   1887.   1847.   1832.    601.    201.    196.    201.    205.    183.    180.    220.    200.    182.    171.    187.    198.    208.    195.    194.    202.    182.    200.    185.    191.    205.    208.    208.    174.    198.    196.    188.    206.    200.    196.    207.    190.    203.    191.    186.    201.    212.    189.    212.    207.    181.    214.    198.    252.   1876.   1896.   1829.   1978.   1972.   1896.    670.    219.    207.    211.    243.    212.    223.    228.    221.    248.    247.    254.    245.    250.    247.    266.    258.    276.    297.    298.    297.    294.    291.    283.    269.    330.    339.    299.     73.      0.      0.      0.      0.      0.
      0.      0.      0.      0.      0.      0.    258.    290.    308.    313.    310.    300.    288.    283.    266.    260.    304.    285.    282.    253.    258.    264.    250.    244.    247.    248.    235.    245.    222.    258.   1147.   1970.   2101.   1978.   2018.   1997.   1972.   1918.   1882.   1925.   1903.   1819.   1808.    644.    203.    220.    214.    204.    200.    185.    206.    164.    214.    200.    216.    186.    184.    190.    183.    205.    203.    196.    176.    205.    214.    190.    192.    184.    189.    209.    186.    198.    193.    208.    210.    214.    195.    202.    199.    200.    189.    181.    211.    206.    181.    181.    208.    228.   1920.   1979.   1885.   1894.   1986.   1948.    731.    201.    254.    221.    241.    223.    244.    242.    250.    271.    265.    239.    267.    237.    283.    267.    255.    273.    303.    284.    282.    293.    339.    295.    339.    347.    323.    245.      0.      0.      0.      0.      0.      0.
      0.      0.      0.      0.      0.      0.    113.    318.    287.    316.    318.    292.    319.    327.    306.    270.    272.    251.    259.    244.    252.    264.    270.    245.    249.    252.    231.    209.    258.    234.    895.   2047.   2022.   2047.   2066.   1963.   1992.   1895.   1994.   1863.   1848.   1856.   1898.    377.    210.    227.    198.    203.    204.    174.    208.    188.    190.    200.    191.    217.    185.    215.    202.    200.    151.    185.    179.    219.    162.    195.    213.    185.    187.    207.    203.    218.    207.    198.    236.    189.    228.    216.    205.    188.    225.    208.    206.    193.    221.    212.    212.    198.   1539.   1900.   1924.   1953.   1951.   1857.    335.    249.    223.    204.    241.    261.    263.    247.    255.    245.    271.    243.    256.    265.    313.    254.    273.    265.    255.    302.    285.    324.    322.    303.    291.    316.    348.    104.      0.      0.      0.      0.      0.      0.
      0.      0.      0.      0.      0.      0.      1.    273.    345.    295.    336.    294.    306.    286.    282.    294.    277.    287.    291.    278.    288.    275.    254.    264.    245.    259.    244.    225.    245.    232.    408.   1990.   2029.   2068.   1966.   2036.   1935.   1922.   1891.   1939.   1890.   1851.   1546.    195.    206.    190.    182.    203.    192.    218.    222.    206.    214.    198.    188.    227.    219.    198.    233.    206.    169.    200.    200.    206.    200.    218.    217.    169.    191.    213.    209.    204.    193.    209.    172.    216.    185.    214.    222.    210.    186.    222.    217.    219.    206.    201.    202.    227.    443.   1727.   2000.   1993.   1885.    749.    238.    216.    237.    233.    226.    278.    250.    278.    252.    274.    257.    264.    241.    236.    261.    286.    265.    281.    269.    254.    278.    311.    280.    304.    327.    312.    263.      1.      0.      0.      0.      0.      0.      0.
      0.      0.      0.      0.      0.      0.      0.     93.    333.    301.    305.    297.    296.    287.    306.    305.    293.    279.    247.    272.    247.    261.    261.    242.    241.    235.    250.    276.    227.    253.    252.   1241.   2088.   1974.   1982.   1958.   2034.   1985.   1926.   1956.   1952.   1844.    700.    188.    212.    210.    176.    190.    210.    210.    213.    188.    219.    216.    201.    203.    192.    227.    188.    205.    204.    208.    176.    195.    201.    197.    186.    213.    204.    235.    209.    197.    218.    203.    198.    209.    204.    210.    187.    202.    189.    220.    219.    192.    207.    230.    200.    206.    213.    234.    626.    779.    334.    227.    227.    219.    223.    232.    242.    222.    232.    234.    240.    251.    249.    255.    269.    230.    267.    261.    269.    292.    292.    288.    292.    309.    348.    337.    293.    338.     86.      0.      0.      0.      0.      0.      0.      0.
      0.      0.      0.      0.      0.      0.      0.      0.    240.    308.    318.    338.    300.    330.    244.    281.    309.    274.    269.    284.    286.    279.    255.    263.    279.    276.    241.    244.    248.    248.    250.    323.   1675.   2046.   1989.   2053.   2026.   1958.   1957.   1957.   1977.   1125.    217.    224.    186.    238.    203.    209.    202.    201.    232.    205.    212.    211.    216.    219.    204.    222.    213.    179.    183.    207.    212.    198.    220.    202.    190.    224.    196.    192.    212.    183.    227.    204.    173.    226.    222.    201.    216.    197.    215.    216.    208.    168.    203.    232.    240.    210.    208.    229.    214.    238.    233.    219.    268.    227.    244.    247.    248.    244.    234.    238.    262.    240.    272.    271.    272.    257.    254.    300.    290.    295.    311.    293.    290.    300.    301.    334.    339.    213.      0.      0.      0.      0.      0.      0.      0.      0.
      0.      0.      0.      0.      0.      0.      0.      0.     42.    303.    289.    317.    305.    304.    304.    318.    302.    316.    250.    277.    268.    260.    265.    290.    234.    249.    229.    247.    261.    244.    252.    279.    291.   1309.   2063.   2093.   2033.   1955.   1954.   1816.    939.    189.    229.    202.    208.    214.    225.    232.    195.    203.    220.    192.    231.    197.    190.    220.    209.    194.    198.    196.    199.    200.    245.    208.    196.    207.    217.    206.    211.    185.    195.    222.    217.    226.    213.    201.    213.    211.    226.    207.    202.    231.    192.    206.    222.    198.    245.    224.    207.    238.    212.    200.    246.    233.    231.    225.    255.    238.    269.    266.    256.    301.    261.    271.    268.    252.    256.    256.    254.    293.    264.    299.    316.    292.    329.    316.    302.    312.    339.     49.      0.      0.      0.      0.      0.      0.      0.      0.
      0.      0.      0.      0.      0.      0.      0.      0.      0.    177.    308.    314.    326.    301.    269.    318.    307.    309.    318.    256.    279.    269.    286.    305.    273.    255.    240.    248.    236.    253.    261.    239.    240.    251.    392.    929.   1182.   1145.    757.    271.    237.    217.    202.    229.    193.    202.    200.    206.    207.    227.    190.    199.    214.    206.    209.    195.    190.    211.    238.    195.    184.    202.    436.    790.    815.    452.    224.    214.    198.    200.    196.    186.    202.    182.    199.    187.    208.    225.    245.    197.    199.    203.    227.    227.    232.    197.    231.    178.    235.    225.    218.    202.    243.    248.    244.    223.    249.    261.    269.    215.    260.    262.    270.    245.    262.    264.    284.    290.    278.    305.    270.    281.    331.    276.    301.    295.    296.    300.    185.      0.      0.      0.      0.      0.      0.      0.      0.      0.
      0.      0.      0.      0.      0.      0.      0.      0.      0.     15.    285.    319.    345.    313.    309.    261.    311.    246.    291.    290.    276.    283.    273.    259.    256.    246.    254.    256.    260.    262.    258.    244.    226.    203.    239.    245.    255.    232.    215.    209.    228.    204.    229.    217.    251.    228.    215.    229.    208.    192.    233.    217.    196.    164.    224.    191.    205.    186.    186.    218.    322.   1292.   1859.   1886.   1861.   1852.   1275.    324.    192.    186.    194.    216.    208.    205.    196.    210.    211.    212.    179.    199.    213.    238.    217.    201.    220.    246.    218.    217.    211.    218.    218.    239.    244.    219.    245.    242.    230.    208.    254.    259.    256.    282.    264.    287.    269.    255.    271.    302.    302.    260.    279.    304.    283.    287.    333.    303.    301.    265.     10.      0.      0.      0.      0.      0.      0.      0.      0.      0.
      0.      0.      0.      0.      0.      0.      0.      0.      0.      0.     89.    319.    321.    317.    311.    291.    287.    299.    285.    304.    271.    271.    254.    303.    269.    269.    250.    253.    260.    252.    264.    229.    239.    226.    264.    244.    212.    227.    240.    231.    203.    250.    234.    234.    234.    207.    233.    221.    230.    217.    218.    210.    225.    192.    216.    194.    207.    195.    210.    239.   1571.   1842.   1822.   1874.   1868.   1852.   1919.   1600.    252.    229.    224.    218.    213.    209.    221.    199.    208.    214.    212.    211.    222.    196.    195.    176.    234.    214.    221.    253.    215.    218.    220.    236.    241.    254.    226.    237.    219.    248.    255.    273.    250.    266.    241.    281.    270.    281.    273.    256.    298.    277.    271.    276.    299.    298.    316.    332.    316.     89.      0.      0.      0.      0.      0.      0.      0.      0.      0.      0.
      0.      0.      0.      0.      0.      0.      0.      0.      0.      0.      0.    173.    316.    345.    347.    296.    266.    312.    287.    309.    319.    282.    278.    273.    259.    283.    264.    263.    248.    229.    244.    235.    241.    293.    270.    227.    233.    268.    232.    234.    193.    238.    236.    233.    216.    231.    228.    209.    200.    240.    248.    202.    217.    223.    234.    185.    202.    222.    224.    844.   1840.   1858.   1929.   1890.   1973.   1820.   1861.   1958.    902.    214.    224.    215.    235.    216.    213.    245.    219.    226.    194.    213.    222.    209.    230.    221.    236.    244.    227.    236.    242.    256.    216.    247.    234.    237.    246.    237.    251.    263.    258.    260.    241.    257.    223.    233.    289.    282.    284.    291.    317.    291.    319.    308.    295.    299.    325.    343.    209.      0.      0.      0.      0.      0.      0.      0.      0.      0.      0.      0.
      0.      0.      0.      0.      0.      0.      0.      0.      0.      0.      0.      9.    259.    273.    290.    320.    323.    297.    269.    307.    266.    295.    275.    285.    280.    228.    257.    250.    259.    282.    259.    226.    253.    265.    253.    235.    220.    234.    243.    256.    240.    215.    230.    216.    210.    239.    218.    204.    237.    224.    226.    215.    204.    232.    208.    192.    220.    211.    233.   1348.   1989.   1858.   1899.   1949.   1893.   1870.   1851.   1948.   1383.    234.    221.    221.    210.    231.    190.    216.    248.    202.    230.    251.    236.    212.    221.    224.    223.    221.    224.    219.    253.    223.    237.    253.    272.    232.    248.    233.    252.    277.    229.    256.    258.    266.    253.    273.    315.    288.    276.    260.    311.    305.    281.    320.    330.    287.    306.    295.     10.      0.      0.      0.      0.      0.      0.      0.      0.      0.      0.      0.
      0.      0.      0.      0.      0.      0.      0.      0.      0.      0.      0.      0.     56.    289.    334.    304.    334.    325.    308.    300.    298.    293.    299.    269.    293.    271.    273.    272.    268.    270.    235.    257.    271.    244.    231.    234.    250.    214.    261.    245.    232.    242.    231.    200.    231.    256.    232.    208.    205.    210.    234.    219.    214.    208.    211.    221.    238.    197.    229.   1614.   1912.   1940.   1980.   1936.   1914.   1981.   1851.   1975.   1591.    227.    202.    213.    222.    248.    213.    218.    227.    223.    248.    218.    229.    234.    217.    242.    236.    256.    231.    242.    243.    278.    257.    247.    231.    231.    233.    240.    258.    244.    280.    254.    252.    257.    267.    273.    297.    308.    310.    309.    316.    291.    289.    292.    328.    312.    316.     56.      0.      0.      0.      0.      0.      0.      0.      0.      0.      0.      0.      0.
      0.      0.      0.      0.      0.      0.      0.      0.      0.      0.      0.      0.      0.    126.    341.    316.    307.    328.    321.    340.    280.    263.    312.    271.    274.    266.    272.    252.    250.    271.    274.    267.    253.    272.    268.    236.    220.    268.    237.    219.    232.    237.    228.    200.    209.    235.    232.    209.    242.    226.    228.    228.    226.    233.    252.    232.    236.    222.    227.   1458.   1994.   1896.   1951.   1989.   1910.   1919.   1924.   1984.   1394.    212.    223.    220.    215.    242.    194.    210.    224.    234.    234.    262.    208.    218.    220.    245.    230.    248.    245.    233.    230.    241.    251.    230.    251.    245.    200.    265.    232.    277.    269.    258.    234.    271.    271.    288.    277.    264.    309.    325.    279.    278.    316.    285.    347.    304.    113.      0.      0.      0.      0.      0.      0.      0.      0.      0.      0.      0.      0.      0.
      0.      0.      0.      0.      0.      0.      0.      0.      0.      0.      0.      0.      0.      0.    181.    322.    357.    330.    309.    286.    331.    289.    289.    314.    293.    304.    258.    258.    260.    278.    260.    306.    253.    252.    261.    235.    244.    221.    260.    235.    235.    229.    242.    264.    248.    247.    249.    270.    243.    227.    237.    218.    225.    202.    204.    240.    237.    234.    230.    771.   1998.   2059.   1958.   1946.   1939.   1994.   1991.   2025.    770.    209.    234.    245.    251.    199.    243.    205.    222.    248.    231.    235.    249.    228.    243.    204.    220.    235.    237.    250.    241.    260.    247.    250.    250.    258.    255.    272.    282.    268.    272.    280.    263.    303.    305.    289.    296.    304.    259.    298.    299.    307.    323.    349.    338.    179.      0.      0.      0.      0.      0.      0.      0.      0.      0.      0.      0.      0.      0.      0.
      0.      0.      0.      0.      0.      0.      0.      0.      0.      0.      0.      0.      0.      0.      5.    223.    302.    336.    303.    293.    295.    290.    269.    304.    269.    275.    270.    262.    274.    251.    262.    255.    247.    258.    240.    247.    247.    241.    257.    234.    255.    250.    260.    195.    209.    202.    253.    207.    217.    231.    261.    228.    247.    235.    222.    205.    231.    251.    222.    226.   1338.   1977.   1990.   2013.   1938.   2020.   1985.   1322.    214.    231.    233.    219.    232.    234.    218.    220.    239.    242.    191.    227.    240.    249.    233.    192.    244.    245.    254.    244.    278.    241.    242.    257.    275.    266.    276.    282.    256.    263.    279.    274.    286.    271.    297.    298.    306.    309.    291.    296.    309.    306.    302.    323.    242.      4.      0.      0.      0.      0.      0.      0.      0.      0.      0.      0.      0.      0.      0.      0.
      0.      0.      0.      0.      0.      0.      0.      0.      0.      0.      0.      0.      0.      0.      0.     12.    243.    335.    357.    326.    345.    286.    308.    274.    266.    311.    275.    278.    302.    282.    247.    286.    257.    249.    259.    258.    252.    217.    271.    247.    246.    245.    245.    254.    247.    244.    234.    233.    235.    240.    272.    250.    244.    225.    249.    223.    228.    215.    204.    235.    266.   1089.   1942.   2086.   1996.   1900.   1093.    235.    210.    230.    228.    219.    244.    216.    215.    232.    256.    240.    241.    215.    234.    239.    233.    234.    241.    245.    234.    255.    254.    249.    265.    264.    269.    255.    257.    251.    286.    272.    265.    261.    259.    302.    278.    296.    327.    301.    276.    308.    339.    287.    318.    290.     16.      0.      0.      0.      0.      0.      0.      0.      0.      0.      0.      0.      0.      0.      0.      0.
      0.      0.      0.      0.      0.      0.      0.      0.      0.      0.      0.      0.      0.      0.      0.      0.     34.    275.    303.    307.    343.    334.    328.    268.    316.    286.    257.    272.    265.    288.    265.    256.    273.    260.    262.    269.    260.    240.    236.    228.    262.    254.    259.    268.    265.    247.    229.    242.    234.    207.    253.    237.    251.    248.    216.    254.    228.    229.    213.    227.    221.    251.    280.    512.    513.    271.    227.    232.    220.    218.    241.    226.    213.    248.    206.    250.    228.    216.    238.    230.    270.    244.    258.    237.    243.    236.    244.    241.    259.    245.    262.    242.    290.    241.    258.    295.    269.    257.    233.    270.    276.    302.    284.    259.    308.    311.    318.    302.    335.    344.    254.     23.      0.      0.      0.      0.      0.      0.      0.      0.      0.      0.      0.      0.      0.      0.      0.      0.
      0.      0.      0.      0.      0.      0.      0.      0.      0.      0.      0.      0.      0.      0.      0.      0.      0.     49.    292.    313.    308.    333.    313.    299.    298.    267.    293.    279.    290.    275.    269.    288.    264.    258.    275.    270.    282.    244.    255.    276.    248.    245.    257.    245.    224.    268.    265.    238.    238.    225.    234.    246.    235.    221.    237.    254.    250.    223.    242.    236.    256.    254.    227.    231.    243.    210.    252.    236.    233.    205.    268.    238.    221.    249.    192.    245.    227.    255.    254.    288.    241.    251.    265.    267.    234.    248.    239.    287.    262.    264.    259.    277.    259.    283.    277.    267.    273.    296.    288.    267.    288.    290.    305.    295.    313.    318.    344.    321.    309.    273.     35.      0.      0.      0.      0.      0.      0.      0.      0.      0.      0.      0.      0.      0.      0.      0.      0.      0.
      0.      0.      0.      0.      0.      0.      0.      0.      0.      0.      0.      0.      0.      0.      0.      0.      0.      0.     40.    277.    314.    314.    315.    329.    290.    287.    294.    282.    291.    289.    304.    316.    282.    257.    268.    248.    242.    245.    235.    265.    252.    239.    262.    280.    269.    254.    261.    292.    249.    245.    214.    241.    250.    238.    236.    241.    242.    254.    218.    257.    255.    227.    244.    263.    228.    216.    271.    244.    244.    233.    257.    245.    278.    207.    258.    247.    255.    240.    233.    251.    273.    241.    265.    254.    264.    218.    232.    227.    235.    225.    265.    284.    272.    258.    254.    271.    292.    317.    290.    298.    303.    290.    316.    351.    321.    308.    338.    329.    308.     43.      0.      0.      0.      0.      0.      0.      0.      0.      0.      0.      0.      0.      0.      0.      0.      0.      0.      0.
      0.      0.      0.      0.      0.      0.      0.      0.      0.      0.      0.      0.      0.      0.      0.      0.      0.      0.      0.     29.    290.    331.    313.    349.    329.    331.    293.    280.    279.    287.    269.    253.    301.    291.    297.    252.    269.    262.    242.    262.    248.    266.    258.    251.    250.    282.    235.    272.    238.    245.    274.    259.    242.    247.    252.    247.    232.    234.    239.    256.    238.    249.    257.    244.    268.    244.    227.    235.    220.    240.    248.    232.    239.    225.    216.    244.    240.    247.    276.    243.    248.    235.    244.    249.    257.    244.    273.    234.    277.    261.    285.    243.    267.    279.    300.    284.    264.    276.    298.    270.    305.    293.    308.    318.    330.    300.    309.    310.     36.      0.      0.      0.      0.      0.      0.      0.      0.      0.      0.      0.      0.      0.      0.      0.      0.      0.      0.      0.
      0.      0.      0.      0.      0.      0.      0.      0.      0.      0.      0.      0.      0.      0.      0.      0.      0.      0.      0.      0.     27.    273.    287.    321.    305.    303.    308.    296.    306.    301.    303.    246.    256.    287.    263.    275.    285.    279.    261.    283.    283.    291.    267.    271.    262.    259.    234.    265.    263.    253.    269.    229.    272.    243.    263.    245.    247.    218.    239.    225.    241.    240.    248.    238.    261.    242.    237.    242.    261.    265.    254.    231.    250.    237.    245.    236.    254.    262.    257.    261.    260.    242.    273.    244.    287.    225.    266.    252.    260.    284.    267.    288.    286.    305.    278.    275.    306.    289.    276.    326.    304.    303.    342.    288.    307.    304.    267.     23.      0.      0.      0.      0.      0.      0.      0.      0.      0.      0.      0.      0.      0.      0.      0.      0.      0.      0.      0.      0.
      0.      0.      0.      0.      0.      0.      0.      0.      0.      0.      0.      0.      0.      0.      0.      0.      0.      0.      0.      0.      0.     13.    213.    334.    319.    355.    299.    317.    306.    300.    312.    295.    280.    280.    293.    288.    283.    281.    279.    278.    270.    325.    285.    288.    270.    276.    265.    236.    218.    285.    267.    238.    256.    264.    267.    242.    267.    238.    280.    267.    230.    257.    248.    280.    243.    272.    231.    241.    273.    258.    253.    240.    301.    252.    262.    246.    244.    214.    250.    265.    297.    253.    259.    262.    279.    261.    279.    250.    290.    266.    283.    282.    287.    265.    300.    314.    291.    290.    301.    320.    337.    317.    288.    332.    338.    240.     15.      0.      0.      0.      0.      0.      0.      0.      0.      0.      0.      0.      0.      0.      0.      0.      0.      0.      0.      0.      0.      0.
      0.      0.      0.      0.      0.      0.      0.      0.      0.      0.      0.      0.      0.      0.      0.      0.      0.      0.      0.      0.      0.      0.      2.    167.    350.    316.    301.    295.    296.    326.    290.    305.    278.    282.    288.    287.    310.    290.    286.    243.    287.    274.    279.    251.    293.    272.    273.    245.    268.    261.    264.    277.    264.    240.    250.    230.    251.    238.    266.    253.    254.    236.    261.    263.    291.    227.    236.    258.    235.    223.    229.    262.    262.    246.    241.    253.    284.    256.    255.    235.    257.    275.    246.    268.    282.    248.    266.    290.    253.    339.    297.    278.    268.    310.    296.    291.    313.    330.    309.    328.    311.    315.    292.    336.    188.      3.      0.      0.      0.      0.      0.      0.      0.      0.      0.      0.      0.      0.      0.      0.      0.      0.      0.      0.      0.      0.      0.      0.
      0.      0.      0.      0.      0.      0.      0.      0.      0.      0.      0.      0.      0.      0.      0.      0.      0.      0.      0.      0.      0.      0.      0.      0.    127.    307.    325.    301.    281.    285.    317.    291.    293.    280.    299.    296.    301.    273.    306.    289.    285.    266.    281.    287.    284.    279.    246.    255.    250.    278.    265.    246.    252.    255.    262.    229.    261.    259.    255.    257.    263.    256.    274.    250.    235.    248.    244.    241.    275.    263.    247.    262.    270.    251.    260.    265.    236.    249.    292.    240.    251.    299.    263.    283.    297.    284.    267.    269.    291.    293.    296.    298.    299.    304.    297.    293.    304.    305.    306.    323.    303.    329.    297.    103.      0.      0.      0.      0.      0.      0.      0.      0.      0.      0.      0.      0.      0.      0.      0.      0.      0.      0.      0.      0.      0.      0.      0.      0.
      0.      0.      0.      0.      0.      0.      0.      0.      0.      0.      0.      0.      0.      0.      0.      0.      0.      0.      0.      0.      0.      0.      0.      0.      0.     44.    266.    324.    331.    306.    321.    314.    311.    321.    276.    321.    309.    294.    271.    277.    271.    289.    238.    287.    259.    275.    276.    251.    251.    286.    255.    276.    251.    260.    270.    262.    240.    298.    267.    258.    275.    226.    271.    254.    269.    242.    262.    244.    292.    251.    274.    237.    268.    234.    252.    244.    304.    245.    288.    283.    308.    256.    301.    292.    280.    308.    262.    262.    293.    261.    305.    298.    276.    314.    343.    360.    277.    333.    327.    348.    316.    281.     65.      0.      0.      0.      0.      0.      0.      0.      0.      0.      0.      0.      0.      0.      0.      0.      0.      0.      0.      0.      0.      0.      0.      0.      0.      0.
      0.      0.      0.      0.      0.      0.      0.      0.      0.      0.      0.      0.      0.      0.      0.      0.      0.      0.      0.      0.      0.      0.      0.      0.      0.      0.     14.    176.    311.    317.    312.    299.    318.    332.    314.    278.    298.    331.    301.    266.    303.    285.    271.    280.    262.    271.    274.    281.    240.    278.    286.    255.    293.    260.    274.    285.    278.    277.    266.    282.    261.    276.    244.    281.    293.    271.    260.    271.    257.    263.    286.    249.    244.    265.    238.    270.    285.    266.    268.    288.    273.    276.    291.    296.    277.    281.    302.    289.    272.    309.    309.    313.    304.    304.    295.    329.    290.    300.    319.    350.    196.      9.      0.      0.      0.      0.      0.      0.      0.      0.      0.      0.      0.      0.      0.      0.      0.      0.      0.      0.      0.      0.      0.      0.      0.      0.      0.      0.
      0.      0.      0.      0.      0.      0.      0.      0.      0.      0.      0.      0.      0.      0.      0.      0.      0.      0.      0.      0.      0.      0.      0.      0.      0.      0.      0.      0.     85.    295.    325.    326.    316.    314.    306.    322.    309.    291.    317.    299.    297.    267.    296.    289.    290.    267.    309.    269.    276.    313.    280.    287.    264.    259.    263.    289.    242.    279.    260.    250.    256.    238.    278.    245.    286.    256.    277.    284.    261.    259.    273.    292.    265.    274.    293.    281.    285.    279.    297.    279.    275.    299.    281.    273.    284.    322.    311.    292.    315.    294.    258.    322.    334.    311.    320.    337.    314.    295.    269.     84.      0.      0.      0.      0.      0.      0.      0.      0.      0.      0.      0.      0.      0.      0.      0.      0.      0.      0.      0.      0.      0.      0.      0.      0.      0.      0.      0.      0.
      0.      0.      0.      0.      0.      0.      0.      0.      0.      0.      0.      0.      0.      0.      0.      0.      0.      0.      0.      0.      0.      0.      0.      0.      0.      0.      0.      0.      0.     13.    183.    343.    316.    323.    334.    330.    283.    282.    286.    295.    281.    318.    262.    285.    276.    291.    300.    288.    296.    298.    265.    292.    313.    284.    260.    249.    257.    289.    281.    265.    267.    283.    266.    277.    271.    244.    306.    268.    270.    268.    254.    280.    274.    275.    295.    313.    278.    238.    260.    294.    289.    269.    287.    328.    276.    306.    251.    308.    287.    308.    306.    304.    291.    287.    318.    329.    304.    160.      9.      0.      0.      0.      0.      0.      0.      0.      0.      0.      0.      0.      0.      0.      0.      0.      0.      0.      0.      0.      0.      0.      0.      0.      0.      0.      0.      0.      0.      0.
      0.      0.      0.      0.      0.      0.      0.      0.      0.      0.      0.      0.      0.      0.      0.      0.      0.      0.      0.      0.      0.      0.      0.      0.      0.      0.      0.      0.      0.      0.      0.     51.    211.    319.    328.    305.    302.    291.    283.    306.    312.    336.    299.    298.    280.    298.    310.    293.    264.    310.    294.    286.    271.    288.    305.    288.    284.    276.    312.    259.    279.    274.    276.    272.    273.    260.    274.    296.    273.    279.    302.    310.    277.    267.    271.    280.    300.    274.    257.    283.    280.    269.    313.    286.    262.    329.    301.    303.    367.    305.    328.    306.    296.    310.    319.    191.     44.      0.      0.      0.      0.      0.      0.      0.      0.      0.      0.      0.      0.      0.      0.      0.      0.      0.      0.      0.      0.      0.      0.      0.      0.      0.      0.      0.      0.      0.      0.      0.
      0.      0.      0.      0.      0.      0.      0.      0.      0.      0.      0.      0.      0.      0.      0.      0.      0.      0.      0.      0.      0.      0.      0.      0.      0.      0.      0.      0.      0.      0.      0.      0.      0.    109.    278.    320.    338.    335.    314.    313.    325.    306.    324.    333.    321.    254.    311.    287.    300.    300.    301.    297.    301.    302.    281.    289.    282.    289.    296.    267.    266.    318.    294.    303.    296.    304.    270.    338.    266.    289.    289.    295.    316.    264.    291.    329.    294.    303.    288.    296.    320.    303.    302.    289.    314.    308.    332.    282.    345.    316.    293.    336.    339.    245.     97.      0.      0.      0.      0.      0.      0.      0.      0.      0.      0.      0.      0.      0.      0.      0.      0.      0.      0.      0.      0.      0.      0.      0.      0.      0.      0.      0.      0.      0.      0.      0.      0.      0.
      0.      0.      0.      0.      0.      0.      0.      0.      0.      0.      0.      0.      0.      0.      0.      0.      0.      0.      0.      0.      0.      0.      0.      0.      0.      0.      0.      0.      0.      0.      0.      0.      0.      0.      0.     99.    261.    304.    319.    317.    354.    320.    285.    305.    301.    307.    289.    295.    318.    269.    308.    312.    262.    281.    280.    312.    283.    248.    299.    258.    281.    290.    270.    282.    286.    257.    292.    300.    277.    274.    287.    305.    301.    263.    285.    289.    327.    310.    303.    285.    293.    310.    314.    293.    289.    309.    299.    308.    327.    343.    300.    227.     94.      0.      0.      0.      0.      0.      0.      0.      0.      0.      0.      0.      0.      0.      0.      0.      0.      0.      0.      0.      0.      0.      0.      0.      0.      0.      0.      0.      0.      0.      0.      0.      0.      0.      0.      0.
      0.      0.      0.      0.      0.      0.      0.      0.      0.      0.      0.      0.      0.      0.      0.      0.      0.      0.      0.      0.      0.      0.      0.      0.      0.      0.      0.      0.      0.      0.      0.      0.      0.      0.      0.      0.      0.     69.    259.    289.    318.    332.    318.    343.    289.    311.    343.    312.    287.    300.    316.    300.    306.    278.    301.    299.    282.    301.    285.    271.    283.    297.    287.    276.    281.    271.    301.    301.    297.    309.    307.    284.    297.    293.    304.    291.    307.    340.    345.    330.    302.    296.    321.    333.    318.    292.    326.    338.    340.    258.     82.      0.      0.      0.      0.      0.      0.      0.      0.      0.      0.      0.      0.      0.      0.      0.      0.      0.      0.      0.      0.      0.      0.      0.      0.      0.      0.      0.      0.      0.      0.      0.      0.      0.      0.      0.      0.      0.
      0.      0.      0.      0.      0.      0.      0.      0.      0.      0.      0.      0.      0.      0.      0.      0.      0.      0.      0.      0.      0.      0.      0.      0.      0.      0.      0.      0.      0.      0.      0.      0.      0.      0.      0.      0.      0.      0.      0.     41.    160.    299.    331.    330.    293.    283.    337.    297.    310.    316.    320.    300.    292.    317.    282.    308.    305.    279.    307.    309.    302.    305.    305.    288.    295.    290.    290.    302.    301.    282.    267.    284.    302.    288.    291.    318.    323.    325.    321.    309.    292.    340.    324.    320.    312.    287.    308.    187.     41.      0.      0.      0.      0.      0.      0.      0.      0.      0.      0.      0.      0.      0.      0.      0.      0.      0.      0.      0.      0.      0.      0.      0.      0.      0.      0.      0.      0.      0.      0.      0.      0.      0.      0.      0.      0.      0.      0.      0.
      0.      0.      0.      0.      0.      0.      0.      0.      0.      0.      0.      0.      0.      0.      0.      0.      0.      0.      0.      0.      0.      0.      0.      0.      0.      0.      0.      0.      0.      0.      0.      0.      0.      0.      0.      0.      0.      0.      0.      0.      0.      5.     98.    176.    316.    292.    352.    345.    314.    342.    315.    345.    325.    284.    324.    303.    317.    331.    311.    293.    303.    294.    284.    316.    314.    324.    301.    302.    299.    308.    350.    305.    317.    293.    315.    334.    343.    355.    336.    347.    351.    287.    324.    335.    200.    110.      4.      0.      0.      0.      0.      0.      0.      0.      0.      0.      0.      0.      0.      0.      0.      0.      0.      0.      0.      0.      0.      0.      0.      0.      0.      0.      0.      0.      0.      0.      0.      0.      0.      0.      0.      0.      0.      0.      0.      0.      0.      0.
      0.      0.      0.      0.      0.      0.      0.      0.      0.      0.      0.      0.      0.      0.      0.      0.      0.      0.      0.      0.      0.      0.      0.      0.      0.      0.      0.      0.      0.      0.      0.      0.      0.      0.      0.      0.      0.      0.      0.      0.      0.      0.      0.      0.     12.     87.    182.    272.    322.    317.    334.    311.    319.    293.    345.    299.    318.    333.    334.    307.    305.    297.    307.    299.    301.    330.    295.    319.    277.    349.    307.    336.    347.    320.    316.    311.    343.    325.    347.    299.    253.    158.     86.     10.      0.      0.      0.      0.      0.      0.      0.      0.      0.      0.      0.      0.      0.      0.      0.      0.      0.      0.      0.      0.      0.      0.      0.      0.      0.      0.      0.      0.      0.      0.      0.      0.      0.      0.      0.      0.      0.      0.      0.      0.      0.      0.      0.      0.
      0.      0.      0.      0.      0.      0.      0.      0.      0.      0.      0.      0.      0.      0.      0.      0.      0.      0.      0.      0.      0.      0.      0.      0.      0.      0.      0.      0.      0.      0.      0.      0.      0.      0.      0.      0.      0.      0.      0.      0.      0.      0.      0.      0.      0.      0.      0.      0.     30.    107.    180.    260.    317.    293.    319.    305.    325.    323.    336.    353.    313.    302.    338.    309.    324.    299.    325.    314.    275.    318.    328.    345.    346.    282.    332.    293.    260.    186.    109.     36.      0.      0.      0.      0.      0.      0.      0.      0.      0.      0.      0.      0.      0.      0.      0.      0.      0.      0.      0.      0.      0.      0.      0.      0.      0.      0.      0.      0.      0.      0.      0.      0.      0.      0.      0.      0.      0.      0.      0.      0.      0.      0.      0.      0.      0.      0.      0.      0.
      0.      0.      0.      0.      0.      0.      0.      0.      0.      0.      0.      0.      0.      0.      0.      0.      0.      0.      0.      0.      0.      0.      0.      0.      0.      0.      0.      0.      0.      0.      0.      0.      0.      0.      0.      0.      0.      0.      0.      0.      0.      0.      0.      0.      0.      0.      0.      0.      0.      0.      0.      0.      2.     52.     86.    134.    193.    216.    277.    278.    270.    320.    297.    330.    347.    328.    304.    304.    276.    249.    196.    185.    135.    107.     41.      1.      0.      0.      0.      0.      0.      0.      0.      0.      0.      0.      0.      0.      0.      0.      0.      0.      0.      0.      0.      0.      0.      0.      0.      0.      0.      0.      0.      0.      0.      0.      0.      0.      0.      0.      0.      0.      0.      0.      0.      0.      0.      0.      0.      0.      0.      0.      0.      0.      0.      0.      0.      0.
