      7.     17.     20.      9.     12.     15.     18.     20.      6.     17.     11.     18.     19.      3.     13.     12.     12.     19.     19.     17.     12.      9.     13.     18.     26.     32.     47.     67.     87.    120.    120.    124.    139.    141.    154.    181.    140.    169.    178.    166.    190.    190.    187.    170.    195.    216.    205.    160.    200.    181.    203.    195.    204.    240.    302.    381.    474.    462.    477.    526.    577.    558.    581.    612.    564.    600.    575.    553.    506.    470.    426.    362.    342.    314.    269.    241.    241.    241.    259.    323.    390.    427.    488.    512.    567.    565.    608.    675.    638.    658.    640.    644.    699.    632.    635.    597.    573.    587.    505.    465.    415.    375.    325.    276.    306.    324.    374.    433.    498.    519.    522.    524.    582.    627.    658.    640.    580.    698.    709.    716.    653.    623.    625.    650.    591.    594.    563.    566.    484.    448.    396.    317.    259.    235.    213.    192.    234.    212.    208.    178.    174.    194.    193.    168.    183.    160.    150.    153.    128.    135.    129.    121.    112.     87.     61.     49.     38.     34.     17.     20.     17.     16.     22.     16.     13.      7.     12.     13.     22.     16.     20.     10.     15.     19.     14.     17.     11.     13.     11.     16.     15.     16.
      7.     12.     13.     15.     12.     16.     15.     14.      8.     14.     15.     12.     17.     19.     18.     13.     14.     13.     14.     12.     16.     16.     12.     18.     20.     34.     51.     69.     95.     89.    121.    152.    161.    167.    132.    152.    146.    181.    169.    184.    192.    168.    169.    185.    182.    183.    186.    218.    176.    190.    221.    213.    253.    318.    359.    392.    448.    500.    527.    506.    498.    564.    575.    578.    569.    521.    570.    506.    458.    435.    388.    327.    330.    279.    243.    231.    298.    289.    406.    418.    448.    565.    542.    565.    608.    591.    647.    701.    654.    707.    635.    630.    627.    643.    637.    604.    535.    459.    475.    383.    343.    264.    234.    330.    344.    383.    452.    491.    492.    559.    566.    591.    591.    618.    684.    692.    638.    658.    677.    697.    695.    689.    609.    630.    617.    590.    507.    469.    407.    356.    318.    238.    220.    230.    205.    205.    205.    195.    191.    200.    181.    182.    189.    169.    188.    152.    160.    173.    167.    145.    141.    142.    128.    111.     68.     49.     40.     33.     19.     12.     19.     11.     16.     11.     15.      8.     16.      7.     14.     17.      8.      8.     14.     10.     13.     14.     13.     12.     16.     17.     24.     14.
      6.     11.     19.     14.     14.     12.     10.     12.     16.     15.     13.     17.      8.      6.      9.     11.     12.     13.     14.     12.     13.     11.     14.     21.     23.     34.     59.     58.     86.    120.    140.    155.    146.    119.    146.    167.    181.    169.    166.    176.    181.    180.    184.    204.    157.    187.    210.    195.    215.    198.    255.    270.    333.    371.    406.    418.    517.    501.    543.    528.    536.    521.    559.    562.    571.    515.    574.    486.    460.    403.    317.    303.    298.    302.    284.    291.    363.    396.    500.    508.    562.    598.    591.    642.    618.    619.    658.    593.    666.    622.    590.    637.    619.    568.    579.    520.    458.    444.    355.    317.    283.    263.    321.    410.    436.    515.    498.    564.    551.    603.    645.    618.    651.    619.    653.    656.    614.    656.    717.    672.    645.    634.    609.    579.    516.    553.    459.    380.    321.    292.    265.    256.    210.    210.    231.    172.    186.    192.    187.    212.    165.    190.    189.    194.    204.    172.    174.    132.    148.    153.    153.    129.    123.     94.     63.     53.     39.     24.     19.     19.     14.     23.     18.     15.     14.     14.     11.     19.     14.     14.      9.     17.     22.     10.     25.     12.     14.      8.     13.      9.     14.     11.
     15.      5.     16.     11.     13.     15.     10.      9.     10.      7.     12.      8.     13.     20.     13.     16.     22.     17.     18.     18.     14.     15.     17.     18.     26.     34.     44.     72.    107.     94.    138.    132.    131.    170.    154.    154.    176.    151.    165.    163.    209.    165.    171.    182.    211.    178.    188.    199.    220.    213.    266.    344.    365.    423.    424.    454.    482.    477.    529.    450.    515.    509.    520.    500.    474.    510.    493.    434.    433.    319.    282.    281.    282.    324.    337.    416.    479.    520.    589.    594.    579.    586.    578.    638.    689.    631.    611.    623.    650.    635.    602.    559.    539.    543.    514.    402.    356.    349.    301.    298.    299.    321.    418.    487.    529.    505.    544.    617.    629.    637.    641.    629.    654.    697.    695.    632.    697.    687.    670.    644.    620.    613.    609.    553.    485.    406.    345.    284.    248.    256.    227.    241.    229.    228.    178.    220.    199.    206.    180.    191.    166.    203.    179.    172.    141.    154.    187.    146.    145.    148.    133.    148.    106.     92.     82.     69.     26.     24.     29.     21.     14.     14.      7.     14.     13.     13.     16.     17.     26.     15.      9.     12.      9.     21.     19.     12.     15.     10.      9.     15.     13.     13.
      9.     11.     19.     12.     10.     13.     15.     17.     13.      8.     15.     12.     21.     20.      7.     13.     12.     14.     18.     14.      8.      9.     11.     18.     26.     34.     57.     63.     96.    134.    122.    115.    150.    124.    162.    162.    173.    194.    189.    186.    203.    151.    195.    192.    188.    194.    203.    224.    234.    283.    339.    412.    460.    431.    498.    440.    481.    510.    449.    502.    493.    495.    494.    483.    440.    439.    376.    403.    349.    301.    302.    358.    392.    443.    467.    496.    548.    602.    580.    634.    587.    657.    670.    616.    684.    585.    631.    601.    594.    560.    552.    483.    496.    459.    372.    329.    277.    275.    302.    382.    358.    423.    456.    544.    549.    619.    607.    614.    679.    641.    653.    645.    657.    686.    665.    716.    647.    636.    667.    621.    609.    567.    486.    483.    372.    331.    296.    243.    248.    210.    240.    214.    195.    193.    185.    228.    184.    188.    190.    199.    179.    199.    181.    172.    154.    178.    148.    128.    157.    173.    147.    130.    111.     95.     68.     49.     38.     25.     20.     15.     15.     12.     15.     12.     19.     11.     13.     17.     14.     11.     17.     14.     13.     15.     15.     20.     19.      2.      6.     18.      9.     15.
     12.     13.     16.     10.     15.     11.      3.     12.     22.     14.     15.     11.     10.      9.     10.     18.      7.     15.     12.     16.     14.     16.     16.     12.     23.     29.     51.     75.     82.    117.    142.    140.    133.    165.    170.    168.    174.    187.    144.    181.    181.    187.    184.    207.    186.    212.    210.    250.    282.    363.    364.    427.    414.    483.    439.    481.    539.    498.    499.    463.    491.    489.    480.    431.    389.    380.    376.    347.    346.    336.    410.    437.    521.    523.    544.    631.    639.    642.    628.    621.    610.    653.    607.    627.    634.    576.    567.    560.    524.    552.    433.    395.    361.    307.    255.    272.    283.    321.    366.    449.    483.    560.    580.    611.    633.    605.    607.    659.    691.    669.    669.    649.    696.    651.    683.    659.    627.    633.    560.    574.    590.    521.    391.    330.    322.    274.    260.    232.    249.    196.    250.    232.    200.    203.    199.    181.    180.    193.    204.    187.    188.    183.    175.    163.    185.    163.    168.    155.    137.    144.    141.    120.    122.     78.     72.     56.     44.     26.     24.     17.     20.     15.     13.     19.     15.     16.     15.     11.     15.     16.     14.      7.     19.     12.     11.     14.     13.     22.     11.     18.     10.     15.
     11.     13.     13.     16.     10.     20.     14.     11.     15.     24.     15.     10.      9.     12.     12.     16.      8.      9.     18.      8.     15.     16.     14.     22.     29.     35.     61.     74.     73.    132.    137.    125.    131.    145.    174.    180.    174.    179.    188.    161.    199.    188.    190.    190.    215.    203.    254.    303.    364.    354.    456.    433.    435.    458.    435.    473.    485.    509.    473.    406.    414.    430.    427.    401.    400.    364.    332.    332.    378.    420.    501.    541.    591.    645.    619.    595.    642.    637.    671.    638.    589.    658.    664.    603.    626.    569.    554.    527.    452.    409.    358.    279.    225.    264.    267.    270.    359.    404.    460.    555.    572.    590.    632.    695.    667.    701.    645.    647.    719.    716.    678.    692.    630.    617.    703.    611.    602.    592.    546.    505.    465.    383.    334.    275.    283.    266.    275.    248.    264.    233.    203.    218.    205.    214.    194.    213.    183.    195.    192.    196.    205.    197.    166.    181.    173.    166.    135.    163.    134.    125.    134.    118.     95.     78.     65.     48.     34.     22.     17.     16.     12.     13.     15.     18.     16.     16.     17.     11.     18.     19.     17.     14.      4.      9.     21.     13.     16.     12.      8.     10.     10.     15.
     11.     19.     15.     19.     12.     14.     12.     10.     12.     10.      9.     10.      8.     11.     12.     19.     18.     17.     20.     16.     10.     10.     13.     18.     27.     45.     51.     74.     94.    144.    131.    147.    155.    149.    186.    170.    136.    159.    188.    198.    175.    217.    203.    171.    219.    252.    298.    309.    360.    401.    467.    436.    473.    486.    469.    457.    506.    469.    452.    405.    449.    471.    399.    357.    317.    312.    361.    418.    492.    525.    535.    645.    665.    665.    636.    674.    676.    699.    656.    648.    622.    600.    582.    596.    565.    518.    530.    422.    356.    314.    258.    267.    253.    290.    321.    379.    400.    508.    536.    588.    629.    652.    668.    688.    706.    758.    695.    770.    701.    699.    684.    669.    601.    677.    602.    587.    548.    525.    447.    389.    315.    272.    249.    249.    264.    268.    265.    245.    216.    267.    212.    209.    170.    187.    209.    217.    177.    193.    160.    181.    182.    159.    162.    175.    175.    170.    151.    155.    137.    148.    138.    131.    121.     94.     67.     45.     31.     24.     16.     15.     11.     12.     18.     14.     13.     13.     20.     13.     17.     16.     13.     13.     11.     11.     13.     11.     11.      9.     16.     12.     11.     13.
     17.     17.     11.     14.     16.      4.     21.     16.     11.     14.     15.      9.     12.     12.     13.     11.     12.     11.     14.     10.     14.     13.     11.     13.     26.     39.     60.     77.    108.    138.    116.    142.    183.    135.    156.    163.    158.    180.    194.    179.    209.    200.    199.    202.    238.    243.    339.    370.    407.    399.    451.    477.    513.    474.    444.    460.    474.    454.    503.    429.    442.    417.    399.    404.    351.    398.    467.    514.    547.    559.    602.    613.    670.    632.    671.    606.    649.    686.    687.    601.    665.    593.    571.    527.    502.    409.    363.    322.    276.    248.    288.    267.    279.    379.    422.    497.    498.    544.    582.    618.    569.    663.    690.    713.    683.    714.    707.    721.    686.    651.    706.    659.    638.    637.    557.    587.    421.    386.    333.    285.    265.    211.    245.    272.    265.    260.    235.    242.    230.    274.    249.    195.    193.    185.    216.    224.    213.    192.    181.    164.    208.    189.    175.    173.    143.    170.    151.    149.    140.    135.    117.    127.    106.    104.     56.     67.     31.     18.     18.     15.     18.     19.     16.     13.      8.      9.     10.      7.     13.     11.     11.     23.     24.     10.     11.     14.     14.     13.     12.     10.     14.     21.
     18.     17.     16.     10.     11.     10.     12.     11.     12.     10.     12.     13.     10.     13.     17.     11.     17.      7.     13.     19.     17.     15.     12.     19.     23.     28.     58.     59.    112.    105.    150.    129.    155.    140.    134.    178.    183.    189.    199.    197.    205.    182.    213.    237.    238.    319.    293.    370.    407.    421.    386.    444.    399.    443.    473.    442.    484.    433.    418.    409.    361.    419.    419.    383.    453.    476.    521.    590.    581.    574.    610.    702.    633.    667.    640.    633.    653.    654.    671.    601.    568.    543.    537.    504.    440.    331.    313.    309.    252.    289.    286.    312.    398.    500.    538.    495.    618.    587.    596.    627.    671.    707.    687.    708.    752.    732.    698.    700.    719.    721.    712.    624.    573.    613.    493.    419.    357.    266.    249.    244.    222.    224.    251.    226.    265.    267.    284.    235.    246.    237.    211.    199.    189.    225.    184.    205.    173.    177.    190.    208.    165.    197.    183.    169.    166.    172.    171.    152.    138.    138.    142.    126.    107.    107.     70.     59.     38.     22.     12.     22.     12.     12.     13.     17.     18.     13.     14.     14.     23.     13.     18.     16.     22.     15.     18.     14.      9.     10.     15.     16.     14.     17.
     12.     10.     21.     13.     13.     10.     14.     13.      9.     13.     14.     15.     13.     14.      7.     11.     14.     13.     17.     11.     18.     18.      8.     20.     25.     36.     56.     86.     87.    115.    118.    134.    140.    161.    141.    182.    177.    167.    181.    190.    193.    192.    209.    233.    265.    305.    393.    395.    409.    401.    445.    484.    462.    437.    417.    446.    482.    445.    396.    402.    417.    499.    464.    455.    545.    546.    589.    596.    602.    607.    617.    609.    646.    596.    646.    608.    611.    648.    599.    561.    537.    495.    453.    366.    344.    280.    275.    289.    280.    370.    375.    498.    510.    545.    585.    631.    614.    714.    680.    707.    679.    661.    636.    664.    721.    718.    694.    673.    667.    679.    668.    552.    531.    446.    387.    317.    253.    227.    218.    230.    233.    197.    233.    277.    254.    217.    245.    262.    255.    226.    205.    208.    230.    182.    217.    187.    194.    186.    164.    194.    185.    182.    180.    151.    199.    176.    147.    153.    147.    162.    142.    131.    112.    107.     71.     53.     35.     39.     23.     17.     10.     14.     14.     10.     14.     20.     17.     10.     13.      9.      9.     10.     11.     16.     15.      9.     14.     12.     11.      8.     11.     18.
     17.     15.     10.     18.      5.     13.     12.     16.     13.     14.     13.     11.     17.     14.     16.     18.      5.     17.     13.     17.     19.      9.     14.     14.     22.     33.     47.     77.     87.    113.    134.    124.    151.    173.    160.    186.    201.    182.    176.    189.    213.    234.    216.    235.    322.    350.    395.    385.    398.    409.    495.    448.    458.    437.    484.    447.    419.    431.    419.    462.    478.    558.    524.    554.    559.    570.    633.    624.    637.    593.    618.    633.    629.    658.    605.    581.    551.    573.    557.    507.    454.    423.    343.    300.    298.    273.    299.    359.    379.    439.    497.    537.    603.    642.    658.    626.    639.    711.    675.    694.    700.    651.    686.    680.    712.    650.    688.    584.    666.    593.    614.    526.    422.    351.    285.    292.    236.    214.    218.    226.    244.    234.    216.    230.    226.    250.    232.    249.    260.    236.    261.    220.    188.    204.    201.    191.    186.    154.    201.    178.    195.    169.    193.    160.    175.    162.    162.    172.    142.    132.    143.    134.    119.    103.     59.     39.     46.     12.     17.     12.     16.     15.     16.     10.     15.     15.     12.     14.     17.     15.     12.     16.     14.     14.     13.     15.     16.     14.     17.     11.     14.     15.
     14.     10.     15.     11.      6.     17.     14.     12.     16.     16.      9.      7.      5.      9.     14.     11.     15.     15.     11.     12.     15.     11.     20.     19.     13.     29.     47.     83.     91.    137.    116.    150.    155.    162.    180.    181.    197.    179.    196.    206.    176.    234.    236.    236.    298.    338.    356.    379.    410.    462.    429.    430.    428.    410.    418.    442.    455.    458.    467.    484.    573.    581.    559.    624.    627.    612.    627.    645.    622.    611.    564.    638.    582.    609.    565.    523.    510.    517.    440.    379.    341.    336.    318.    313.    317.    318.    444.    532.    546.    578.    566.    561.    626.    731.    741.    678.    671.    676.    692.    723.    649.    661.    672.    676.    680.    639.    624.    579.    531.    511.    415.    369.    301.    301.    260.    286.    245.    239.    234.    228.    199.    230.    240.    228.    225.    253.    229.    206.    226.    234.    219.    223.    236.    221.    205.    176.    183.    183.    189.    206.    181.    185.    175.    158.    162.    144.    178.    142.    149.    153.    130.    127.    128.     95.     70.     61.     50.     27.     12.      7.     18.     20.     17.     15.     10.     13.     10.     15.     15.     11.     15.     15.     17.      7.      8.     18.      9.     12.     19.     14.      6.     10.
     10.     10.     15.      9.      3.     18.     20.     10.     15.     19.      8.     11.     12.      9.     11.     11.     18.     12.     15.     11.     14.     22.     14.     16.     23.     29.     53.     79.     98.    124.    140.    144.    137.    152.    156.    187.    182.    168.    195.    189.    203.    200.    235.    234.    318.    355.    387.    383.    405.    400.    424.    476.    446.    406.    414.    453.    524.    517.    555.    550.    670.    668.    612.    642.    580.    593.    595.    555.    634.    619.    541.    563.    572.    561.    509.    469.    482.    443.    376.    334.    293.    328.    329.    339.    435.    494.    543.    595.    669.    666.    630.    642.    642.    712.    722.    728.    699.    703.    681.    731.    696.    650.    612.    625.    605.    566.    533.    478.    395.    319.    300.    268.    236.    258.    259.    256.    244.    254.    224.    233.    232.    207.    225.    258.    241.    235.    239.    231.    282.    274.    250.    249.    208.    196.    185.    219.    211.    211.    158.    179.    198.    169.    159.    168.    181.    143.    155.    156.    161.    139.    121.    138.     95.     77.     65.     49.     36.     33.     14.     19.     14.     22.     14.     17.     15.     11.     14.     16.     18.     19.     13.     11.     16.     18.     12.     13.      7.     12.     11.      9.     10.     10.
     13.     12.     10.     11.     17.      8.     16.      9.     16.      8.     14.     10.     15.     18.     18.     18.     17.     13.     17.     12.      9.     18.     12.     17.     29.     32.     72.     62.     88.    105.    144.    153.    158.    164.    157.    157.    180.    184.    169.    211.    191.    205.    232.    275.    310.    335.    373.    426.    396.    415.    432.    483.    411.    448.    448.    513.    520.    596.    609.    638.    639.    628.    654.    616.    564.    595.    577.    668.    625.    534.    531.    525.    524.    495.    489.    407.    400.    326.    286.    278.    289.    348.    384.    470.    572.    557.    663.    621.    649.    676.    701.    674.    699.    748.    726.    669.    646.    724.    727.    627.    645.    565.    655.    542.    547.    481.    366.    341.    303.    249.    242.    222.    260.    238.    265.    239.    257.    269.    257.    273.    256.    250.    241.    239.    245.    245.    182.    263.    253.    247.    261.    236.    180.    200.    201.    183.    185.    169.    180.    185.    179.    169.    184.    178.    201.    160.    165.    154.    173.    153.    125.    121.    133.     85.     58.     52.     31.     14.     21.     13.     11.     12.      9.     15.     12.     10.      9.     15.      8.     11.     16.     10.     17.     16.     14.      9.     15.     10.     14.      7.     12.     12.
     15.      8.     17.     15.      9.     10.     13.     14.      6.     16.     13.     15.     10.     22.     18.      7.     22.     12.     17.     18.     14.      8.     15.     20.     28.     38.     59.     74.     91.    119.    153.    175.    121.    165.    175.    175.    186.    188.    187.    202.    192.    223.    236.    300.    327.    368.    379.    431.    372.    390.    373.    451.    474.    468.    507.    596.    641.    680.    671.    645.    620.    649.    614.    592.    658.    586.    597.    577.    558.    522.    497.    547.    502.    441.    392.    316.    297.    291.    260.    308.    400.    442.    485.    591.    602.    677.    657.    711.    671.    693.    793.    723.    755.    741.    730.    731.    627.    641.    650.    637.    670.    533.    536.    494.    391.    350.    264.    243.    243.    224.    231.    256.    272.    270.    273.    274.    258.    282.    243.    289.    277.    260.    205.    228.    219.    220.    224.    225.    254.    253.    250.    255.    231.    192.    203.    198.    183.    183.    209.    169.    182.    194.    174.    144.    179.    182.    158.    172.    146.    140.    125.    138.    128.     87.     70.     45.     29.     19.     20.     17.     13.      9.     13.     18.     16.     15.     15.     16.     10.     14.     10.     11.     11.     13.     11.     17.      7.     15.     15.     13.     14.     12.
     12.     10.     13.     17.     13.      9.     16.     14.     13.     12.     15.     17.     11.     16.     12.      9.     15.     18.     18.     15.     16.     14.     15.     20.     24.     43.     41.     75.     87.    108.    131.    124.    149.    158.    158.    171.    184.    189.    168.    178.    205.    226.    218.    275.    331.    349.    351.    398.    388.    397.    463.    456.    517.    553.    556.    624.    674.    649.    697.    643.    656.    652.    612.    614.    569.    570.    586.    547.    508.    523.    513.    474.    453.    392.    362.    313.    290.    320.    388.    411.    510.    528.    628.    599.    671.    661.    682.    767.    739.    758.    708.    666.    747.    750.    756.    742.    617.    631.    616.    559.    522.    455.    423.    336.    304.    255.    235.    230.    251.    220.    212.    238.    230.    238.    222.    259.    266.    306.    258.    316.    271.    223.    240.    236.    232.    228.    240.    243.    257.    260.    218.    255.    216.    219.    204.    179.    194.    176.    177.    171.    167.    199.    165.    177.    167.    174.    167.    142.    144.    150.    140.    128.     97.     96.     78.     54.     29.     23.     15.     11.     11.     12.     10.     18.     15.     13.     13.     10.     11.     11.     16.     15.     11.     14.      9.     13.     20.     13.     11.     10.      9.     11.
     14.     16.     18.     11.     23.     10.     20.     16.     15.     12.     15.      9.     14.     14.      7.     13.     23.     13.     17.     11.     12.     14.     15.     15.     18.     38.     59.     65.     94.    110.    120.    129.    152.    170.    163.    176.    165.    203.    180.    190.    218.    232.    264.    290.    305.    354.    372.    372.    381.    428.    434.    530.    560.    629.    650.    698.    669.    732.    655.    630.    654.    653.    596.    574.    558.    594.    538.    542.    537.    509.    420.    408.    347.    325.    260.    309.    355.    406.    489.    554.    572.    586.    682.    699.    692.    695.    679.    760.    739.    779.    728.    787.    746.    727.    760.    696.    590.    577.    572.    499.    470.    358.    282.    276.    264.    250.    219.    222.    226.    203.    213.    227.    210.    226.    196.    286.    229.    250.    291.    290.    282.    259.    224.    223.    217.    237.    228.    236.    255.    262.    253.    278.    227.    204.    185.    171.    185.    222.    197.    200.    179.    157.    176.    180.    160.    192.    168.    146.    120.    137.    134.    125.    124.     91.     72.     42.     30.     27.     13.     19.     13.     14.     19.     12.      9.     11.      6.     15.      8.     18.     14.     14.     14.     10.     17.      8.     12.     14.     12.     15.     16.     15.
     16.     14.     11.     11.      9.     11.      4.     16.     13.     18.      9.     19.     18.     12.      8.      9.     16.     16.     22.     19.     15.     14.      8.     25.     19.     37.     54.     85.     86.    113.    139.    144.    147.    172.    155.    167.    172.    171.    189.    183.    212.    206.    222.    256.    322.    322.    385.    383.    426.    405.    571.    596.    696.    655.    654.    676.    718.    700.    749.    646.    670.    693.    647.    597.    565.    509.    499.    545.    484.    423.    380.    346.    318.    325.    327.    372.    467.    531.    602.    593.    613.    662.    669.    654.    767.    714.    718.    724.    730.    691.    605.    705.    651.    722.    678.    618.    560.    507.    431.    383.    313.    271.    213.    232.    227.    225.    225.    215.    233.    224.    201.    231.    239.    226.    243.    236.    268.    266.    290.    260.    250.    242.    252.    237.    234.    259.    258.    230.    253.    280.    250.    237.    233.    205.    221.    180.    187.    177.    198.    193.    182.    171.    157.    162.    189.    170.    141.    167.    134.    124.    164.    120.    128.     78.     85.     50.     38.     20.     19.     13.     12.     17.     16.     13.     22.     12.     12.     11.     16.     11.     14.     10.     13.     12.     13.     16.     14.     12.     14.     15.     11.      8.
     12.     18.      9.     17.     20.     18.     16.     14.     16.     12.     15.     20.     16.     12.     19.     10.     13.     20.     13.     15.     12.     15.     11.     17.     22.     34.     40.     72.     97.    112.    145.    154.    173.    138.    155.    174.    176.    183.    188.    187.    215.    215.    213.    288.    271.    326.    370.    401.    459.    531.    574.    655.    683.    653.    652.    780.    710.    760.    666.    713.    640.    617.    588.    595.    485.    497.    465.    503.    436.    394.    361.    359.    367.    383.    476.    548.    596.    586.    623.    651.    634.    673.    708.    723.    722.    715.    664.    676.    731.    709.    691.    624.    664.    584.    598.    536.    494.    403.    325.    266.    284.    260.    257.    250.    246.    235.    227.    236.    225.    225.    231.    211.    242.    219.    271.    245.    226.    217.    236.    256.    257.    264.    244.    259.    266.    289.    257.    264.    276.    276.    231.    235.    211.    190.    195.    200.    209.    172.    189.    194.    207.    194.    165.    153.    180.    184.    184.    144.    159.    157.    135.    143.    107.     94.     79.     53.     28.     30.     23.     14.     15.      7.     16.     10.     11.     11.      7.     17.     12.     14.     15.     18.     12.     12.     17.     13.     11.     16.     13.     17.     16.     14.
     14.     13.     18.     12.     13.     13.     13.     12.     13.     11.     12.     21.     14.     18.     14.     12.     11.     15.     12.     10.     16.     18.     14.     16.     29.     27.     55.     84.     76.    102.    144.    157.    153.    127.    165.    173.    176.    181.    180.    224.    208.    192.    239.    263.    276.    315.    372.    430.    513.    566.    607.    666.    707.    722.    673.    649.    753.    690.    682.    624.    629.    582.    621.    548.    521.    479.    449.    444.    396.    352.    389.    433.    497.    518.    547.    584.    648.    643.    660.    725.    642.    721.    698.    709.    699.    671.    687.    646.    642.    675.    569.    605.    574.    583.    513.    437.    327.    326.    272.    275.    300.    286.    273.    246.    228.    255.    277.    214.    244.    245.    244.    222.    235.    227.    231.    223.    201.    223.    281.    232.    213.    263.    229.    269.    258.    284.    288.    266.    281.    237.    246.    231.    214.    197.    214.    155.    186.    179.    193.    185.    173.    171.    165.    150.    189.    151.    156.    149.    130.    112.    142.    126.    117.     93.     65.     50.     27.     22.     18.     15.     15.     12.     21.      7.      6.     17.     14.     15.      6.     16.      8.     14.     10.     17.      4.     11.     16.     11.      8.     14.     14.     15.
     15.      8.      9.     12.     11.     12.     15.      9.     19.     12.     15.     20.     19.     16.     19.     11.      9.      8.     15.     14.     10.     14.     12.     16.     22.     33.     43.     57.     92.    124.    125.    128.    132.    173.    163.    186.    179.    184.    170.    184.    226.    187.    238.    243.    283.    337.    437.    467.    564.    591.    649.    698.    683.    718.    688.    649.    686.    668.    677.    633.    644.    607.    575.    538.    491.    447.    388.    423.    375.    451.    462.    504.    578.    629.    647.    607.    648.    725.    672.    686.    669.    687.    717.    732.    707.    633.    649.    643.    653.    595.    505.    521.    462.    380.    367.    298.    271.    304.    262.    278.    296.    270.    282.    272.    245.    247.    272.    252.    262.    269.    243.    256.    230.    198.    259.    211.    192.    226.    183.    238.    262.    214.    246.    264.    269.    299.    304.    310.    303.    281.    248.    232.    252.    196.    184.    168.    188.    212.    175.    150.    190.    171.    160.    196.    157.    193.    169.    169.    157.    131.    142.    128.    114.     85.     70.     49.     29.     19.      9.     10.     17.     12.     11.      8.      8.      9.     10.     11.     13.      8.     18.     13.     10.     11.     10.     13.     13.     17.     16.     10.      7.     14.
     15.     18.     16.      8.      9.     10.     13.     13.     14.     13.     10.     20.     18.     14.     19.     13.     10.     12.     15.     13.     10.     11.     15.     19.     26.     41.     49.     83.     95.    117.    172.    121.    147.    158.    186.    173.    188.    184.    166.    180.    201.    202.    206.    240.    296.    337.    414.    489.    602.    580.    659.    713.    695.    681.    716.    694.    687.    676.    646.    650.    627.    596.    524.    515.    452.    443.    442.    450.    483.    511.    563.    570.    637.    698.    650.    641.    706.    760.    627.    692.    625.    712.    673.    665.    682.    644.    585.    572.    540.    535.    454.    393.    313.    268.    225.    240.    223.    251.    270.    262.    278.    287.    269.    253.    252.    281.    249.    260.    300.    310.    243.    222.    234.    214.    197.    223.    212.    204.    230.    196.    236.    261.    277.    262.    255.    307.    300.    293.    295.    269.    264.    229.    223.    186.    200.    190.    182.    182.    203.    175.    186.    190.    163.    189.    188.    167.    171.    157.    155.    155.    131.    148.    111.     89.     67.     47.     33.     22.     24.     18.     14.     11.     18.      8.     15.     19.      8.     13.     17.     11.     13.     15.      5.     14.     14.     10.      9.     11.     20.      9.     22.     13.
     19.      9.     12.     23.     19.     14.     18.     22.     14.     19.     18.      9.     11.     11.     13.     12.     19.     17.     16.     17.     19.     12.     20.     19.     23.     34.     60.     63.    104.    122.    147.    154.    129.    145.    147.    175.    166.    156.    198.    221.    181.    230.    209.    253.    326.    393.    466.    519.    548.    616.    644.    670.    681.    705.    657.    716.    696.    746.    664.    609.    581.    557.    557.    559.    507.    497.    585.    522.    596.    611.    603.    631.    660.    673.    666.    650.    687.    722.    723.    678.    682.    668.    692.    640.    630.    579.    568.    516.    491.    385.    350.    262.    265.    226.    233.    218.    235.    278.    228.    264.    245.    244.    267.    280.    283.    272.    278.    274.    279.    272.    265.    226.    243.    216.    228.    245.    217.    204.    241.    228.    225.    237.    228.    301.    286.    315.    317.    312.    303.    274.    279.    233.    251.    203.    194.    195.    202.    207.    201.    188.    179.    151.    169.    180.    166.    161.    168.    141.    147.    157.    130.    133.    132.    100.     80.     47.     32.     26.     18.     19.     20.      8.     15.     15.     16.     12.     14.     12.     15.     10.     16.      6.     10.     11.     11.     14.     10.     12.     11.     13.     17.     11.
      9.     10.     12.     14.     14.     16.     13.     13.     16.     20.     25.      9.     19.      7.     13.     10.     14.     11.     18.     11.     11.     15.     11.     16.     17.     45.     55.     78.     84.    109.    141.    156.    157.    151.    158.    202.    167.    168.    207.    194.    215.    233.    245.    280.    335.    408.    492.    550.    523.    615.    655.    679.    694.    691.    619.    656.    676.    595.    627.    615.    525.    550.    581.    582.    552.    620.    606.    610.    613.    630.    640.    731.    710.    689.    661.    654.    688.    631.    654.    654.    649.    656.    619.    586.    548.    508.    448.    413.    302.    297.    269.    245.    255.    224.    230.    218.    230.    224.    251.    218.    278.    228.    290.    317.    308.    307.    273.    281.    263.    248.    236.    239.    193.    207.    217.    229.    211.    177.    210.    220.    226.    246.    218.    289.    312.    311.    324.    310.    288.    250.    274.    236.    184.    204.    203.    204.    205.    194.    169.    191.    173.    165.    172.    162.    177.    145.    173.    142.    139.    155.    138.    138.    126.     98.     64.     60.     31.     25.     20.      8.      8.     14.     15.     16.      8.     18.     17.      9.     17.     14.     20.     22.     10.      9.     11.     10.     15.      8.     10.     10.     15.     16.
     16.     15.     20.     10.     18.     22.     15.     23.     14.     11.     16.     13.     13.     16.     14.     11.     13.     22.     12.     16.     12.      9.     16.     18.     24.     31.     49.     76.     91.    126.    131.    150.    176.    149.    146.    186.    160.    185.    176.    172.    203.    224.    254.    318.    369.    456.    463.    515.    561.    544.    657.    693.    656.    637.    611.    670.    676.    637.    620.    574.    617.    656.    703.    694.    671.    674.    622.    694.    666.    658.    659.    676.    702.    690.    635.    689.    642.    657.    626.    601.    566.    588.    587.    574.    476.    448.    324.    337.    254.    242.    245.    238.    223.    234.    224.    244.    213.    219.    234.    246.    236.    244.    283.    267.    303.    292.    281.    284.    260.    261.    243.    245.    239.    252.    222.    220.    241.    217.    233.    237.    208.    234.    271.    288.    328.    304.    328.    322.    306.    306.    248.    241.    214.    181.    201.    214.    185.    196.    178.    182.    165.    178.    160.    159.    154.    190.    145.    153.    167.    143.    147.    122.    126.     85.     66.     58.     33.     25.     15.     14.     16.     14.      8.     17.     12.      8.     16.     11.     13.     13.     15.     11.     13.     21.      7.     15.     14.     17.     11.     10.      8.     10.
     10.      9.     19.     13.     10.     16.     14.     11.     13.     11.      9.     16.     15.     17.     18.     15.     13.     13.     14.      8.     10.     14.      9.     12.     29.     36.     64.     80.    123.    121.    152.    157.    155.    151.    152.    194.    176.    167.    182.    187.    204.    218.    275.    348.    351.    439.    485.    553.    510.    534.    638.    625.    699.    619.    603.    581.    674.    637.    613.    639.    716.    751.    784.    793.    719.    656.    718.    693.    713.    619.    666.    659.    672.    647.    672.    677.    651.    647.    615.    628.    536.    503.    474.    458.    384.    318.    252.    265.    215.    238.    227.    214.    231.    218.    228.    211.    230.    236.    250.    234.    219.    262.    289.    291.    268.    255.    248.    288.    301.    248.    256.    275.    273.    231.    243.    218.    211.    242.    194.    204.    246.    240.    267.    304.    301.    321.    324.    308.    288.    276.    253.    223.    229.    161.    224.    208.    202.    202.    189.    161.    167.    183.    192.    168.    176.    163.    139.    175.    177.    159.    137.    118.    110.     84.     60.     49.     36.     28.     14.     16.      7.     13.     11.     12.     21.     13.      8.      9.     21.     13.     17.     19.     12.     11.     12.      6.     16.     11.     15.     16.     13.     13.
     10.     17.     11.     11.     15.     11.     18.     19.     13.     19.      9.     12.     22.      8.     18.     16.     20.     19.     11.     12.     13.     14.     13.     12.     22.     51.     54.     76.    107.    133.    134.    132.    164.    153.    141.    199.    179.    180.    182.    197.    232.    240.    302.    371.    362.    418.    441.    496.    499.    523.    563.    606.    618.    572.    592.    613.    654.    697.    685.    692.    782.    862.    798.    873.    738.    705.    731.    750.    689.    703.    668.    670.    627.    663.    648.    574.    625.    617.    569.    556.    484.    477.    414.    317.    301.    263.    243.    207.    217.    223.    214.    212.    212.    237.    223.    243.    187.    229.    226.    269.    257.    232.    257.    252.    259.    252.    242.    269.    275.    255.    278.    264.    263.    234.    241.    243.    216.    213.    260.    241.    244.    252.    287.    324.    356.    315.    325.    278.    291.    289.    248.    264.    199.    242.    183.    204.    214.    186.    185.    193.    184.    203.    162.    163.    154.    129.    164.    166.    159.    143.    126.    111.    132.     74.     65.     50.     34.     20.     20.     14.      7.     11.      6.      8.     12.     17.     17.      9.     16.     12.     11.      8.     16.      9.     17.     17.     11.      6.      8.     10.     16.     11.
     18.     14.     14.     13.     17.      9.     22.     13.     17.     11.     13.     14.     13.     21.     11.     16.     10.     12.     13.     18.     17.     13.     19.     17.     22.     42.     60.     66.    108.    104.    143.    150.    162.    161.    172.    177.    208.    195.    168.    212.    241.    283.    306.    340.    375.    466.    487.    494.    522.    535.    599.    560.    579.    609.    586.    651.    702.    745.    804.    831.    869.    932.    873.    844.    738.    754.    737.    678.    745.    671.    664.    660.    662.    668.    599.    616.    602.    529.    541.    459.    487.    366.    264.    266.    257.    216.    211.    237.    220.    222.    220.    210.    210.    224.    225.    227.    198.    253.    266.    251.    226.    233.    198.    203.    236.    211.    252.    245.    257.    263.    245.    258.    238.    270.    288.    270.    273.    223.    244.    248.    289.    244.    294.    288.    296.    316.    271.    268.    277.    247.    310.    283.    242.    217.    204.    210.    196.    178.    190.    179.    182.    177.    180.    195.    161.    160.    186.    145.    143.    153.    138.    125.    107.     81.     67.     52.     47.     19.     19.     18.     14.     10.     13.     10.     12.      7.     12.     15.     13.     10.      7.     14.      8.     13.     10.      6.      7.     23.     14.     18.      6.     13.
     11.     17.     13.     13.     19.     11.      7.     13.     13.     17.     13.     16.     16.     13.      9.     10.     13.     12.     19.     15.     17.     15.     11.     18.     24.     38.     62.     63.     85.    141.    149.    157.    134.    154.    169.    168.    187.    209.    215.    207.    245.    271.    301.    355.    421.    430.    435.    472.    483.    461.    513.    570.    561.    610.    598.    681.    756.    815.    916.    849.    857.    913.    838.    846.    799.    803.    728.    703.    734.    691.    648.    625.    640.    619.    602.    512.    589.    485.    402.    408.    323.    264.    254.    229.    259.    261.    199.    219.    242.    221.    208.    238.    185.    212.    245.    239.    237.    239.    238.    219.    213.    213.    241.    206.    223.    232.    236.    255.    239.    273.    236.    232.    274.    281.    285.    284.    271.    266.    275.    299.    293.    291.    275.    284.    262.    297.    304.    258.    261.    303.    294.    243.    247.    220.    235.    198.    213.    208.    186.    186.    215.    180.    175.    148.    152.    161.    175.    176.    162.    142.    145.    133.    117.     83.     71.     65.     39.     25.     20.     20.     12.     12.     14.     12.     17.     14.     10.     11.     12.     12.     11.     16.     10.     11.     20.     13.     14.     13.     13.     16.     12.      8.
     17.     14.     20.     16.     14.     17.     12.     15.     17.     17.     15.     13.     10.      8.      5.     14.     18.     10.     14.     13.     18.     14.     14.     20.     23.     41.     51.     80.     83.    111.    121.    134.    165.    144.    153.    175.    166.    187.    191.    215.    260.    296.    326.    315.    386.    428.    456.    483.    485.    485.    552.    537.    565.    636.    697.    789.    798.    870.    850.    892.    891.    901.    877.    807.    792.    749.    756.    807.    669.    707.    623.    604.    613.    572.    534.    449.    444.    415.    319.    322.    265.    241.    227.    232.    219.    201.    224.    203.    232.    230.    237.    191.    232.    245.    245.    218.    220.    233.    218.    207.    261.    209.    200.    217.    207.    240.    199.    209.    220.    234.    246.    223.    251.    287.    280.    289.    274.    296.    313.    325.    323.    349.    303.    285.    277.    249.    278.    285.    289.    294.    280.    243.    243.    244.    234.    180.    175.    184.    176.    167.    194.    200.    187.    152.    183.    171.    164.    164.    157.    146.    142.    132.    111.     90.     78.     44.     37.     23.     18.     15.      9.     11.     11.     10.     13.     16.     20.     19.     12.     15.      8.     12.     12.     10.     18.     15.     11.     11.     12.     13.     13.     14.
     12.      6.      7.     14.     15.     13.     12.     24.     14.     19.     18.     14.     11.     23.      8.     15.     11.     16.      9.      7.     10.     12.     18.     23.     29.     35.     51.     62.    105.     90.    133.    147.    135.    178.    157.    169.    213.    175.    213.    203.    240.    322.    311.    380.    374.    403.    463.    505.    474.    462.    517.    590.    607.    628.    766.    793.    902.    940.    885.    864.    919.    835.    876.    823.    800.    724.    711.    795.    679.    668.    593.    647.    565.    510.    512.    436.    424.    315.    272.    267.    214.    241.    232.    229.    232.    223.    181.    215.    204.    244.    193.    239.    230.    230.    241.    222.    223.    213.    220.    206.    196.    203.    218.    235.    233.    215.    196.    196.    213.    205.    216.    239.    254.    314.    282.    270.    289.    312.    335.    336.    336.    295.    268.    276.    230.    314.    265.    286.    322.    273.    270.    280.    266.    244.    225.    218.    229.    155.    197.    169.    180.    189.    181.    181.    162.    148.    179.    164.    126.    137.    141.    139.    120.     94.     74.     47.     31.     24.     21.     14.     10.     13.     17.     16.     13.     12.     16.     12.      8.     12.     14.     10.     10.     14.     14.     19.     11.      9.     17.     18.     18.     14.
     10.      9.      7.     15.     13.     15.     12.     20.     20.     13.     13.     17.     13.     14.     11.     11.     19.     12.     17.     12.     16.     18.     17.     14.     26.     32.     59.     82.     94.    126.    121.    124.    158.    174.    153.    157.    173.    176.    194.    205.    272.    295.    326.    358.    351.    417.    431.    445.    463.    454.    544.    608.    702.    737.    811.    823.    906.    888.    935.    921.    924.    877.    847.    872.    735.    718.    789.    701.    718.    616.    590.    559.    538.    469.    453.    391.    256.    279.    256.    240.    235.    228.    225.    210.    206.    198.    214.    249.    208.    233.    239.    244.    225.    219.    208.    208.    178.    233.    237.    213.    214.    205.    204.    221.    239.    223.    208.    227.    200.    215.    207.    206.    246.    271.    274.    322.    319.    364.    369.    320.    325.    328.    286.    260.    264.    270.    281.    281.    278.    283.    310.    281.    220.    268.    232.    224.    175.    194.    203.    200.    201.    170.    158.    169.    167.    140.    182.    139.    134.    158.    141.    119.    104.     85.     63.     55.     43.     37.     14.     22.     17.     11.     11.     19.     19.     10.     11.     13.     13.     14.     17.     15.     16.     11.     15.     15.     12.     12.     17.      8.     12.     12.
     17.     11.     17.     10.     14.      9.     14.     10.      8.     17.     14.     16.     24.      9.      8.     12.     14.     18.     15.     18.      8.     11.     19.     13.     34.     40.     53.     82.     97.    119.    148.    136.    169.    140.    164.    174.    187.    156.    195.    225.    264.    300.    336.    353.    383.    393.    419.    411.    499.    576.    620.    660.    735.    755.    768.    820.    853.    879.    892.    849.    838.    803.    878.    804.    738.    743.    709.    727.    643.    612.    604.    558.    481.    462.    401.    293.    225.    254.    228.    235.    214.    209.    247.    236.    227.    210.    230.    213.    255.    226.    242.    213.    206.    215.    258.    192.    192.    203.    221.    209.    196.    176.    214.    203.    194.    202.    193.    203.    215.    192.    230.    233.    215.    277.    304.    300.    329.    355.    358.    309.    345.    273.    243.    270.    300.    264.    311.    307.    320.    303.    290.    284.    257.    262.    225.    212.    222.    184.    169.    155.    211.    170.    158.    182.    158.    159.    166.    157.    143.    136.    123.    125.    126.     86.     70.     50.     46.     30.     20.     16.     10.     20.     14.     14.      8.     20.     12.     12.     21.     19.     11.     15.     23.     12.     10.     11.     12.      7.      9.     11.     12.     12.
     13.     16.     13.     10.     14.     14.      8.     17.      9.      6.     15.     13.     17.     15.     12.     13.     14.     14.     14.     11.     11.      7.     18.     19.     21.     45.     61.     56.    106.    116.    133.    149.    149.    139.    191.    193.    182.    206.    198.    217.    240.    293.    314.    339.    381.    381.    456.    491.    536.    632.    702.    732.    789.    797.    760.    822.    836.    847.    779.    824.    853.    860.    849.    804.    750.    709.    686.    642.    621.    595.    514.    474.    430.    379.    345.    296.    283.    233.    224.    244.    252.    200.    234.    198.    258.    250.    223.    263.    247.    212.    203.    218.    221.    217.    223.    233.    213.    210.    207.    220.    215.    187.    227.    234.    200.    234.    197.    248.    210.    230.    217.    225.    265.    250.    327.    348.    305.    324.    319.    308.    345.    297.    274.    283.    305.    317.    320.    315.    317.    283.    321.    280.    267.    238.    245.    202.    209.    199.    204.    206.    164.    181.    181.    194.    181.    165.    167.    136.    132.    149.    126.    123.    107.     81.     75.     42.     32.     29.     23.     19.     15.     11.      6.     14.     13.     16.     13.      6.     15.      8.     11.      7.     15.     13.     17.     16.     13.     11.     19.     13.     13.     18.
     14.      9.     16.     13.     13.     15.     16.     15.     16.     24.     23.      6.     19.      5.     15.     12.     15.     15.     14.     16.     11.     14.     14.      8.     30.     40.     53.     80.     97.    134.    125.    160.    137.    154.    170.    186.    213.    196.    186.    213.    264.    306.    275.    360.    353.    366.    495.    530.    616.    644.    773.    806.    774.    819.    733.    806.    838.    850.    875.    747.    812.    781.    791.    727.    683.    658.    644.    609.    600.    565.    494.    446.    357.    352.    269.    261.    274.    261.    241.    247.    216.    214.    249.    230.    231.    259.    230.    232.    217.    197.    207.    212.    206.    230.    204.    175.    196.    208.    231.    222.    216.    219.    217.    213.    217.    212.    198.    231.    223.    219.    265.    267.    284.    321.    308.    336.    300.    271.    292.    300.    282.    251.    288.    300.    302.    318.    318.    309.    323.    348.    292.    280.    260.    226.    228.    211.    195.    193.    174.    177.    180.    190.    169.    162.    177.    168.    159.    160.    148.    147.    148.    148.     97.     86.     80.     54.     38.     24.     15.     14.     16.     18.     18.     11.     12.     10.     13.     10.     21.     11.     14.      9.     14.     13.     20.     20.     15.     14.     18.     13.      7.     15.
     16.     13.      7.     12.      9.     14.     12.     15.     12.     21.     13.     17.     13.     19.     18.     18.     10.      9.     13.      9.     17.     20.     12.     19.     26.     34.     50.     71.     94.    135.    150.    135.    161.    172.    175.    184.    178.    196.    186.    204.    222.    260.    266.    292.    382.    470.    559.    628.    673.    665.    784.    826.    830.    807.    799.    818.    837.    834.    802.    715.    740.    711.    752.    711.    665.    629.    606.    576.    549.    526.    453.    416.    354.    318.    290.    282.    297.    263.    297.    254.    258.    253.    271.    257.    228.    212.    223.    221.    206.    221.    209.    223.    233.    222.    212.    220.    225.    205.    211.    177.    201.    208.    173.    203.    210.    213.    204.    213.    218.    255.    270.    260.    317.    300.    286.    248.    287.    257.    260.    269.    273.    295.    289.    318.    335.    354.    304.    306.    327.    341.    328.    315.    246.    231.    243.    242.    200.    186.    174.    164.    174.    165.    183.    155.    182.    185.    179.    138.    169.    132.    127.    130.    102.     89.     64.     59.     36.     35.     20.     17.     13.     11.      7.     14.      9.     17.     17.     17.     17.     12.     19.     15.     13.     12.     12.      9.     12.     13.     16.     14.     13.     12.
     13.     12.     14.     14.     10.     13.     17.     13.     14.     17.     14.     26.     12.     19.     19.     12.     11.      9.     21.     16.     13.     14.     14.     20.     29.     35.     48.     68.    102.    125.    134.    168.    163.    151.    171.    174.    190.    164.    214.    176.    224.    250.    298.    327.    404.    495.    623.    651.    703.    722.    731.    800.    788.    820.    790.    752.    754.    794.    807.    752.    729.    725.    693.    714.    617.    542.    566.    556.    488.    443.    360.    371.    350.    313.    313.    305.    305.    274.    267.    288.    262.    253.    239.    243.    236.    200.    200.    211.    215.    228.    204.    224.    219.    220.    206.    200.    202.    211.    207.    197.    197.    206.    198.    200.    233.    179.    224.    227.    272.    325.    302.    293.    285.    266.    260.    242.    249.    227.    270.    280.    280.    281.    289.    315.    343.    340.    392.    380.    400.    353.    318.    284.    254.    256.    191.    201.    191.    165.    171.    193.    202.    169.    199.    149.    185.    146.    162.    175.    173.    127.    157.    143.    109.     92.     61.     57.     30.     40.     16.     20.      7.     11.     18.     16.     17.     12.     20.      9.     10.     11.     16.      9.     10.      7.     10.     14.      3.     14.     12.      6.     10.     16.
     12.     11.     10.     17.     12.     15.     21.     16.     14.     24.     11.     12.     19.     16.     14.     20.     17.      8.     19.     16.     16.      9.     16.     15.     18.     28.     46.     83.     94.    108.    133.    125.    170.    174.    159.    187.    184.    169.    190.    204.    228.    238.    268.    339.    440.    548.    600.    661.    674.    672.    773.    776.    765.    790.    730.    747.    813.    750.    720.    756.    654.    675.    660.    654.    616.    569.    510.    441.    441.    390.    334.    317.    298.    307.    308.    318.    265.    307.    302.    307.    283.    286.    261.    257.    210.    198.    207.    203.    210.    207.    204.    214.    215.    238.    236.    232.    205.    214.    240.    212.    222.    188.    193.    219.    230.    242.    270.    274.    295.    314.    273.    259.    228.    211.    242.    222.    206.    212.    264.    226.    278.    275.    254.    361.    363.    389.    381.    369.    415.    381.    334.    305.    249.    222.    218.    194.    189.    204.    193.    197.    188.    163.    148.    173.    169.    170.    164.    155.    159.    127.    128.    106.     98.     78.     77.     39.     39.     24.     16.     14.     15.     15.     15.     15.      7.     14.     14.     17.     14.     16.     17.     11.     11.     12.     10.     12.     10.     21.     15.     15.     10.     13.
     16.     10.     10.     11.     11.     19.      9.     11.     13.     12.     18.     11.     13.     20.     12.     11.     16.     15.     12.     18.     19.     12.     12.     15.     24.     34.     49.     79.     74.    124.    133.    136.    131.    157.    175.    169.    185.    183.    177.    230.    237.    242.    304.    302.    471.    574.    609.    667.    688.    697.    722.    827.    697.    780.    796.    741.    760.    736.    722.    659.    677.    654.    645.    615.    507.    496.    469.    428.    374.    341.    298.    331.    290.    282.    333.    313.    347.    311.    317.    307.    269.    254.    263.    247.    273.    214.    221.    217.    197.    246.    213.    211.    211.    232.    231.    197.    208.    236.    219.    199.    210.    202.    207.    214.    241.    267.    307.    283.    322.    283.    277.    228.    222.    231.    220.    187.    209.    199.    197.    227.    285.    248.    313.    317.    344.    416.    438.    406.    370.    373.    358.    309.    254.    221.    229.    217.    182.    173.    196.    177.    169.    205.    174.    130.    152.    180.    155.    166.    126.    152.    110.    137.     94.     76.     56.     69.     34.     33.     20.     12.     16.      8.     13.     10.     20.      9.     13.     11.     13.     15.     15.      8.     11.     13.     19.      9.     12.      8.     13.      8.     24.     18.
     21.     12.     13.     12.     19.     11.     15.     13.     22.     14.     17.     11.     17.     18.     14.      9.     20.     16.     16.     13.     15.     11.     16.     17.     23.     32.     57.     78.    101.    130.    129.    119.    156.    137.    170.    180.    204.    164.    178.    192.    232.    241.    315.    369.    479.    538.    644.    643.    711.    692.    735.    733.    766.    749.    705.    742.    720.    714.    711.    629.    630.    622.    617.    570.    473.    489.    405.    369.    341.    311.    316.    318.    297.    303.    334.    293.    358.    341.    346.    293.    281.    306.    311.    285.    272.    252.    213.    208.    227.    239.    205.    196.    212.    221.    201.    218.    205.    221.    240.    211.    191.    223.    273.    282.    303.    274.    319.    280.    236.    219.    231.    207.    224.    220.    224.    203.    190.    202.    208.    235.    259.    276.    322.    375.    395.    422.    414.    407.    354.    402.    343.    309.    244.    238.    231.    217.    193.    210.    191.    209.    184.    195.    173.    163.    167.    160.    179.    170.    151.    134.    144.    137.    116.     87.     79.     49.     30.     30.     14.     12.     23.     12.     10.     12.      9.     22.      8.     15.     12.     14.     16.     13.     13.     13.     14.     15.     10.      9.     11.      9.     17.     17.
     11.     15.     13.     11.     10.     13.     18.     17.      7.     15.     23.     14.      8.     10.     11.     12.     14.     21.     15.     15.     15.     16.     15.     16.     26.     47.     69.     70.     85.    125.    140.    150.    151.    144.    179.    174.    173.    187.    211.    225.    274.    304.    360.    413.    485.    556.    607.    656.    673.    644.    727.    689.    739.    733.    710.    680.    673.    710.    646.    689.    595.    625.    586.    557.    526.    434.    389.    331.    286.    286.    284.    280.    304.    342.    325.    313.    313.    331.    295.    312.    287.    308.    313.    303.    286.    263.    271.    239.    226.    236.    228.    252.    252.    220.    227.    232.    213.    197.    217.    233.    220.    255.    335.    288.    286.    269.    257.    230.    244.    171.    209.    180.    192.    202.    195.    206.    187.    199.    212.    248.    260.    286.    318.    403.    405.    436.    368.    389.    397.    362.    336.    283.    228.    223.    207.    209.    190.    186.    174.    185.    183.    192.    168.    153.    147.    166.    150.    164.    154.    139.    145.    136.    118.    102.     81.     68.     37.     16.     19.     22.     15.      8.     13.     17.     16.     12.      9.     17.     17.     10.     12.     13.      8.     16.     20.     16.      8.      9.     15.     15.     19.      9.
      8.     15.     13.     13.     10.     15.     18.     16.     10.     16.      5.     17.     12.     15.     16.     16.      8.      6.     15.     16.     15.     13.     19.     15.     21.     42.     53.     68.    114.    124.    150.    121.    164.    162.    184.    179.    187.    200.    199.    235.    246.    306.    338.    418.    484.    501.    591.    631.    607.    637.    732.    689.    693.    721.    670.    692.    672.    676.    631.    627.    527.    554.    549.    532.    474.    413.    377.    326.    286.    298.    277.    263.    295.    305.    304.    275.    319.    331.    332.    310.    276.    294.    272.    294.    310.    283.    295.    273.    247.    246.    219.    200.    222.    213.    249.    199.    194.    218.    250.    257.    293.    283.    329.    290.    300.    248.    244.    211.    208.    206.    204.    220.    206.    206.    213.    224.    180.    227.    204.    250.    270.    295.    327.    372.    417.    416.    388.    424.    364.    381.    314.    284.    262.    246.    211.    223.    206.    198.    203.    219.    167.    168.    174.    180.    177.    152.    182.    158.    159.    156.    133.    132.    131.     66.     79.     67.     38.     14.     21.     12.     16.     13.     12.     11.     20.     11.     15.     17.      7.      5.     15.     16.     19.      9.     17.      7.     18.     10.     16.     16.     11.      9.
      9.     16.     16.     10.     12.     11.     13.     11.      9.     11.     17.      8.     15.      6.     13.     12.     14.     16.     18.     11.     17.     12.     12.     19.     35.     34.     38.     75.    107.    120.    141.    151.    151.    170.    181.    188.    166.    194.    221.    245.    283.    329.    392.    408.    491.    522.    558.    600.    673.    624.    612.    706.    645.    748.    673.    665.    634.    638.    648.    603.    574.    584.    550.    532.    463.    384.    366.    333.    305.    272.    284.    289.    277.    290.    237.    275.    289.    326.    281.    297.    269.    318.    282.    299.    325.    231.    294.    268.    290.    258.    264.    231.    206.    224.    213.    240.    220.    250.    309.    318.    326.    313.    288.    282.    228.    215.    194.    202.    203.    210.    220.    190.    199.    195.    213.    195.    211.    203.    221.    252.    285.    323.    320.    419.    387.    430.    402.    382.    389.    338.    348.    284.    294.    222.    223.    230.    220.    225.    206.    201.    188.    176.    197.    190.    162.    162.    165.    150.    152.    144.    141.    129.    118.    109.     73.     59.     39.     24.     16.     20.     11.     17.     28.     12.      8.     14.      9.     13.     16.     22.     14.      7.     10.     12.     14.      8.     14.      6.     11.     10.     12.     11.
     19.     20.     19.     11.      9.     11.      3.     15.     13.     13.     20.     15.     11.     11.     10.     13.     20.     17.     10.     11.     12.     14.     12.     20.     31.     43.     59.     75.    102.    127.    135.    137.    163.    154.    195.    187.    163.    218.    212.    259.    311.    371.    397.    426.    483.    501.    523.    605.    578.    606.    631.    654.    671.    683.    601.    672.    630.    646.    646.    590.    587.    524.    521.    495.    438.    412.    370.    354.    308.    299.    276.    275.    266.    246.    266.    262.    259.    301.    306.    252.    309.    311.    282.    289.    289.    281.    289.    305.    261.    297.    250.    247.    223.    241.    238.    271.    283.    323.    296.    311.    286.    260.    248.    234.    228.    240.    197.    218.    219.    213.    202.    230.    192.    226.    217.    215.    217.    235.    265.    277.    306.    318.    395.    396.    426.    401.    406.    361.    341.    326.    306.    291.    287.    306.    283.    238.    206.    215.    211.    179.    175.    190.    161.    159.    172.    176.    166.    158.    137.    141.    122.    146.    125.     92.     73.     41.     31.     20.     16.     14.     14.     16.     17.     14.     12.     14.      8.     14.     15.     16.     15.     11.     11.     13.     14.     14.     12.     15.      8.     17.     16.      6.
     10.     12.     15.     12.     17.      9.     10.     11.     11.     17.     13.     12.     16.     20.      8.     14.     21.     18.     10.     10.     14.     15.     19.     26.     30.     44.     59.     73.     83.    103.    169.    159.    143.    171.    165.    194.    201.    211.    261.    289.    300.    359.    384.    412.    490.    514.    586.    516.    518.    565.    619.    582.    640.    639.    616.    645.    652.    659.    583.    572.    576.    556.    530.    452.    440.    388.    378.    372.    329.    292.    270.    267.    223.    242.    215.    248.    271.    294.    282.    258.    289.    315.    294.    296.    313.    324.    262.    324.    280.    281.    294.    265.    322.    324.    339.    330.    312.    303.    287.    280.    231.    238.    193.    217.    228.    223.    217.    199.    213.    215.    218.    196.    190.    217.    199.    211.    251.    257.    287.    332.    389.    327.    365.    401.    370.    370.    337.    294.    318.    340.    321.    295.    297.    243.    283.    247.    209.    198.    179.    202.    196.    190.    167.    172.    161.    167.    169.    156.    153.    146.    132.    123.    113.     99.     70.     49.     31.     23.     17.     15.     12.      7.      8.     12.     15.     17.     11.     13.     23.     16.     17.     12.     14.     17.      9.     10.     14.     13.     17.     10.     17.     12.
      8.     19.     17.     17.      6.     15.     24.     18.     13.     18.     11.     15.     10.     20.     18.     11.     13.     14.     11.     19.     14.     13.     13.     19.     35.     48.     64.     67.    118.    124.    127.    152.    151.    139.    153.    166.    206.    209.    227.    258.    341.    356.    388.    420.    473.    494.    518.    502.    483.    517.    569.    597.    596.    572.    623.    580.    600.    605.    599.    544.    535.    510.    510.    450.    461.    407.    369.    341.    338.    309.    259.    277.    253.    232.    250.    207.    272.    261.    256.    280.    264.    274.    304.    307.    279.    276.    309.    288.    310.    292.    329.    305.    336.    360.    402.    362.    323.    251.    275.    276.    218.    208.    213.    241.    225.    219.    216.    240.    215.    227.    202.    198.    218.    235.    200.    221.    236.    283.    306.    326.    327.    364.    345.    360.    389.    334.    338.    334.    338.    334.    306.    348.    281.    285.    231.    239.    227.    204.    183.    189.    203.    161.    187.    155.    185.    172.    142.    141.    140.    151.    133.    143.    113.     94.     65.     55.     39.     21.     25.     17.     14.     10.     20.     16.     12.     11.     16.     16.     18.     15.     14.      9.     15.     14.     18.     10.     19.     12.      8.     17.     14.     11.
     18.     19.     10.     13.     28.     11.     12.     14.     10.     10.     24.     12.     21.      9.     22.     11.     16.     17.     14.     20.     13.     13.     22.     13.     18.     44.     59.     76.     91.    156.    147.    126.    153.    165.    164.    178.    180.    175.    231.    281.    335.    364.    398.    420.    447.    457.    519.    490.    514.    516.    547.    565.    572.    577.    556.    553.    565.    587.    580.    518.    493.    520.    488.    470.    426.    421.    336.    340.    334.    280.    298.    274.    278.    236.    241.    218.    239.    238.    237.    242.    249.    257.    272.    284.    273.    247.    288.    306.    333.    350.    340.    357.    373.    374.    364.    322.    267.    258.    221.    219.    241.    209.    237.    207.    238.    220.    215.    235.    187.    223.    230.    219.    205.    247.    249.    307.    288.    298.    315.    344.    380.    328.    325.    319.    299.    328.    322.    334.    303.    351.    338.    321.    338.    283.    255.    260.    241.    214.    178.    193.    203.    177.    185.    211.    150.    166.    170.    160.    152.    156.    133.    121.    115.     99.     67.     38.     31.     29.     13.     10.     15.     15.     13.     12.      8.     12.     13.     15.     12.      6.      9.     18.     14.     16.     14.      8.     16.     11.      9.     18.     10.     12.
     14.     20.     18.     12.     13.     25.      8.     16.     12.     13.     16.     11.     19.      9.      8.     25.      9.      7.     17.     16.     13.     10.     18.     13.     20.     37.     42.     83.    102.    111.    153.    150.    152.    153.    176.    166.    197.    196.    222.    284.    308.    318.    390.    411.    380.    417.    495.    481.    463.    503.    511.    534.    544.    493.    515.    538.    558.    514.    553.    531.    540.    524.    496.    473.    419.    385.    362.    338.    296.    312.    278.    337.    277.    289.    255.    242.    250.    223.    247.    226.    230.    236.    254.    265.    253.    268.    301.    323.    342.    375.    379.    389.    352.    372.    374.    297.    270.    280.    277.    252.    205.    224.    241.    198.    234.    233.    218.    218.    214.    211.    225.    214.    228.    271.    289.    320.    334.    325.    403.    339.    353.    291.    298.    328.    312.    282.    319.    295.    331.    375.    300.    333.    292.    287.    294.    258.    251.    223.    210.    185.    192.    186.    166.    170.    186.    158.    153.    162.    138.    150.    147.    122.    110.     93.     65.     48.     41.     23.     15.     14.     12.     20.     13.     16.     11.     11.     20.     17.     13.     10.     17.     17.     12.      6.     13.     14.      9.     10.     17.      9.     14.      8.
     14.     11.     12.     15.     13.     17.     15.     12.     14.     17.     14.     11.     16.     15.      9.     18.     10.     14.     13.     13.     23.     16.     14.     16.     23.     38.     65.     78.     94.    123.    129.    142.    127.    163.    150.    185.    203.    182.    221.    267.    316.    362.    355.    430.    440.    426.    519.    448.    442.    457.    491.    493.    506.    473.    487.    487.    535.    541.    551.    508.    541.    491.    512.    448.    467.    370.    361.    344.    363.    329.    300.    295.    327.    300.    297.    236.    263.    224.    241.    260.    215.    244.    243.    233.    275.    309.    343.    365.    382.    363.    366.    384.    309.    341.    300.    284.    297.    287.    300.    269.    249.    268.    201.    247.    240.    215.    227.    248.    221.    209.    209.    250.    247.    278.    336.    371.    320.    341.    324.    330.    286.    268.    248.    261.    271.    280.    302.    288.    312.    340.    325.    345.    313.    290.    257.    243.    254.    234.    204.    190.    178.    201.    162.    194.    161.    166.    141.    123.    139.    133.    138.    137.    106.     86.     75.     52.     36.     23.     12.     10.     11.     15.     14.     13.     12.      9.     10.     17.     11.     16.     13.     13.     14.      9.      9.     12.     15.     22.     15.     19.     13.     13.
     15.     10.     15.     18.     14.     12.     13.      9.     19.     16.     11.      9.     24.     17.      6.      9.      7.      9.     12.     19.     10.     11.     16.     20.     26.     33.     50.     65.     87.    135.    145.    171.    160.    157.    178.    174.    195.    188.    231.    284.    304.    350.    368.    407.    396.    452.    485.    457.    515.    416.    472.    432.    455.    454.    473.    464.    495.    444.    544.    484.    495.    522.    436.    433.    434.    356.    401.    336.    325.    332.    329.    291.    326.    314.    288.    267.    222.    275.    249.    248.    224.    246.    240.    269.    283.    297.    337.    367.    331.    327.    344.    286.    322.    316.    299.    290.    267.    293.    325.    307.    288.    294.    268.    251.    275.    214.    232.    216.    225.    233.    259.    255.    316.    336.    349.    363.    356.    327.    334.    281.    244.    229.    221.    233.    279.    267.    272.    289.    322.    328.    371.    329.    309.    286.    262.    259.    203.    170.    227.    196.    181.    180.    159.    166.    154.    164.    160.    153.    151.    136.    128.    126.    130.    109.     72.     65.     26.     22.     15.     18.     10.     11.     15.     15.     19.     16.      7.      9.     18.     17.     10.     18.     13.     11.     14.     16.      9.     12.     13.     10.     13.     13.
     14.     16.     14.     12.     18.     10.     12.     11.     10.     11.     14.     17.      5.     15.      9.     16.     13.     15.     16.     13.     17.     17.     19.     21.     23.     29.     46.     81.     87.    130.    134.    137.    158.    155.    155.    177.    172.    195.    211.    237.    330.    333.    357.    378.    412.    431.    412.    469.    437.    435.    452.    491.    433.    460.    460.    478.    476.    420.    505.    462.    509.    478.    439.    459.    377.    355.    363.    357.    345.    367.    308.    309.    305.    310.    300.    281.    259.    280.    245.    230.    249.    261.    272.    294.    287.    303.    354.    327.    288.    276.    268.    270.    277.    294.    267.    309.    288.    267.    286.    261.    272.    278.    284.    267.    269.    256.    217.    231.    257.    259.    311.    360.    322.    367.    381.    348.    357.    292.    293.    243.    226.    230.    230.    256.    315.    314.    326.    299.    349.    374.    354.    342.    286.    304.    276.    232.    220.    201.    194.    170.    183.    204.    185.    163.    176.    157.    151.    152.    170.    131.    160.    142.    118.     84.     57.     42.     43.     26.     18.     18.     18.     10.     13.     12.     15.     19.     14.     11.     14.     13.     19.     11.     20.     12.     14.     20.     14.      9.     13.     10.     10.     13.
      9.     16.     12.     12.     13.     13.      8.     18.     14.     15.     18.     14.     18.     18.      8.      9.     10.     10.     14.     10.      8.     14.     13.     11.     20.     36.     63.     73.    104.    118.    125.    161.    141.    164.    145.    182.    201.    188.    205.    246.    270.    292.    355.    352.    414.    383.    419.    404.    406.    408.    422.    437.    467.    419.    403.    458.    467.    442.    467.    457.    419.    437.    426.    410.    410.    357.    366.    294.    356.    348.    316.    305.    367.    310.    315.    315.    327.    304.    327.    306.    314.    299.    314.    340.    284.    287.    276.    254.    247.    268.    281.    286.    288.    284.    286.    266.    287.    280.    309.    286.    315.    313.    321.    299.    299.    307.    266.    300.    296.    341.    368.    334.    379.    414.    337.    360.    275.    206.    207.    207.    226.    208.    239.    264.    291.    302.    323.    343.    306.    359.    343.    325.    297.    289.    253.    244.    187.    206.    180.    181.    192.    174.    167.    174.    171.    173.    175.    160.    140.    151.    138.    123.    139.     74.     64.     42.     37.     31.     23.     14.     16.     16.     16.     12.     20.      9.     13.     10.     16.     12.     14.     13.     11.     19.     13.      4.     12.     14.      7.      9.     13.     12.
     17.     20.     13.     12.      9.     18.     15.     18.     13.     10.      9.     15.     11.     13.     20.     10.     11.     12.     11.     17.     15.     16.     14.     17.     25.     40.     55.     78.    126.    115.    154.    154.    154.    165.    177.    185.    155.    180.    185.    231.    229.    285.    290.    342.    392.    398.    425.    451.    390.    411.    454.    427.    439.    454.    454.    441.    425.    451.    449.    444.    460.    413.    400.    409.    412.    356.    345.    356.    333.    338.    294.    335.    321.    326.    307.    317.    313.    310.    338.    355.    300.    325.    317.    299.    295.    230.    231.    225.    210.    245.    233.    234.    285.    278.    269.    290.    297.    311.    344.    302.    310.    261.    309.    278.    334.    315.    327.    360.    393.    386.    389.    339.    349.    347.    334.    277.    214.    224.    195.    214.    233.    222.    263.    286.    281.    327.    352.    332.    369.    335.    363.    307.    297.    256.    263.    233.    212.    190.    185.    174.    188.    180.    177.    148.    167.    176.    176.    166.    145.    154.    128.    124.    105.     82.     60.     43.     42.     34.     16.     15.     18.     11.     12.     10.     11.     20.     14.     16.     15.      8.     14.     13.     11.     11.     14.     16.     11.     13.     11.     16.     10.      9.
     11.     15.      9.     14.      8.     15.      9.      9.     14.     13.     25.     19.     12.     11.     17.     16.     11.     12.     15.      7.     10.     16.     18.     25.     22.     27.     44.     81.    102.    107.    160.    151.    158.    147.    175.    177.    189.    184.    178.    188.    258.    275.    288.    284.    391.    420.    424.    414.    438.    406.    403.    435.    438.    410.    409.    451.    401.    454.    427.    418.    379.    405.    393.    373.    395.    376.    353.    359.    316.    336.    322.    340.    325.    287.    336.    299.    336.    374.    394.    414.    346.    348.    307.    263.    246.    235.    225.    221.    227.    231.    227.    222.    234.    238.    277.    255.    266.    302.    339.    292.    276.    255.    284.    329.    343.    358.    369.    434.    411.    408.    455.    367.    316.    275.    253.    240.    227.    190.    193.    216.    230.    213.    226.    311.    322.    347.    338.    334.    321.    350.    332.    342.    324.    271.    266.    233.    202.    185.    195.    202.    165.    196.    184.    177.    181.    148.    180.    182.    161.    142.    139.    139.    124.     92.     80.     61.     39.     18.     16.     12.     11.     21.     16.     21.     15.     17.     11.     10.      8.     15.     11.     19.     14.     20.      8.     13.     16.     21.     14.     12.      7.      7.
     13.     17.     12.      8.     13.     13.      9.      8.     13.     19.     10.     12.     10.     12.      9.     18.     18.      9.     10.     14.     12.     10.     11.     19.     19.     43.     65.     80.     98.    115.    134.    144.    161.    158.    163.    163.    191.    177.    188.    207.    240.    232.    240.    262.    300.    336.    368.    392.    371.    373.    427.    447.    436.    419.    437.    430.    451.    424.    437.    367.    385.    363.    399.    366.    345.    367.    328.    324.    365.    323.    268.    342.    319.    343.    353.    350.    400.    440.    381.    371.    345.    318.    315.    270.    261.    249.    225.    242.    245.    253.    229.    238.    210.    207.    246.    245.    261.    273.    285.    288.    303.    302.    331.    335.    432.    441.    429.    468.    431.    459.    402.    366.    274.    253.    242.    234.    223.    212.    194.    220.    212.    244.    278.    348.    299.    324.    353.    333.    324.    348.    351.    331.    314.    268.    243.    217.    216.    164.    191.    185.    201.    195.    164.    161.    157.    160.    189.    149.    137.    135.    146.    127.    112.     73.     71.     49.     41.     20.     21.     13.      5.     15.      8.      9.     10.     14.      7.     11.      8.      8.     10.     11.     15.     12.     18.     10.     12.     16.     12.     10.      7.      9.
     14.     11.     11.     16.     12.     13.     13.     16.     15.     12.      9.     20.     18.     11.     14.      9.     14.      9.     11.      8.     10.     15.     13.     17.     18.     40.     49.     53.     90.    104.    137.    159.    157.    147.    152.    144.    168.    179.    163.    193.    215.    235.    239.    271.    305.    310.    362.    366.    376.    409.    410.    394.    426.    376.    410.    435.    432.    427.    399.    368.    395.    390.    380.    336.    346.    355.    363.    327.    339.    307.    316.    349.    354.    381.    366.    365.    398.    404.    365.    345.    329.    312.    290.    322.    279.    237.    257.    234.    246.    231.    214.    223.    233.    270.    233.    240.    295.    286.    267.    290.    312.    343.    436.    442.    407.    431.    470.    456.    429.    422.    329.    310.    256.    266.    263.    220.    220.    207.    217.    253.    239.    255.    315.    321.    330.    344.    336.    343.    328.    319.    319.    298.    240.    258.    218.    204.    181.    191.    193.    187.    181.    183.    190.    165.    161.    176.    150.    151.    155.    162.    144.    125.    113.     89.     72.     57.     36.     19.     14.     12.     14.      9.     20.     12.     14.      7.     22.     13.     11.     15.     13.     12.     12.     13.     16.     10.      7.     12.     10.     11.     13.     14.
     14.     12.     20.     11.     10.     14.     10.     16.     15.     18.     15.     11.     14.     13.     12.     10.     11.     15.     11.     16.     12.     17.      9.     22.     23.     47.     56.     66.     97.     98.    125.    130.    162.    133.    156.    186.    161.    190.    183.    201.    197.    202.    235.    242.    279.    311.    341.    379.    350.    347.    385.    408.    430.    436.    370.    401.    420.    419.    367.    375.    353.    354.    372.    336.    379.    328.    323.    313.    332.    300.    299.    364.    371.    399.    396.    378.    374.    341.    350.    316.    321.    314.    326.    335.    255.    278.    263.    256.    266.    265.    239.    228.    206.    254.    228.    253.    223.    272.    283.    337.    388.    394.    441.    449.    455.    462.    403.    423.    375.    343.    317.    301.    319.    252.    271.    244.    213.    232.    255.    268.    281.    317.    300.    358.    369.    364.    335.    354.    358.    373.    284.    302.    264.    224.    218.    190.    201.    184.    196.    176.    186.    194.    163.    181.    154.    171.    183.    161.    142.    151.    141.    130.    132.     77.     61.     45.     42.     24.     23.      9.      9.     13.     15.     13.      9.     18.      7.     17.     11.     11.      8.     11.     10.     12.     14.     14.      9.     15.     12.     15.     17.     14.
      7.     12.     10.     11.     14.     10.      9.     16.     12.     13.      9.     18.     14.     18.     17.      9.     15.     12.      8.     14.     15.     15.     16.     16.     19.     34.     49.     79.    108.    127.    137.    153.    158.    162.    162.    199.    173.    164.    170.    181.    194.    181.    206.    242.    279.    298.    316.    324.    323.    383.    349.    374.    406.    439.    422.    408.    419.    405.    394.    388.    367.    362.    382.    364.    370.    308.    330.    332.    339.    357.    345.    416.    381.    400.    381.    361.    342.    317.    355.    326.    325.    312.    303.    321.    317.    303.    311.    259.    280.    258.    258.    254.    207.    216.    217.    234.    249.    280.    331.    342.    383.    425.    447.    430.    424.    418.    327.    349.    314.    321.    289.    287.    279.    300.    288.    257.    237.    247.    321.    301.    340.    340.    375.    357.    367.    387.    359.    338.    319.    301.    293.    272.    213.    193.    197.    202.    170.    174.    175.    188.    187.    180.    190.    171.    159.    177.    163.    158.    158.    130.    149.    120.    124.    102.     58.     43.     34.     31.     18.     16.     14.     13.     11.     11.     18.      8.     12.     13.     15.     14.     12.     15.     15.     15.     14.     13.      9.      7.      7.     11.      8.     10.
      7.      8.     14.      8.     12.     11.     10.     11.     14.     16.     11.     20.     13.     16.     14.     16.     12.     12.     17.     14.     15.     12.     16.     14.     22.     33.     51.     67.     74.    131.    158.    138.    131.    159.    138.    172.    183.    154.    194.    188.    210.    197.    196.    198.    231.    272.    295.    338.    298.    332.    376.    398.    413.    395.    369.    401.    347.    367.    366.    344.    376.    379.    378.    370.    365.    370.    339.    369.    365.    401.    391.    389.    382.    356.    338.    279.    281.    301.    307.    278.    351.    308.    299.    340.    312.    333.    346.    289.    283.    286.    261.    272.    247.    289.    267.    290.    281.    335.    372.    373.    430.    357.    397.    392.    347.    319.    307.    282.    300.    283.    309.    288.    286.    317.    294.    314.    274.    316.    340.    342.    394.    390.    360.    363.    388.    392.    389.    341.    305.    310.    258.    199.    197.    230.    186.    187.    178.    176.    177.    186.    204.    185.    153.    170.    179.    135.    175.    143.    144.    136.    144.    140.    111.    103.     58.     44.     31.     27.     19.     20.     20.     12.     16.     13.     18.     14.     13.     11.     13.     16.     14.     15.     13.     13.     13.      8.     19.     11.     15.      8.      9.      9.
     15.     14.      9.     13.      9.     22.     11.     14.     12.     15.     13.     19.     12.     12.     10.     18.     16.     14.     17.     10.     15.      8.     14.     23.     26.     38.     57.     79.     99.    135.    134.    137.    159.    144.    153.    179.    160.    170.    198.    196.    204.    199.    175.    216.    210.    257.    252.    303.    250.    301.    346.    356.    358.    358.    351.    378.    385.    387.    376.    373.    363.    389.    379.    367.    364.    392.    388.    403.    412.    372.    340.    360.    300.    279.    272.    299.    294.    301.    306.    279.    270.    327.    317.    336.    308.    310.    291.    302.    322.    294.    295.    273.    283.    286.    333.    328.    355.    382.    375.    385.    332.    345.    337.    302.    292.    301.    269.    292.    301.    327.    294.    290.    292.    326.    338.    309.    368.    361.    397.    410.    412.    432.    423.    375.    367.    380.    379.    294.    303.    240.    255.    200.    194.    204.    180.    203.    176.    170.    194.    173.    172.    164.    156.    152.    188.    146.    182.    139.    136.    171.    112.    131.    118.     79.     80.     44.     34.     21.     14.     12.     13.     14.     21.     15.     14.     11.      9.     18.     19.     18.      5.     17.     19.     20.     19.     10.     13.     13.      5.     12.     18.      5.
     13.     12.     15.     15.     14.     12.     16.     14.     17.     12.     12.     11.     12.     15.     10.     17.     11.     18.     14.      9.     14.     15.     11.     16.     20.     42.     56.     65.     91.    118.    132.    141.    152.    157.    170.    149.    159.    204.    156.    188.    190.    193.    167.    208.    203.    208.    236.    249.    265.    278.    325.    363.    344.    333.    346.    396.    358.    391.    369.    391.    366.    373.    356.    373.    407.    378.    428.    447.    436.    384.    329.    292.    288.    284.    277.    269.    271.    272.    290.    305.    306.    294.    335.    309.    312.    298.    296.    325.    285.    302.    338.    349.    348.    408.    395.    380.    392.    391.    406.    350.    328.    272.    269.    251.    233.    272.    237.    292.    270.    286.    297.    287.    312.    321.    351.    380.    370.    421.    450.    462.    472.    459.    378.    440.    394.    362.    329.    291.    237.    222.    200.    216.    192.    172.    168.    173.    181.    184.    164.    167.    181.    189.    170.    194.    165.    161.    147.    148.    132.    160.    127.    119.    124.     84.     82.     53.     39.     16.     10.     14.      8.     17.     20.     15.     14.      9.     13.     11.     14.     19.      8.     14.     13.     17.     12.     14.     16.     12.     14.      9.     10.     17.
     15.     12.      8.     12.     14.     11.     14.     15.      8.     14.     15.     15.     10.     12.     15.     16.      9.     13.     12.     13.     12.     12.      6.     20.     27.     36.     52.     51.     89.    111.    135.    150.    152.    146.    146.    189.    179.    186.    149.    167.    168.    204.    186.    215.    195.    200.    200.    244.    251.    270.    298.    356.    363.    350.    348.    343.    371.    336.    373.    335.    367.    386.    389.    393.    401.    473.    455.    402.    408.    365.    319.    262.    277.    254.    260.    259.    272.    267.    271.    279.    274.    271.    314.    319.    322.    297.    318.    312.    324.    308.    379.    397.    448.    463.    416.    435.    360.    386.    324.    304.    240.    234.    221.    220.    253.    227.    258.    302.    286.    286.    318.    338.    307.    320.    367.    392.    399.    444.    493.    501.    463.    468.    433.    431.    397.    357.    307.    267.    190.    199.    204.    186.    187.    174.    180.    188.    185.    188.    192.    186.    200.    178.    179.    172.    159.    155.    151.    159.    153.    144.    147.    134.    103.     77.     64.     50.     37.     20.     11.     22.     19.     15.     14.     17.     14.     12.     10.     20.     12.     15.     12.     12.     12.     10.     10.     18.     12.     15.     13.     18.     14.     13.
     15.     17.     22.     19.     13.      9.     11.     13.     13.     15.     14.     11.     12.     11.     16.     15.     10.     10.     16.     10.     20.     11.     14.     24.     23.     34.     44.     73.    102.    115.    128.    141.    137.    143.    161.    146.    165.    188.    158.    161.    186.    190.    187.    196.    187.    185.    204.    210.    196.    262.    254.    271.    318.    348.    321.    343.    340.    370.    366.    343.    407.    392.    398.    472.    426.    471.    424.    421.    389.    338.    320.    311.    288.    267.    316.    239.    268.    232.    281.    270.    312.    285.    313.    327.    304.    331.    296.    360.    383.    414.    416.    450.    432.    489.    442.    407.    353.    345.    296.    267.    245.    237.    240.    239.    219.    231.    232.    255.    262.    273.    272.    299.    339.    407.    418.    470.    434.    453.    498.    524.    504.    503.    463.    410.    362.    340.    285.    231.    207.    193.    199.    195.    200.    172.    211.    186.    207.    189.    164.    223.    183.    188.    162.    176.    170.    144.    177.    157.    153.    136.    138.    132.    118.    100.     71.     56.     43.     36.     21.     19.     16.     11.     16.     12.     15.     14.     13.     16.     15.     11.     12.     12.     15.     14.      7.     14.     15.     11.     19.     17.     15.      7.
      8.     11.     14.     11.     15.     11.     10.     14.     16.     10.     20.     13.     16.     14.     17.     11.      9.     15.     14.     16.     12.     11.     17.     17.     21.     29.     56.     78.     85.    115.    130.    138.    128.    171.    146.    156.    192.    177.    154.    182.    174.    181.    157.    172.    182.    182.    228.    232.    226.    219.    274.    267.    282.    299.    300.    345.    332.    327.    350.    368.    412.    420.    425.    446.    452.    399.    426.    345.    368.    359.    316.    330.    309.    320.    260.    285.    266.    232.    241.    241.    249.    293.    287.    300.    294.    339.    366.    394.    471.    465.    442.    471.    522.    422.    419.    377.    310.    298.    261.    279.    255.    238.    258.    236.    245.    262.    205.    241.    273.    270.    306.    302.    369.    408.    489.    443.    474.    478.    506.    523.    502.    486.    413.    395.    339.    276.    294.    213.    224.    222.    198.    188.    179.    190.    197.    186.    188.    199.    167.    183.    196.    170.    171.    201.    173.    173.    175.    142.    158.    133.    135.    124.    119.     87.     66.     56.     37.     31.     17.     12.      7.     11.     12.     13.     13.     17.     13.     13.     15.      8.      9.     13.     10.     10.     12.     17.     10.     14.     17.      7.     11.     18.
     10.     10.     20.      9.     11.     18.     14.     14.     17.     16.     17.     12.     17.      6.     12.     14.     12.      9.      9.      8.     14.     12.     15.     15.     28.     36.     39.     54.     94.    128.    113.    150.    136.    161.    163.    170.    162.    187.    165.    152.    184.    196.    183.    207.    190.    214.    210.    180.    201.    200.    238.    216.    238.    286.    270.    349.    331.    338.    378.    371.    388.    428.    403.    444.    410.    390.    338.    360.    359.    368.    343.    342.    296.    291.    303.    286.    260.    263.    234.    248.    273.    266.    275.    299.    349.    380.    407.    456.    475.    493.    476.    433.    390.    390.    364.    333.    295.    304.    280.    259.    296.    314.    276.    260.    237.    232.    242.    250.    260.    283.    316.    342.    397.    431.    484.    529.    525.    551.    472.    521.    462.    456.    394.    327.    312.    308.    294.    265.    219.    206.    198.    203.    190.    191.    181.    198.    179.    168.    199.    187.    200.    173.    167.    159.    158.    164.    159.    173.    145.    137.    134.    130.    107.     93.     74.     42.     41.     27.     15.     12.     18.      9.     17.      9.     16.      9.     17.     12.     15.     17.     10.     18.     13.     11.     15.     14.     10.     14.     12.     17.      7.      8.
     13.      8.     12.      8.     10.      8.     11.     18.     22.     18.     11.     11.      8.      7.      7.     13.     22.     14.     14.      9.      9.     18.     15.     21.     21.     34.     52.     64.     92.    112.    116.    143.    109.    148.    144.    160.    172.    171.    166.    161.    186.    201.    199.    205.    205.    187.    216.    210.    202.    194.    243.    235.    258.    233.    242.    298.    316.    344.    356.    405.    432.    387.    430.    426.    365.    367.    362.    349.    342.    329.    320.    318.    307.    348.    292.    269.    295.    245.    267.    247.    263.    250.    306.    375.    403.    386.    415.    458.    421.    434.    396.    320.    338.    335.    311.    274.    313.    312.    347.    319.    300.    263.    295.    264.    267.    241.    232.    277.    299.    316.    334.    380.    413.    507.    514.    503.    501.    503.    536.    476.    426.    364.    318.    330.    320.    299.    303.    272.    266.    225.    234.    195.    186.    191.    168.    192.    174.    171.    169.    190.    170.    172.    186.    160.    178.    168.    155.    156.    139.    144.    151.    117.    117.    109.     64.     51.     30.     24.     19.     21.     15.     11.     12.     18.     17.     14.     11.     12.     21.     14.     10.     12.     12.     14.     10.     19.     16.     15.     14.      7.     11.     14.
      7.     10.     14.     11.     11.     10.     15.     13.     14.     17.      9.     12.     17.     13.     14.     14.     11.     17.     10.     15.     16.     11.     22.     11.     25.     39.     60.     69.     93.    121.    138.    116.    157.    133.    135.    147.    141.    168.    173.    187.    187.    174.    196.    179.    170.    212.    188.    170.    182.    199.    182.    214.    219.    237.    251.    266.    285.    336.    364.    383.    409.    379.    381.    347.    355.    355.    334.    352.    350.    328.    329.    316.    356.    306.    332.    323.    323.    322.    278.    305.    327.    328.    366.    404.    405.    392.    383.    410.    407.    373.    351.    327.    354.    340.    320.    315.    291.    311.    336.    301.    336.    268.    301.    316.    298.    273.    244.    290.    341.    388.    362.    376.    461.    464.    456.    482.    468.    490.    464.    434.    380.    352.    344.    331.    348.    286.    287.    295.    267.    254.    226.    212.    195.    202.    190.    181.    177.    179.    178.    205.    176.    188.    178.    163.    146.    166.    152.    116.    147.    154.    152.    141.    127.    117.     57.     52.     38.     27.     19.     10.     16.     17.      8.     12.     11.     13.     17.      8.      9.     20.     15.     10.     12.      9.     15.     16.     12.     22.      8.     19.     13.     22.
     14.     11.     16.     11.     18.     15.     12.     15.     15.     10.     13.     19.     14.      9.     10.     13.     16.     11.     12.     12.     11.     20.     11.     14.     23.     43.     52.     83.     86.    119.    132.    149.    121.    156.    155.    141.    157.    184.    188.    174.    182.    164.    193.    189.    218.    200.    200.    199.    194.    195.    211.    217.    224.    255.    231.    288.    258.    338.    334.    330.    339.    380.    342.    337.    327.    314.    354.    344.    318.    347.    325.    325.    340.    327.    307.    336.    346.    347.    365.    353.    365.    378.    396.    391.    426.    378.    370.    325.    310.    311.    251.    306.    311.    313.    330.    285.    305.    330.    335.    322.    302.    306.    335.    306.    333.    288.    330.    360.    384.    435.    456.    439.    413.    462.    510.    468.    457.    412.    395.    362.    344.    361.    302.    352.    348.    297.    316.    318.    271.    279.    258.    245.    211.    178.    223.    183.    186.    184.    175.    176.    182.    181.    169.    160.    172.    199.    158.    171.    125.    157.    121.    114.    119.     92.     68.     50.     33.     22.     18.     18.     10.     14.     14.     13.     13.     14.     13.     18.     15.     11.     11.     11.     14.     14.     12.     16.      8.     13.     14.     13.      7.     13.
     12.     13.     16.     11.      9.      8.      7.     11.     15.     13.     14.     12.      8.     15.     16.     13.     20.     11.     13.     11.     18.     11.      9.     21.     22.     36.     45.     71.     84.    109.    115.    140.    150.    144.    167.    164.    163.    163.    158.    165.    184.    193.    174.    164.    182.    191.    168.    208.    202.    180.    214.    206.    239.    224.    244.    275.    293.    298.    337.    285.    327.    274.    335.    328.    349.    335.    296.    308.    324.    329.    349.    357.    353.    323.    311.    366.    375.    421.    495.    400.    439.    463.    391.    400.    377.    321.    288.    278.    218.    230.    251.    283.    293.    292.    330.    287.    293.    313.    323.    284.    300.    303.    296.    340.    347.    413.    438.    420.    456.    475.    452.    464.    445.    468.    425.    389.    407.    354.    308.    328.    365.    323.    311.    342.    338.    316.    307.    267.    303.    262.    310.    248.    224.    212.    195.    192.    180.    187.    182.    180.    167.    188.    173.    163.    171.    144.    160.    134.    154.    129.    110.    108.    120.    108.     64.     48.     31.     32.     15.     11.     12.     14.     14.     12.     13.     19.     14.     12.     15.     13.     10.     14.     13.     18.     18.     19.     20.     11.     11.     13.     14.     12.
     12.     16.     13.     12.     10.     12.     10.     17.     14.     13.     11.     11.     13.      8.     12.     15.     12.     20.     15.     12.     12.     15.     15.     22.     25.     30.     44.     62.     81.    110.    128.    136.    135.    145.    150.    156.    162.    190.    142.    184.    171.    203.    176.    183.    206.    179.    219.    180.    199.    189.    213.    197.    245.    246.    231.    295.    303.    262.    299.    267.    283.    233.    300.    295.    285.    271.    303.    341.    323.    311.    332.    364.    338.    383.    390.    396.    454.    495.    469.    446.    432.    407.    396.    380.    337.    270.    245.    236.    223.    251.    222.    261.    298.    238.    310.    284.    297.    314.    308.    286.    326.    335.    334.    392.    432.    510.    480.    478.    490.    515.    502.    476.    440.    400.    386.    348.    287.    269.    301.    320.    307.    299.    309.    333.    344.    322.    325.    293.    295.    300.    297.    279.    278.    233.    245.    208.    199.    206.    189.    185.    181.    169.    183.    198.    179.    152.    177.    134.    135.    163.    144.    116.    116.     94.     81.     41.     32.     23.     15.     20.     15.      8.     15.     11.     19.     20.     20.     13.     10.     18.     12.      7.     13.      9.     16.     12.     13.      7.     11.     12.     10.     14.
     16.     12.     14.      8.     10.     15.     16.     12.     18.     12.      8.     13.     11.     12.     10.     11.     14.     10.      9.     19.     20.     18.     11.     11.     20.     30.     38.     70.     90.    122.    133.    159.    139.    137.    163.    162.    161.    172.    187.    180.    188.    178.    184.    161.    164.    219.    214.    177.    170.    195.    198.    235.    233.    266.    261.    264.    278.    281.    267.    239.    227.    243.    249.    256.    288.    300.    293.    321.    308.    309.    343.    338.    349.    407.    404.    444.    476.    504.    507.    479.    416.    405.    394.    327.    269.    275.    266.    284.    223.    223.    247.    223.    252.    247.    270.    297.    270.    295.    317.    301.    344.    369.    418.    516.    495.    492.    519.    537.    532.    519.    462.    485.    395.    338.    301.    304.    272.    270.    306.    292.    299.    314.    304.    311.    336.    324.    309.    312.    288.    320.    315.    279.    278.    282.    256.    211.    193.    197.    198.    180.    205.    180.    160.    170.    183.    142.    163.    161.    145.    142.    149.    120.    129.     99.     84.     66.     32.     27.     14.     12.     21.      7.     14.      9.     13.     16.     11.     10.     14.     11.     17.     15.     10.     14.     14.     20.     13.     17.     11.     17.     14.     20.
     16.     15.      4.     12.     17.     12.     10.      8.     14.     14.     13.     10.     13.      9.     14.     18.      9.     15.      9.     13.     12.     16.     12.     14.     25.     28.     40.     75.     77.    126.    141.    149.    119.    161.    148.    158.    154.    180.    165.    157.    170.    188.    197.    175.    157.    193.    200.    196.    176.    208.    202.    240.    236.    232.    250.    307.    281.    245.    257.    280.    215.    239.    249.    235.    248.    256.    308.    291.    277.    317.    312.    398.    416.    487.    475.    484.    529.    513.    454.    455.    361.    311.    351.    296.    305.    269.    275.    283.    283.    230.    249.    216.    270.    237.    272.    269.    253.    285.    347.    361.    379.    451.    516.    519.    540.    563.    488.    480.    521.    481.    495.    422.    317.    318.    308.    292.    324.    297.    302.    288.    326.    264.    257.    335.    331.    325.    337.    301.    334.    305.    337.    343.    294.    268.    281.    264.    258.    200.    188.    183.    193.    185.    189.    153.    160.    203.    168.    163.    152.    121.    124.    155.    118.     96.     66.     53.     26.     34.     14.     15.      9.     12.     16.     12.     11.     14.      7.     10.     15.      7.     17.     10.     11.     10.     12.     17.     15.      8.      9.     12.      9.     10.
     10.     12.     10.     15.     14.     13.      9.     16.     10.     14.     12.     11.     18.     14.     13.     14.      8.      8.     15.     28.     10.     13.     12.     17.     20.     38.     57.     75.     95.    108.    119.    148.    157.    145.    170.    172.    154.    185.    179.    176.    187.    183.    209.    189.    177.    170.    182.    225.    201.    196.    203.    229.    239.    288.    252.    258.    257.    278.    218.    215.    229.    224.    238.    235.    229.    234.    279.    289.    324.    331.    344.    423.    410.    493.    437.    451.    490.    426.    410.    386.    337.    329.    294.    321.    313.    301.    298.    267.    257.    287.    302.    214.    273.    232.    232.    248.    285.    337.    389.    418.    445.    492.    520.    503.    558.    549.    497.    558.    523.    448.    372.    341.    293.    304.    318.    291.    285.    301.    313.    309.    307.    278.    314.    313.    306.    353.    313.    302.    313.    320.    350.    328.    274.    284.    282.    307.    241.    226.    217.    195.    183.    174.    203.    183.    194.    191.    150.    177.    159.    125.    146.    141.    100.     74.     62.     50.     39.     26.     13.     14.     14.     16.     10.     13.      9.     12.     11.     12.     12.     14.     13.     14.     11.     19.      9.     12.     12.     13.     17.     10.     14.     11.
     14.     12.      9.     14.     11.     14.     15.     11.     15.      9.     14.     17.      9.      9.     10.     14.     11.      9.     10.     15.      8.     10.     13.     21.     28.     44.     48.     90.     94.    126.    137.    149.    143.    143.    136.    171.    126.    178.    161.    168.    167.    191.    162.    174.    183.    204.    177.    193.    196.    207.    233.    234.    258.    283.    234.    282.    284.    226.    216.    206.    187.    228.    213.    218.    210.    231.    258.    284.    331.    360.    368.    429.    475.    444.    451.    422.    420.    410.    345.    326.    319.    333.    314.    346.    308.    301.    325.    306.    313.    294.    284.    227.    254.    242.    232.    275.    344.    374.    448.    476.    476.    494.    554.    555.    470.    521.    479.    425.    388.    375.    327.    310.    343.    302.    286.    297.    250.    324.    318.    266.    300.    308.    307.    302.    310.    326.    327.    330.    298.    347.    330.    350.    296.    310.    315.    291.    325.    217.    211.    199.    182.    185.    185.    173.    189.    172.    169.    144.    116.    142.    125.    141.    112.     95.     76.     58.     37.     22.     18.      9.     16.     14.      5.     11.     15.      9.     13.     14.     12.     11.     13.     11.      8.     12.     11.     13.     13.     17.     13.     13.     16.     13.
     14.     15.     11.     11.     11.     10.     13.     10.     17.     14.      9.     14.     13.     12.     14.      6.      5.     19.     14.     23.     11.     15.      9.     24.     25.     43.     48.     69.     94.    113.    134.    139.    145.    158.    164.    143.    179.    162.    166.    187.    204.    173.    202.    180.    171.    182.    177.    207.    192.    191.    238.    241.    245.    270.    223.    256.    249.    243.    218.    206.    227.    217.    244.    230.    222.    240.    261.    336.    347.    381.    414.    425.    476.    449.    420.    368.    351.    320.    312.    346.    330.    328.    310.    315.    337.    322.    302.    343.    318.    298.    301.    273.    306.    329.    349.    364.    381.    437.    468.    482.    457.    462.    464.    452.    526.    468.    382.    350.    361.    332.    319.    319.    308.    317.    326.    296.    305.    283.    325.    292.    313.    332.    285.    350.    342.    342.    334.    323.    330.    392.    385.    338.    338.    306.    341.    320.    297.    267.    232.    203.    204.    176.    222.    164.    184.    184.    165.    154.    145.    161.    149.    112.    108.     95.     66.     59.     22.     15.     16.     12.      8.     11.     18.     13.     13.      9.     12.     10.     17.     17.     13.     14.     12.     16.     13.     10.     14.     17.     22.     11.     17.      9.
      7.     18.     16.     14.     14.     12.      8.     15.     15.     16.     12.     13.     11.     20.     15.     12.     10.     10.     20.     18.     12.      5.     12.     13.     23.     48.     47.     63.     79.    127.    130.    140.    151.    128.    168.    160.    156.    157.    152.    180.    167.    188.    214.    175.    184.    184.    210.    227.    205.    250.    230.    243.    286.    242.    243.    257.    229.    233.    222.    226.    201.    202.    226.    230.    273.    280.    319.    350.    416.    350.    349.    400.    355.    378.    345.    295.    323.    335.    301.    296.    295.    340.    284.    358.    351.    325.    311.    356.    314.    338.    309.    332.    395.    426.    450.    419.    465.    431.    472.    470.    434.    421.    491.    425.    361.    359.    332.    333.    331.    334.    293.    352.    336.    315.    341.    316.    306.    290.    318.    361.    357.    348.    355.    373.    366.    365.    340.    351.    347.    352.    393.    350.    353.    305.    342.    353.    262.    247.    256.    195.    215.    211.    188.    183.    180.    176.    184.    175.    175.    155.    139.    126.    144.     90.     59.     57.     41.     30.     21.     18.     19.     16.     14.     14.     11.     11.     15.      8.     12.     15.     10.     13.     14.     11.     14.      8.     14.     17.     12.     11.     14.      8.
     12.     12.     15.     10.     13.     15.     16.     13.     11.      8.     11.     11.     16.     12.     12.     11.     12.     10.     12.     12.     15.     13.     14.     15.     24.     34.     50.     60.     76.    123.    147.    153.    114.    161.    146.    148.    167.    152.    157.    171.    212.    168.    150.    168.    197.    200.    211.    199.    204.    203.    249.    278.    267.    251.    244.    236.    265.    210.    235.    195.    215.    242.    269.    280.    285.    352.    360.    354.    337.    352.    341.    307.    308.    277.    298.    277.    312.    295.    302.    319.    269.    339.    331.    318.    368.    294.    349.    341.    348.    384.    402.    436.    483.    495.    501.    518.    488.    468.    496.    481.    431.    362.    356.    318.    294.    294.    284.    321.    344.    320.    314.    312.    313.    346.    314.    332.    296.    272.    316.    369.    361.    326.    340.    379.    355.    373.    371.    315.    359.    401.    361.    404.    349.    358.    353.    344.    346.    299.    252.    244.    208.    227.    171.    176.    161.    169.    165.    157.    164.    135.    137.    139.    132.     85.     83.     54.     33.     30.     18.     14.     20.     11.     12.      5.     13.      9.     16.      9.     14.     17.      7.     13.     16.      9.     12.     13.     11.     15.     13.      7.     17.     13.
     13.     15.     22.     12.      8.      9.     15.     11.     13.     21.     12.     10.     11.     15.     17.     15.     15.     15.     13.      8.      5.     12.      9.     20.     26.     31.     46.     62.     99.    118.    125.    136.    130.    149.    160.    171.    156.    160.    171.    170.    166.    173.    182.    203.    194.    192.    194.    191.    211.    192.    211.    263.    237.    244.    225.    231.    210.    220.    219.    220.    223.    235.    286.    318.    340.    383.    362.    395.    332.    342.    284.    278.    268.    263.    243.    264.    271.    279.    313.    316.    315.    323.    338.    353.    319.    315.    352.    384.    400.    444.    444.    473.    537.    543.    477.    518.    529.    446.    397.    404.    353.    291.    262.    257.    258.    265.    266.    319.    284.    306.    371.    310.    307.    315.    331.    350.    337.    303.    332.    345.    356.    356.    366.    419.    405.    395.    414.    356.    361.    382.    365.    402.    385.    385.    372.    342.    317.    287.    234.    210.    201.    201.    190.    174.    177.    182.    190.    162.    159.    157.    149.    129.    138.     86.     77.     46.     38.     18.     17.     16.     12.     21.     11.     11.     12.     18.     15.      9.     10.     23.     12.     14.     17.     17.     16.     20.     15.     10.     15.     15.     13.     12.
     21.     12.     14.     14.     12.     18.     13.      8.     12.     12.     11.     15.      8.     15.     14.     18.     13.      9.      9.     11.     14.     14.     23.     24.     24.     25.     53.     73.     88.    115.    132.    141.    151.    132.    148.    155.    170.    178.    192.    148.    192.    163.    223.    193.    183.    216.    182.    207.    224.    247.    254.    273.    243.    247.    230.    227.    248.    225.    251.    245.    309.    308.    330.    311.    341.    333.    371.    340.    303.    250.    224.    229.    228.    235.    246.    224.    243.    277.    322.    283.    283.    286.    305.    309.    325.    356.    388.    430.    482.    475.    544.    490.    532.    545.    533.    467.    448.    432.    394.    348.    280.    249.    239.    263.    233.    212.    240.    280.    295.    327.    315.    296.    308.    317.    343.    310.    289.    307.    354.    319.    371.    371.    358.    436.    442.    437.    445.    434.    417.    437.    386.    393.    370.    389.    374.    365.    324.    298.    291.    246.    225.    203.    197.    184.    150.    180.    166.    152.    155.    135.    160.    126.    109.     96.     72.     51.     38.     18.     20.     19.     10.     12.     13.     11.     15.     13.     17.     14.     10.     16.     16.      8.     13.     17.     11.     11.     19.     13.     10.      8.      9.     14.
     15.     11.     10.     14.     12.      8.      9.     17.     11.      9.     16.      9.     14.     15.     16.     14.     13.      9.     11.     14.     14.     15.     15.     22.     34.     38.     58.     63.     88.    120.    130.    151.    140.    130.    174.    173.    153.    167.    182.    182.    179.    204.    188.    191.    176.    192.    180.    230.    215.    208.    239.    253.    243.    283.    222.    234.    216.    230.    271.    258.    353.    349.    370.    359.    364.    338.    302.    295.    287.    243.    233.    209.    236.    237.    222.    231.    253.    263.    246.    238.    273.    311.    327.    328.    384.    365.    443.    520.    564.    549.    501.    541.    583.    540.    542.    438.    419.    364.    336.    297.    282.    250.    295.    213.    280.    232.    244.    278.    262.    283.    297.    269.    306.    310.    284.    305.    305.    330.    335.    346.    377.    356.    422.    448.    437.    439.    461.    454.    469.    438.    430.    434.    395.    377.    373.    372.    353.    254.    304.    271.    231.    196.    205.    163.    184.    166.    183.    166.    166.    146.    157.    120.    114.    105.     67.     46.     37.     33.     22.     10.     12.     19.     10.     10.     11.     13.     12.     17.     11.     12.     16.     13.     14.     15.     14.     10.     10.     11.     19.     18.     13.     10.
     16.     16.     14.     14.     16.     13.      9.     12.     14.      8.     12.     12.     12.     15.     17.     20.     11.     10.     13.     16.      8.      6.     13.     23.     21.     37.     59.     56.     92.    121.    136.    131.    146.    157.    160.    188.    166.    148.    183.    167.    167.    180.    163.    177.    185.    203.    200.    200.    215.    216.    259.    263.    281.    255.    202.    267.    226.    276.    278.    326.    318.    342.    379.    364.    318.    285.    287.    259.    209.    213.    207.    205.    231.    206.    231.    190.    223.    200.    233.    269.    235.    297.    361.    369.    429.    470.    467.    573.    566.    562.    521.    508.    500.    493.    459.    385.    334.    335.    310.    317.    313.    285.    270.    283.    292.    272.    245.    248.    276.    275.    303.    289.    257.    327.    298.    296.    311.    330.    343.    375.    390.    405.    469.    443.    483.    499.    520.    480.    513.    457.    467.    475.    416.    423.    383.    407.    359.    291.    278.    251.    221.    201.    200.    164.    160.    162.    173.    178.    129.    147.    144.    127.    124.    106.     79.     52.     33.     28.     12.     16.      9.     12.     12.     14.     22.      9.     13.     14.     15.     12.     13.      9.      7.     10.      9.     13.     13.     20.     20.     12.     13.     12.
      9.      9.      8.     11.     13.     11.     15.     11.     10.     13.     15.     11.     14.     14.     15.     13.     12.     13.     10.     14.      9.     18.     10.     17.     29.     20.     56.     54.     96.    113.    125.    133.    149.    157.    162.    170.    182.    164.    142.    179.    182.    191.    181.    185.    183.    208.    201.    204.    225.    215.    235.    235.    248.    212.    243.    249.    282.    327.    312.    325.    367.    330.    306.    331.    320.    257.    239.    210.    255.    181.    249.    220.    199.    209.    221.    196.    212.    264.    251.    249.    246.    328.    359.    458.    494.    484.    530.    568.    475.    516.    502.    465.    445.    403.    375.    325.    349.    332.    337.    337.    332.    313.    332.    318.    248.    266.    244.    235.    271.    228.    259.    241.    284.    280.    255.    299.    276.    327.    350.    394.    405.    390.    433.    458.    503.    577.    472.    504.    510.    512.    491.    498.    459.    417.    416.    395.    340.    302.    275.    256.    235.    187.    169.    168.    166.    192.    189.    160.    148.    152.    150.    132.    101.    101.     75.     57.     32.     34.      7.     10.      8.     11.     13.     13.     12.     14.     19.     15.     12.      6.     15.     23.     14.     15.     17.      9.     14.     15.      6.     15.     19.     17.
     13.     13.     10.      9.     12.     11.     14.     11.      7.     11.     10.     16.     11.      8.     13.      8.      8.     11.     13.     21.     13.     11.     13.     19.     20.     25.     38.     75.     97.    128.    124.    155.    147.    150.    135.    134.    178.    165.    174.    179.    186.    181.    205.    177.    169.    178.    213.    211.    206.    202.    223.    265.    273.    254.    262.    299.    311.    347.    329.    312.    331.    341.    294.    296.    279.    247.    233.    230.    218.    211.    238.    198.    220.    216.    247.    233.    251.    237.    262.    323.    340.    425.    431.    468.    507.    476.    494.    485.    453.    461.    424.    389.    372.    364.    324.    328.    337.    327.    310.    331.    330.    319.    319.    311.    295.    309.    269.    241.    244.    251.    249.    240.    281.    310.    263.    301.    325.    327.    377.    411.    405.    450.    463.    569.    520.    529.    598.    506.    557.    556.    561.    490.    441.    452.    410.    375.    382.    300.    276.    269.    217.    198.    208.    171.    175.    182.    165.    170.    148.    142.    150.    129.    113.     99.     79.     45.     34.     26.     17.     13.     10.      5.     14.     14.      7.     10.     16.     21.     22.     12.     15.     12.     11.     17.     13.     11.      6.     13.     16.      6.      7.     18.
     13.     10.      8.     13.      8.     16.     14.     10.     15.      8.     15.     13.      6.      6.     16.     10.     16.     18.     10.     16.     12.     12.     13.     24.     24.     45.     47.     82.    105.    132.    120.    145.    149.    141.    151.    157.    159.    166.    172.    178.    183.    223.    173.    184.    197.    206.    232.    222.    210.    204.    238.    252.    260.    267.    298.    319.    360.    368.    337.    358.    326.    280.    287.    288.    236.    223.    221.    214.    201.    199.    242.    224.    231.    218.    194.    238.    290.    288.    370.    404.    407.    418.    431.    420.    447.    456.    462.    443.    456.    378.    329.    319.    320.    316.    325.    342.    316.    336.    314.    310.    309.    300.    347.    321.    313.    303.    254.    298.    266.    247.    234.    268.    286.    254.    279.    280.    265.    340.    360.    388.    448.    481.    475.    531.    574.    577.    572.    546.    582.    562.    559.    509.    516.    492.    431.    396.    374.    280.    247.    227.    205.    203.    194.    179.    164.    200.    172.    142.    172.    171.    148.    134.    133.     83.     60.     61.     40.     27.     22.     11.     12.      8.     12.      4.     18.     15.     13.     16.     15.     21.     10.     17.     13.     17.     19.     16.     15.     15.     14.     10.     13.     11.
      6.     10.     12.      9.     13.     12.     14.     11.      5.     13.     10.     13.     14.     18.     21.     14.     12.     17.     18.      9.     12.     14.     15.     28.     22.     35.     50.     66.    106.     87.    140.    149.    137.    157.    145.    171.    176.    143.    168.    174.    192.    177.    186.    168.    207.    188.    192.    197.    171.    184.    230.    256.    296.    319.    319.    335.    350.    352.    308.    320.    328.    287.    238.    223.    237.    229.    230.    232.    196.    209.    228.    221.    236.    239.    254.    315.    330.    405.    370.    431.    446.    459.    425.    397.    448.    428.    335.    330.    304.    306.    319.    296.    339.    314.    358.    337.    275.    316.    360.    324.    301.    312.    333.    282.    300.    301.    320.    281.    270.    287.    293.    270.    254.    255.    289.    274.    310.    316.    429.    448.    469.    500.    490.    495.    550.    580.    578.    587.    611.    583.    577.    568.    490.    481.    504.    419.    350.    300.    284.    219.    231.    193.    177.    188.    162.    173.    163.    180.    144.    147.    129.    146.    122.     95.     81.     62.     35.     22.     19.     16.     11.     12.     17.     15.     25.     20.     15.     18.     14.     14.     13.     17.     18.     12.     14.     14.     13.     13.     13.      7.     10.      8.
     13.     18.     12.     11.     12.     15.     12.     21.     17.     12.     12.     14.     13.      9.      9.     12.     11.     17.     12.     18.     17.     11.     19.     14.     27.     29.     61.     65.    106.    120.    128.    134.    133.    144.    165.    195.    172.    178.    175.    170.    180.    195.    178.    171.    184.    196.    187.    200.    196.    215.    240.    304.    327.    319.    331.    368.    380.    363.    357.    276.    272.    263.    214.    204.    207.    221.    217.    225.    229.    237.    239.    241.    282.    312.    328.    375.    370.    424.    415.    376.    454.    415.    405.    381.    344.    308.    241.    267.    232.    234.    258.    264.    301.    294.    296.    302.    319.    365.    350.    293.    324.    298.    308.    299.    309.    280.    317.    267.    278.    305.    287.    278.    279.    303.    321.    312.    332.    339.    385.    456.    499.    516.    523.    598.    591.    598.    586.    566.    667.    614.    597.    581.    535.    549.    459.    461.    345.    293.    232.    248.    216.    186.    194.    184.    187.    184.    176.    180.    160.    166.    136.    140.    128.     99.     76.     50.     39.     24.     20.     12.     14.     14.     11.      7.     11.     13.      7.     12.     10.     15.     11.     11.     16.     11.     13.     10.     16.     16.     16.      9.     11.     10.
     11.     13.     10.      9.     15.     17.     18.     11.     14.     16.     16.     13.     15.     13.      9.     14.     11.     14.     15.     17.     14.     18.     12.     21.     24.     37.     52.     57.     99.    118.    123.    137.    133.    134.    167.    174.    163.    178.    174.    159.    186.    179.    193.    172.    184.    198.    187.    195.    236.    213.    262.    260.    314.    309.    378.    386.    368.    330.    315.    241.    267.    259.    228.    217.    196.    210.    234.    231.    234.    227.    236.    280.    318.    358.    412.    387.    428.    426.    438.    431.    378.    425.    380.    313.    288.    236.    209.    238.    211.    255.    250.    240.    251.    257.    305.    314.    298.    332.    334.    308.    343.    297.    307.    299.    300.    286.    324.    329.    324.    293.    296.    273.    311.    314.    304.    340.    318.    385.    451.    474.    513.    477.    540.    573.    588.    642.    606.    600.    605.    628.    564.    622.    553.    520.    529.    431.    389.    315.    243.    219.    208.    179.    194.    174.    168.    205.    154.    167.    162.    158.    141.    143.    110.    104.     73.     48.     39.     24.     20.      7.     12.     19.     18.      9.     21.     15.     11.     16.     16.     17.     11.     16.     14.     12.     11.     16.     11.     10.      8.     12.     11.      9.
     10.     10.     14.      8.     21.     12.     11.     14.     13.     14.     13.     14.     17.      9.     15.     12.     11.     15.     15.     15.     12.     12.     17.     13.     20.     36.     52.     75.     84.     92.    136.    146.    151.    152.    157.    162.    184.    169.    142.    166.    173.    174.    186.    169.    192.    176.    178.    223.    183.    229.    269.    283.    330.    325.    321.    381.    334.    319.    295.    274.    248.    234.    205.    206.    226.    231.    252.    220.    258.    249.    301.    414.    390.    432.    438.    445.    451.    482.    459.    427.    322.    337.    317.    262.    240.    221.    224.    234.    224.    227.    245.    216.    245.    238.    269.    253.    271.    266.    311.    292.    296.    290.    291.    320.    301.    318.    277.    307.    306.    350.    309.    288.    325.    339.    351.    306.    335.    424.    410.    508.    457.    588.    554.    593.    594.    644.    703.    665.    672.    697.    654.    566.    561.    552.    464.    446.    362.    305.    245.    182.    221.    212.    182.    172.    164.    187.    172.    160.    143.    160.    150.    139.    127.     98.     81.     52.     36.     20.     22.     14.     11.     14.     15.     13.     14.     17.     18.     14.     16.     20.     14.      9.     15.     10.     10.     16.     12.     11.     15.     11.     17.     15.
     14.     17.     11.      9.     18.     14.     12.     14.     18.     20.     12.     13.     18.     19.     14.     16.     11.     11.     18.     14.     10.     18.     11.     18.     25.     50.     50.     79.     95.    119.    136.    142.    152.    152.    158.    154.    169.    159.    175.    177.    202.    160.    194.    175.    174.    172.    204.    187.    240.    228.    289.    284.    312.    332.    314.    343.    320.    331.    279.    256.    241.    198.    215.    215.    193.    217.    218.    284.    293.    342.    372.    400.    419.    436.    415.    434.    399.    376.    391.    344.    294.    263.    240.    237.    197.    214.    207.    207.    208.    218.    219.    236.    225.    220.    223.    267.    238.    273.    269.    265.    293.    263.    310.    311.    336.    334.    303.    320.    319.    324.    328.    303.    346.    350.    341.    381.    420.    449.    501.    543.    572.    609.    577.    614.    653.    643.    671.    642.    682.    692.    660.    660.    583.    522.    492.    409.    394.    322.    275.    237.    228.    224.    190.    159.    189.    175.    176.    162.    173.    121.    168.    125.     98.    108.     64.     58.     45.     22.     21.     15.     20.     10.     11.     17.     14.     13.     20.     16.     13.     20.     16.     14.     11.      9.      8.     15.      7.     24.     14.     16.     15.     12.
     12.     11.     11.     15.     14.     15.      9.     11.     13.     15.     11.     13.     22.     18.     11.      8.     11.     12.      7.     12.     19.     23.      8.     18.     24.     28.     56.     70.    105.    116.    101.    147.    154.    139.    178.    135.    169.    190.    185.    172.    167.    191.    176.    195.    198.    183.    209.    208.    230.    256.    286.    268.    322.    306.    314.    345.    280.    323.    258.    279.    210.    230.    216.    223.    210.    248.    302.    329.    340.    408.    422.    393.    462.    465.    418.    386.    362.    346.    303.    283.    221.    218.    242.    229.    194.    214.    219.    231.    219.    211.    202.    212.    241.    194.    217.    191.    226.    264.    271.    252.    261.    277.    308.    326.    265.    331.    301.    315.    329.    332.    305.    325.    375.    333.    353.    427.    442.    480.    557.    580.    578.    611.    627.    660.    679.    653.    683.    633.    676.    660.    628.    591.    610.    542.    436.    408.    368.    333.    285.    233.    226.    226.    203.    184.    183.    168.    176.    179.    164.    140.    150.    139.    129.    103.     72.     59.     36.     35.     12.     15.     12.     16.     13.     10.     20.     16.     19.     15.     16.      9.     10.     17.     16.     12.     15.      9.      9.     14.     12.      9.     17.     18.
     17.     14.      7.     16.     13.     12.     13.      7.     11.     13.     12.     10.      8.     20.     12.     11.     11.      9.     13.     12.     13.     13.     21.     21.     22.     39.     49.     77.     82.     96.    117.    142.    143.    139.    168.    165.    170.    160.    180.    169.    185.    189.    165.    193.    182.    216.    187.    206.    220.    245.    279.    301.    297.    303.    298.    305.    331.    305.    259.    252.    231.    247.    223.    264.    270.    285.    407.    397.    418.    379.    392.    428.    413.    394.    384.    345.    321.    290.    242.    235.    240.    204.    236.    239.    207.    192.    203.    218.    232.    231.    207.    195.    225.    198.    191.    216.    229.    236.    230.    260.    248.    247.    299.    298.    303.    299.    322.    329.    298.    344.    337.    349.    363.    386.    392.    453.    481.    590.    627.    615.    646.    671.    654.    673.    699.    709.    679.    618.    632.    649.    676.    580.    559.    533.    435.    408.    363.    294.    302.    286.    248.    230.    213.    175.    178.    199.    170.    158.    142.    138.    130.    127.    106.     90.     79.     59.     32.     24.     12.     17.     19.     13.     12.     14.     14.     16.     14.     14.     10.     14.     15.     10.      9.      9.     13.     15.     15.      6.     15.     10.     10.     11.
     15.     11.     13.     15.     14.     17.     15.     12.     15.     10.     11.      9.     12.     12.      9.     16.     11.     15.     21.     17.     18.     11.     20.     13.     29.     44.     36.     78.     83.    118.    129.    156.    144.    154.    158.    188.    173.    149.    181.    188.    194.    174.    158.    187.    173.    202.    208.    220.    199.    244.    304.    337.    332.    309.    292.    335.    268.    268.    265.    242.    237.    265.    260.    297.    323.    394.    387.    406.    406.    428.    394.    398.    421.    367.    327.    276.    237.    248.    225.    229.    191.    229.    219.    250.    226.    212.    232.    218.    209.    210.    221.    201.    219.    184.    212.    178.    196.    188.    219.    226.    234.    256.    296.    282.    327.    306.    304.    373.    339.    354.    342.    336.    391.    412.    485.    526.    537.    619.    677.    672.    697.    681.    707.    696.    747.    771.    693.    690.    644.    626.    555.    591.    487.    492.    442.    403.    392.    368.    295.    251.    262.    245.    214.    183.    220.    181.    187.    180.    178.    156.    129.    130.    112.    101.     73.     45.     35.     22.     15.     11.     17.     22.     16.     17.      9.     14.     18.     14.      5.     18.     15.     11.      9.     13.     18.     10.      7.     15.     15.      9.     11.     10.
     11.     12.     12.     15.     11.      8.     15.     11.     26.     11.      7.     13.     15.     17.     12.     15.     16.     10.     11.     16.     16.     12.     20.     20.     28.     40.     42.     68.     93.    145.    120.    130.    138.    151.    171.    151.    139.    179.    170.    166.    195.    197.    195.    203.    188.    197.    201.    224.    230.    261.    289.    293.    320.    337.    268.    294.    309.    269.    267.    271.    294.    301.    370.    372.    388.    405.    441.    424.    446.    368.    408.    383.    342.    347.    249.    228.    216.    204.    222.    214.    216.    222.    216.    237.    231.    216.    228.    219.    213.    192.    218.    198.    201.    185.    216.    191.    182.    202.    199.    211.    236.    221.    268.    257.    294.    292.    294.    321.    366.    339.    336.    371.    439.    488.    556.    528.    562.    601.    652.    719.    720.    706.    751.    769.    756.    756.    720.    665.    670.    614.    588.    490.    458.    405.    416.    390.    382.    342.    298.    298.    261.    276.    200.    172.    184.    180.    174.    162.    159.    173.    135.    137.    125.    108.     80.     65.     32.     22.     17.     14.     11.     17.     18.     12.     12.     13.     10.     17.     14.     17.     15.     19.     15.     11.     11.     19.      7.      9.      9.     18.     20.     10.
     13.     15.     15.     18.     13.     12.      5.     11.     17.     17.     14.     15.     13.      9.     11.     11.     16.      8.     15.     14.      7.     12.     20.     24.     29.     34.     46.     83.    108.    117.    126.    129.    137.    132.    143.    174.    190.    153.    157.    158.    168.    184.    192.    184.    195.    230.    205.    231.    251.    257.    272.    298.    298.    279.    248.    259.    291.    262.    228.    268.    298.    403.    385.    437.    404.    419.    414.    375.    389.    367.    352.    306.    306.    263.    243.    226.    198.    218.    209.    206.    221.    227.    203.    182.    222.    232.    219.    198.    207.    208.    181.    172.    188.    207.    164.    197.    188.    221.    222.    216.    215.    220.    237.    258.    257.    298.    289.    334.    361.    370.    384.    411.    480.    518.    562.    583.    666.    652.    736.    734.    700.    785.    721.    796.    819.    754.    705.    669.    642.    587.    521.    528.    410.    423.    401.    419.    380.    354.    341.    304.    231.    231.    232.    201.    200.    207.    156.    155.    160.    161.    140.    120.    105.     97.     77.     63.     33.     17.     21.     16.     13.     13.     17.     14.     12.     20.      9.     11.     15.     13.     10.     13.      8.     18.     18.     10.      5.     10.     11.     13.     11.     18.
     11.     15.     12.     14.     18.     14.     11.     13.     16.     14.      9.     21.     17.      5.     18.     10.     13.     11.     20.     14.     16.     12.     10.     19.     24.     37.     46.     67.     88.    115.    134.    140.    156.    134.    154.    189.    169.    189.    167.    182.    202.    202.    189.    179.    213.    191.    226.    209.    260.    281.    303.    295.    284.    277.    289.    277.    301.    275.    295.    346.    383.    376.    419.    411.    426.    412.    407.    388.    342.    354.    310.    246.    228.    213.    230.    199.    216.    215.    212.    225.    224.    215.    214.    196.    208.    204.    212.    220.    217.    207.    176.    170.    191.    170.    217.    203.    206.    206.    194.    223.    232.    217.    224.    233.    287.    286.    252.    330.    324.    398.    417.    492.    520.    577.    614.    591.    628.    649.    764.    720.    788.    730.    775.    826.    804.    729.    745.    677.    612.    565.    548.    467.    446.    478.    428.    434.    445.    380.    344.    305.    288.    271.    192.    186.    182.    167.    160.    195.    182.    135.    133.    128.    127.    105.     71.     57.     37.     30.     20.     20.     20.     14.     16.     12.     13.     16.     21.     13.     14.     13.     12.     21.     17.     16.     11.     13.     12.     10.     11.     16.     23.     14.
      9.     14.     14.     20.     10.     15.     17.     10.     10.      6.     10.      8.     11.     13.     14.     10.      7.     13.     21.     13.     23.     14.     17.     13.     22.     35.     52.     80.     82.    100.    126.    121.    129.    130.    183.    158.    178.    144.    171.    174.    176.    170.    181.    183.    205.    211.    222.    226.    252.    231.    247.    281.    286.    294.    297.    292.    285.    340.    329.    337.    382.    487.    430.    424.    433.    415.    383.    347.    351.    289.    240.    234.    249.    222.    204.    219.    222.    212.    204.    210.    195.    206.    203.    230.    193.    207.    173.    171.    185.    195.    209.    208.    193.    185.    220.    211.    196.    187.    211.    215.    191.    209.    212.    237.    238.    287.    256.    336.    391.    432.    504.    486.    553.    612.    683.    627.    620.    706.    702.    776.    754.    787.    746.    792.    761.    734.    704.    668.    588.    522.    534.    501.    461.    436.    488.    429.    438.    371.    323.    317.    277.    276.    224.    208.    193.    192.    169.    174.    147.    149.    134.    139.    123.     86.     83.     59.     41.     34.     12.     16.     10.     17.     13.     15.     17.     13.      9.     15.     15.     13.     12.     15.      7.     16.     17.     16.     18.     10.      6.     13.     15.     13.
     14.     15.     12.     16.     10.      8.     14.     11.      9.     10.     10.     11.     12.      7.     14.      8.      9.     12.     14.     18.     12.     17.     11.     16.     30.     31.     53.     74.     90.    114.    125.    140.    144.    121.    157.    151.    166.    146.    161.    182.    188.    187.    188.    186.    183.    217.    211.    236.    242.    264.    240.    296.    311.    311.    314.    323.    350.    342.    375.    391.    383.    419.    380.    389.    402.    395.    358.    364.    290.    235.    224.    233.    260.    210.    225.    193.    209.    251.    227.    217.    168.    216.    217.    200.    192.    198.    167.    182.    177.    203.    190.    212.    198.    196.    187.    204.    192.    239.    212.    217.    250.    211.    258.    228.    226.    269.    278.    362.    408.    437.    533.    554.    625.    639.    644.    679.    652.    745.    745.    767.    789.    814.    796.    813.    795.    726.    636.    618.    623.    562.    518.    558.    472.    495.    420.    459.    447.    381.    344.    305.    288.    252.    227.    223.    170.    178.    176.    139.    164.    161.    140.    124.    109.    105.     63.     50.     35.     34.     16.     16.     19.     18.     19.     11.     12.     14.      7.     16.     14.     20.     15.     17.     14.     15.      6.     12.     11.     18.     15.     13.      7.      8.
     12.     11.      7.     20.     17.     11.     15.     15.      8.     19.     10.     18.      9.     10.      8.      9.     10.     15.     15.     17.     15.     13.     16.      7.     20.     26.     57.     59.     81.    125.    140.    146.    145.    145.    158.    169.    163.    174.    163.    182.    162.    170.    153.    172.    186.    205.    207.    224.    227.    247.    283.    313.    270.    322.    318.    345.    390.    382.    422.    378.    399.    379.    402.    402.    377.    372.    321.    311.    241.    234.    251.    229.    227.    225.    209.    201.    231.    214.    209.    253.    179.    193.    213.    174.    188.    180.    233.    185.    205.    168.    200.    189.    211.    219.    225.    208.    218.    245.    238.    228.    203.    209.    248.    258.    285.    278.    322.    426.    475.    542.    604.    545.    616.    720.    670.    683.    691.    707.    773.    814.    806.    766.    709.    734.    678.    612.    613.    602.    567.    556.    554.    591.    531.    511.    480.    480.    480.    388.    380.    328.    286.    247.    213.    192.    192.    176.    179.    171.    171.    167.    136.    122.    130.    103.     84.     49.     43.     23.     21.     14.     18.     16.     22.     12.     12.     11.     13.     18.     17.     15.     18.      9.     10.     14.     18.     16.      9.     15.     13.      8.     12.     14.
     17.     13.     13.     10.     10.     16.     14.     19.      9.      9.      8.     19.     10.     15.     15.     10.     20.     15.     13.     11.     15.     18.     12.     20.     27.     42.     54.     61.     74.    111.    128.    129.    133.    166.    163.    182.    177.    181.    163.    209.    170.    157.    168.    190.    194.    208.    196.    214.    246.    253.    291.    301.    314.    328.    369.    360.    437.    417.    454.    405.    360.    365.    400.    355.    357.    308.    262.    255.    227.    227.    255.    231.    241.    207.    221.    213.    224.    207.    223.    181.    184.    183.    208.    185.    199.    191.    216.    187.    175.    176.    205.    183.    209.    223.    245.    219.    233.    218.    235.    222.    209.    205.    266.    266.    304.    354.    390.    409.    470.    533.    572.    615.    634.    664.    696.    695.    692.    714.    790.    782.    754.    763.    713.    690.    687.    657.    662.    635.    661.    618.    622.    619.    576.    532.    502.    494.    422.    363.    348.    312.    287.    246.    206.    175.    186.    189.    206.    190.    141.    162.    174.    141.    108.     90.     84.     75.     35.     19.     25.     14.      9.     16.     10.     13.     13.     19.     15.     16.     15.      9.     17.      9.     11.     14.     10.      9.      7.     20.     13.     16.     22.      6.
     10.     13.     14.     11.     23.     13.     10.     17.     16.     17.     18.     15.      5.     13.     17.     14.     16.     14.     12.     14.     14.     16.     17.     17.     31.     30.     44.     53.     81.    133.    144.    148.    146.    144.    166.    186.    170.    182.    165.    163.    196.    185.    194.    154.    182.    223.    217.    230.    242.    218.    285.    311.    338.    334.    373.    435.    411.    408.    449.    394.    390.    402.    380.    336.    269.    252.    248.    205.    254.    189.    211.    259.    209.    196.    202.    216.    217.    219.    172.    212.    166.    176.    167.    198.    171.    171.    179.    227.    205.    201.    208.    217.    206.    222.    242.    212.    243.    198.    250.    247.    230.    267.    315.    300.    411.    403.    436.    540.    544.    571.    574.    564.    638.    597.    661.    693.    666.    749.    712.    696.    724.    669.    674.    613.    621.    626.    620.    598.    601.    667.    641.    663.    592.    524.    529.    495.    480.    432.    367.    330.    301.    219.    206.    189.    188.    190.    196.    176.    183.    150.    138.    127.    145.    100.     74.     61.     38.     29.     23.     14.     15.     19.     28.     12.      8.     11.     22.     12.     10.      7.      8.     14.     11.      8.     20.     14.      8.     16.     12.     10.     11.     12.
     14.     13.     11.     13.     19.      9.     12.     17.     19.     14.     16.     17.     14.      9.     13.     12.     16.     14.      9.     13.     22.     12.     18.     21.     24.     35.     54.     71.    100.    118.    133.    143.    130.    147.    159.    168.    163.    163.    184.    203.    165.    183.    186.    170.    179.    220.    195.    202.    241.    252.    285.    331.    357.    393.    413.    447.    447.    429.    430.    362.    340.    336.    313.    299.    265.    229.    222.    221.    206.    234.    229.    229.    219.    231.    221.    185.    212.    179.    175.    173.    198.    180.    227.    191.    181.    209.    193.    204.    193.    196.    207.    228.    255.    218.    245.    258.    223.    232.    242.    263.    257.    308.    385.    409.    453.    487.    524.    527.    557.    561.    605.    627.    627.    666.    669.    683.    652.    634.    695.    646.    655.    631.    594.    661.    676.    640.    603.    655.    658.    709.    653.    658.    595.    573.    601.    543.    486.    414.    336.    317.    295.    224.    211.    205.    197.    191.    149.    160.    158.    151.    161.    140.    130.     87.     90.     49.     24.     21.     20.     14.     13.     11.     21.     17.     11.     13.     14.      9.     13.     13.     14.     13.     11.     13.     12.     11.     12.     13.     12.     18.     13.     14.
     11.      9.      9.      9.     11.     16.      9.     11.     19.     10.      9.     16.     15.     10.      9.     21.     17.     16.     10.     10.     14.     17.     13.     20.     21.     33.     49.     60.     80.    107.    136.    154.    135.    153.    154.    164.    175.    159.    175.    175.    188.    187.    179.    189.    192.    194.    188.    205.    226.    242.    299.    354.    392.    464.    397.    446.    403.    431.    444.    355.    339.    339.    277.    256.    227.    208.    220.    203.    234.    192.    214.    226.    228.    230.    189.    188.    214.    176.    188.    190.    186.    192.    208.    185.    235.    167.    200.    228.    232.    195.    214.    194.    246.    232.    236.    239.    227.    234.    278.    316.    322.    429.    484.    482.    499.    520.    511.    530.    626.    548.    533.    534.    540.    582.    586.    628.    594.    595.    605.    628.    602.    610.    604.    750.    674.    691.    681.    651.    678.    708.    703.    662.    660.    597.    609.    528.    498.    443.    341.    299.    269.    205.    211.    205.    196.    197.    172.    173.    167.    187.    134.    126.    130.     87.     74.     56.     49.     30.     21.     13.     14.     14.     11.     15.     15.     12.     15.     17.     12.     12.     16.     15.     18.     13.     16.     15.     18.     15.      8.      9.     16.     12.
     10.     14.     12.     13.     12.     15.     11.     11.     10.      5.     13.     11.     11.     12.     10.     13.     17.      7.     13.      8.     21.     18.     17.     13.     24.     26.     42.     73.    103.    126.    132.    140.    136.    156.    119.    170.    184.    163.    159.    157.    205.    178.    188.    200.    168.    204.    215.    199.    228.    262.    351.    382.    424.    420.    416.    418.    450.    424.    417.    361.    289.    283.    241.    229.    215.    201.    249.    229.    224.    197.    212.    210.    210.    223.    220.    188.    225.    202.    205.    198.    199.    179.    214.    226.    196.    210.    213.    225.    218.    231.    209.    222.    232.    250.    224.    231.    262.    265.    303.    375.    423.    442.    495.    499.    595.    552.    546.    532.    571.    518.    587.    518.    538.    541.    510.    551.    514.    515.    512.    576.    654.    619.    622.    697.    699.    722.    665.    710.    725.    718.    715.    689.    655.    668.    540.    577.    495.    427.    360.    291.    232.    253.    180.    172.    184.    197.    176.    159.    171.    182.    164.    125.    109.     94.     56.     52.     40.     27.     26.      6.     19.     14.     15.     13.     13.      9.     15.      9.      9.     10.     14.      9.     17.     18.     14.     12.      9.      9.     13.      9.     19.     10.
     10.     10.     18.     13.      9.     11.     14.      7.     13.     15.     16.     22.      9.     21.     17.     16.     11.     15.     12.     16.      9.     17.     22.     13.     31.     36.     50.     70.     98.    104.    137.    139.    128.    164.    153.    158.    147.    149.    156.    166.    185.    199.    210.    179.    187.    180.    189.    209.    240.    283.    353.    362.    418.    454.    420.    418.    436.    440.    383.    347.    300.    303.    235.    219.    208.    207.    226.    214.    190.    189.    207.    189.    208.    208.    192.    187.    216.    231.    217.    207.    207.    198.    194.    225.    218.    237.    224.    221.    240.    232.    213.    216.    211.    241.    236.    293.    325.    376.    437.    449.    496.    506.    552.    551.    609.    573.    560.    608.    576.    594.    569.    478.    511.    489.    441.    452.    490.    503.    570.    562.    597.    606.    643.    718.    732.    751.    729.    703.    703.    738.    710.    749.    604.    674.    668.    611.    506.    453.    322.    268.    259.    213.    218.    199.    179.    195.    195.    170.    165.    146.    161.    141.    128.     98.     75.     50.     42.     27.     17.     16.     14.     20.     17.     12.     12.     12.     14.     18.     19.     20.     11.     10.     16.     17.     17.     14.     20.     16.     16.     16.     22.     17.
     10.     13.     16.     13.      5.     15.     15.     11.     13.      9.     12.     10.     13.      8.     25.      8.     14.     13.     14.     16.     14.     17.     15.     17.     20.     28.     41.     63.     88.    113.    124.    135.    136.    159.    155.    158.    163.    172.    183.    172.    191.    182.    170.    169.    161.    200.    223.    225.    230.    311.    325.    379.    399.    422.    413.    427.    423.    427.    381.    306.    299.    266.    256.    230.    211.    191.    216.    196.    188.    186.    185.    207.    201.    195.    209.    199.    217.    200.    231.    215.    250.    215.    210.    205.    213.    242.    244.    227.    245.    223.    232.    221.    238.    256.    286.    363.    406.    506.    472.    516.    534.    558.    574.    574.    579.    583.    588.    542.    564.    521.    483.    443.    400.    422.    373.    420.    455.    529.    560.    625.    667.    680.    638.    742.    735.    758.    713.    686.    743.    697.    742.    704.    667.    708.    642.    550.    510.    415.    321.    303.    283.    249.    210.    190.    173.    207.    183.    167.    158.    154.    152.    122.    126.     90.     67.     60.     41.     20.     22.     13.     25.     16.     11.     15.     11.      8.     15.      9.     12.     15.     13.     16.     20.     13.     16.     13.     17.     15.     18.     13.     13.     13.
     17.     11.      7.     11.      9.      8.     14.     15.      8.     26.     10.      8.     18.      5.     15.     12.     16.      6.      6.     12.     10.     17.      8.     14.     21.     34.     75.     71.     99.     97.    130.    156.    142.    155.    156.    193.    166.    182.    166.    182.    181.    195.    214.    195.    199.    198.    218.    258.    285.    302.    348.    389.    371.    383.    407.    423.    380.    356.    385.    302.    268.    258.    245.    219.    194.    201.    181.    222.    205.    181.    180.    197.    200.    192.    192.    183.    189.    205.    216.    214.    253.    221.    221.    239.    231.    203.    214.    211.    233.    226.    241.    289.    307.    353.    434.    442.    470.    491.    519.    526.    564.    579.    594.    561.    513.    538.    526.    507.    501.    483.    365.    364.    315.    348.    370.    400.    463.    533.    607.    632.    625.    629.    698.    701.    768.    727.    738.    723.    739.    751.    769.    723.    651.    572.    594.    494.    469.    433.    370.    329.    270.    255.    220.    186.    191.    201.    165.    149.    173.    165.    134.    127.    137.     80.     79.     64.     36.     37.     12.     19.     15.     12.     12.     15.     15.     16.     10.     16.     15.      7.     12.     18.     11.     13.     13.     18.     14.     14.     14.     13.     15.     17.
     12.     12.      7.     17.     16.     14.      9.     14.     15.     19.     12.     14.     10.     12.     12.     13.     14.     10.     16.     14.      8.     16.     20.     15.     25.     41.     50.     68.    104.    118.    128.    171.    132.    157.    128.    161.    177.    184.    148.    159.    180.    181.    174.    184.    184.    195.    233.    247.    298.    291.    335.    370.    364.    351.    374.    374.    344.    363.    354.    332.    287.    254.    252.    185.    225.    216.    182.    190.    201.    177.    201.    212.    187.    171.    208.    191.    222.    221.    202.    227.    244.    244.    223.    238.    261.    250.    239.    234.    221.    260.    281.    327.    409.    451.    479.    494.    517.    488.    603.    575.    592.    518.    545.    582.    576.    513.    479.    457.    403.    374.    324.    277.    302.    367.    384.    460.    506.    538.    642.    608.    676.    754.    706.    786.    780.    716.    746.    756.    716.    785.    775.    705.    660.    617.    554.    512.    435.    406.    369.    292.    278.    261.    237.    193.    179.    181.    171.    172.    144.    152.    147.    127.    124.     98.     70.     49.     26.     28.     13.     15.     13.     12.     18.     10.     19.     16.     13.     12.     11.     21.     17.     13.     15.     18.     15.     19.     15.     14.     11.     15.     14.     10.
     14.     11.     17.     17.      7.     13.      7.     14.     12.     17.     13.     15.     12.      7.     19.     19.      9.     16.     15.     16.     18.     13.      6.     21.     15.     41.     45.     82.     77.    107.    103.    123.    148.    132.    152.    169.    166.    189.    169.    174.    165.    179.    168.    190.    221.    225.    236.    254.    248.    315.    345.    372.    400.    346.    379.    391.    373.    336.    281.    292.    267.    255.    259.    233.    207.    200.    202.    192.    191.    199.    180.    209.    177.    198.    178.    193.    233.    226.    213.    217.    234.    259.    242.    236.    230.    236.    251.    262.    288.    355.    395.    412.    457.    532.    509.    576.    582.    560.    589.    586.    559.    537.    551.    513.    526.    486.    388.    342.    299.    281.    267.    305.    354.    393.    447.    449.    540.    593.    631.    686.    681.    676.    688.    782.    789.    779.    775.    729.    768.    745.    761.    683.    627.    579.    511.    513.    455.    402.    391.    376.    296.    268.    217.    187.    200.    192.    183.    162.    177.    154.    155.    133.    106.    112.     69.     55.     43.     28.     20.     19.     10.     13.     20.     13.     26.     23.     19.     10.     18.     10.     16.      8.     11.     17.     15.     14.     16.      8.     16.     15.     18.     13.
     12.      7.     13.     15.      4.     11.     13.      8.     14.     10.     11.      8.     18.     11.     16.     19.      9.     13.     12.     15.     20.      7.     15.     11.     28.     25.     40.     72.    115.    104.    145.    112.    153.    148.    129.    156.    156.    180.    169.    163.    195.    172.    209.    170.    191.    211.    259.    268.    270.    291.    303.    355.    336.    321.    329.    348.    344.    308.    335.    277.    250.    268.    270.    249.    242.    192.    213.    187.    193.    163.    174.    230.    195.    180.    211.    201.    223.    246.    218.    229.    231.    210.    207.    224.    227.    258.    299.    364.    393.    438.    488.    485.    533.    591.    568.    499.    568.    549.    552.    539.    534.    515.    491.    480.    511.    369.    286.    261.    267.    278.    286.    349.    393.    417.    496.    551.    550.    594.    685.    672.    695.    757.    738.    793.    812.    819.    769.    719.    823.    786.    695.    671.    620.    531.    464.    486.    431.    420.    385.    350.    301.    305.    255.    230.    209.    187.    181.    161.    156.    164.    137.    136.    115.    103.     78.     57.     26.     26.     18.     16.     17.     11.      9.     15.      9.     19.     19.     16.     10.     12.     12.     13.     19.     20.      9.     14.     11.     16.     14.     11.     12.      8.
     18.     10.     21.      4.     13.     12.     16.     14.     19.     12.     12.     14.     11.     11.     14.     11.     12.      9.     10.     14.     10.     18.     23.     14.     26.     35.     48.     76.     93.    106.    132.    115.    133.    140.    174.    164.    154.    173.    171.    166.    190.    186.    170.    199.    229.    220.    249.    262.    290.    312.    305.    322.    331.    362.    358.    321.    289.    353.    287.    289.    280.    257.    216.    204.    216.    213.    207.    193.    176.    167.    169.    200.    208.    205.    224.    213.    231.    202.    218.    217.    198.    209.    211.    261.    286.    315.    350.    486.    468.    504.    512.    534.    564.    563.    587.    526.    571.    603.    548.    537.    551.    432.    426.    400.    320.    261.    250.    255.    283.    308.    362.    382.    443.    499.    530.    574.    606.    621.    666.    733.    739.    738.    772.    770.    772.    794.    779.    715.    741.    670.    680.    646.    548.    489.    519.    456.    462.    420.    381.    369.    340.    313.    243.    214.    211.    200.    178.    174.    157.    136.    133.    138.    125.     93.     87.     57.     39.     22.     20.     17.     15.     21.     20.      8.     16.     19.     16.     14.     16.     16.     18.      9.     17.     16.     16.      7.     14.     23.     17.     10.     19.     16.
     12.      7.     14.      9.     12.     19.     14.     13.     16.     13.     21.     10.      2.      9.     13.     17.     20.     14.     14.     15.     10.     14.     12.     17.     26.     51.     56.     81.     96.    111.    108.    124.    147.    150.    172.    161.    164.    182.    174.    171.    190.    193.    195.    214.    206.    222.    245.    305.    304.    318.    337.    307.    316.    351.    318.    322.    277.    274.    267.    256.    238.    247.    225.    243.    221.    205.    220.    231.    212.    217.    191.    236.    214.    196.    204.    229.    245.    246.    223.    214.    217.    228.    307.    317.    379.    406.    482.    529.    529.    561.    575.    585.    562.    619.    564.    577.    515.    516.    514.    473.    434.    379.    353.    284.    245.    235.    278.    329.    327.    382.    416.    407.    455.    517.    552.    560.    587.    627.    677.    717.    714.    766.    789.    752.    809.    765.    733.    742.    660.    644.    616.    559.    523.    469.    450.    489.    468.    415.    392.    395.    345.    318.    289.    207.    206.    188.    179.    167.    162.    171.    160.    151.    121.    125.     80.     53.     33.     32.     21.      8.     11.     12.     12.     16.     14.     17.     11.     11.     17.      6.     12.     13.     16.      8.     17.     23.     11.      7.     10.      9.     19.     17.
     10.     13.      7.     16.     17.     13.     12.     17.      5.     11.      9.     12.     15.     10.     10.     13.     14.     15.      9.     12.     16.     13.     10.     18.     24.     45.     68.     65.     91.    113.    127.    142.    158.    141.    149.    171.    143.    178.    160.    160.    178.    206.    195.    188.    197.    233.    248.    294.    294.    297.    298.    325.    328.    305.    317.    300.    306.    258.    266.    228.    209.    248.    251.    203.    224.    242.    212.    217.    195.    235.    211.    208.    216.    225.    238.    206.    231.    246.    258.    228.    251.    301.    358.    442.    475.    509.    496.    570.    555.    588.    553.    539.    575.    585.    569.    534.    503.    516.    433.    411.    339.    256.    239.    231.    236.    255.    273.    304.    399.    405.    473.    476.    576.    527.    533.    614.    671.    657.    688.    741.    760.    779.    801.    780.    786.    766.    791.    656.    678.    595.    560.    497.    449.    491.    481.    489.    460.    413.    413.    429.    349.    318.    286.    236.    195.    184.    169.    174.    176.    157.    129.    144.    126.     89.     89.     51.     28.     18.     26.     11.     21.     12.     20.     10.     15.     15.     16.     16.     11.     19.     12.     28.     10.     17.     10.     17.     14.     14.     10.     13.     18.     15.
     15.     18.     10.      8.     16.     13.     13.     13.     11.     17.      9.     12.     15.     11.     18.     16.     13.     14.     14.     14.      5.     14.     17.     15.     25.     38.     50.     68.     86.    105.    121.    137.    160.    144.    147.    180.    169.    187.    158.    169.    206.    199.    171.    194.    213.    210.    240.    287.    307.    280.    348.    337.    295.    295.    303.    288.    274.    230.    242.    223.    230.    200.    240.    222.    249.    220.    211.    230.    242.    217.    209.    241.    202.    238.    217.    223.    250.    252.    260.    317.    392.    431.    516.    487.    537.    506.    556.    583.    609.    618.    564.    565.    547.    563.    476.    444.    446.    355.    354.    260.    254.    263.    255.    252.    283.    297.    343.    380.    450.    449.    542.    492.    549.    552.    625.    602.    650.    684.    744.    752.    707.    767.    706.    772.    758.    689.    718.    575.    574.    532.    497.    517.    542.    478.    512.    492.    460.    411.    416.    409.    416.    360.    271.    236.    183.    189.    191.    163.    146.    177.    139.    136.    107.    109.     71.     46.     30.     26.     19.     12.     14.     11.     18.     13.     12.     12.     12.      8.     14.     21.      6.     15.     15.     15.     11.     13.     17.     18.     19.     16.     10.     18.
     15.     17.     18.     11.     14.      8.     20.     14.     14.      7.     11.      9.     13.     14.     14.     16.      8.     13.     11.     14.      9.      9.     13.     18.     20.     45.     60.     77.     87.    115.    133.    146.    161.    154.    134.    175.    163.    161.    167.    188.    190.    188.    229.    179.    186.    223.    236.    288.    278.    254.    328.    315.    301.    292.    291.    249.    278.    229.    200.    192.    192.    226.    232.    201.    236.    232.    244.    273.    241.    224.    220.    257.    206.    219.    233.    227.    272.    291.    372.    430.    440.    471.    495.    535.    597.    591.    585.    556.    580.    588.    550.    524.    547.    503.    438.    388.    324.    280.    278.    231.    255.    248.    278.    261.    325.    349.    384.    482.    454.    521.    542.    544.    596.    634.    641.    638.    659.    643.    668.    761.    798.    708.    750.    693.    719.    625.    611.    556.    495.    572.    515.    517.    521.    514.    506.    520.    445.    491.    404.    382.    355.    338.    270.    219.    212.    220.    161.    170.    167.    158.    147.    140.    122.    110.     55.     62.     51.     39.     13.     11.     13.     14.     23.     12.     16.     14.     20.     12.     21.     18.     15.      9.      8.     12.     17.     18.     12.     19.      9.     12.     14.     14.
      8.     16.      8.     12.     10.     15.     11.     13.     10.     12.     11.     13.     14.     16.     20.     13.      7.     15.     12.     12.     13.     18.     20.     20.     22.     37.     57.     74.    100.    126.    130.    131.    134.    130.    143.    164.    164.    164.    168.    170.    191.    186.    195.    191.    181.    228.    222.    279.    279.    316.    300.    297.    296.    309.    302.    269.    267.    275.    231.    200.    219.    200.    236.    210.    192.    212.    226.    237.    259.    248.    236.    234.    243.    236.    248.    302.    367.    410.    475.    493.    501.    537.    567.    532.    592.    573.    583.    532.    544.    586.    523.    488.    448.    408.    376.    269.    249.    266.    266.    243.    240.    285.    304.    356.    406.    472.    476.    538.    559.    576.    592.    590.    576.    584.    657.    669.    678.    724.    734.    730.    738.    707.    689.    685.    632.    569.    566.    509.    573.    497.    534.    544.    533.    503.    511.    506.    462.    480.    403.    440.    321.    283.    243.    203.    199.    209.    192.    184.    166.    139.    143.    149.    123.     94.     75.     56.     29.     26.     15.     10.     11.     16.     16.     16.     13.     13.      9.     13.     15.     11.     14.      9.     10.     12.     14.     22.      8.     11.     14.     20.     14.     13.
      8.     13.     13.     10.     10.      8.     14.     13.     12.     14.      8.     14.      7.     12.     15.     18.     14.     14.     15.     13.      7.     10.     16.     22.     30.     39.     57.     80.    102.    105.    159.    147.    147.    138.    160.    180.    162.    174.    170.    202.    184.    172.    176.    195.    191.    191.    228.    244.    246.    280.    287.    300.    290.    269.    276.    251.    261.    259.    253.    220.    205.    204.    192.    203.    215.    218.    243.    211.    246.    269.    247.    269.    288.    277.    365.    422.    479.    498.    545.    522.    557.    562.    586.    566.    653.    559.    511.    498.    524.    487.    420.    417.    346.    309.    297.    273.    255.    228.    250.    282.    271.    367.    398.    481.    510.    492.    518.    547.    634.    600.    583.    610.    565.    596.    622.    665.    644.    694.    749.    710.    739.    655.    620.    574.    589.    519.    544.    524.    543.    524.    589.    589.    537.    507.    523.    525.    492.    433.    429.    401.    327.    284.    273.    175.    232.    182.    177.    147.    141.    148.    169.    133.    109.     92.     86.     51.     34.     23.     25.     16.     13.     20.      8.     12.     14.     14.     10.     17.     17.     19.      9.     21.     19.     15.     10.     19.      8.     13.     22.      9.     20.     19.
      8.     12.     13.     15.     15.      6.     15.     15.     15.     18.     12.     15.     17.     21.     16.      9.     20.     17.      7.     12.     14.     19.     18.     19.     23.     26.     63.     81.     88.    109.    148.    131.    132.    157.    164.    158.    196.    177.    166.    185.    191.    162.    194.    172.    183.    187.    231.    235.    268.    241.    281.    267.    290.    278.    270.    282.    306.    249.    248.    200.    215.    210.    208.    220.    236.    213.    239.    249.    268.    263.    269.    334.    371.    418.    446.    463.    575.    521.    597.    573.    545.    551.    648.    518.    558.    524.    495.    471.    457.    417.    343.    258.    252.    252.    217.    219.    208.    249.    293.    337.    339.    397.    528.    526.    550.    558.    567.    612.    612.    612.    616.    631.    658.    629.    721.    676.    663.    674.    693.    683.    690.    616.    546.    543.    573.    551.    488.    514.    520.    558.    554.    535.    544.    502.    565.    493.    497.    446.    391.    408.    350.    284.    239.    186.    190.    195.    156.    157.    159.    159.    157.    131.    112.    108.     70.     58.     36.     29.     21.     16.      8.      9.     11.     13.      9.     14.     14.     14.     13.      7.     17.     21.     11.     14.     18.     13.      7.     10.      6.     25.     15.     12.
     12.     14.     11.     11.     21.     19.     10.      7.     17.     16.     17.     18.     10.     22.      9.     21.     16.     12.     10.     16.     16.     13.     12.     18.     26.     25.     53.     59.    105.    122.    133.    132.    141.    146.    164.    157.    146.    164.    157.    193.    177.    194.    191.    181.    179.    196.    210.    214.    266.    242.    256.    260.    295.    296.    268.    266.    264.    255.    275.    237.    217.    217.    204.    235.    197.    216.    233.    260.    248.    275.    321.    433.    495.    539.    549.    535.    562.    549.    586.    559.    541.    544.    568.    502.    492.    509.    478.    399.    382.    327.    246.    237.    257.    252.    239.    260.    262.    302.    363.    428.    494.    493.    545.    551.    580.    576.    615.    642.    596.    661.    611.    602.    635.    602.    660.    657.    619.    632.    589.    624.    579.    535.    520.    520.    581.    548.    538.    527.    527.    563.    602.    542.    534.    531.    554.    518.    463.    433.    421.    342.    328.    288.    220.    206.    206.    171.    171.    175.    169.    149.    128.    134.    127.     99.     70.     51.     31.     22.     25.     17.     16.     15.     12.     14.      9.     17.     13.     17.     16.     14.      7.      8.     11.     13.     18.     19.     13.     12.      8.     14.     13.      8.
     12.     10.     15.     13.     10.     13.     11.     18.     16.     13.     18.     18.      9.     11.     23.     17.     10.     15.     14.     16.     18.      9.     16.     13.     34.     31.     59.     62.     82.    107.    149.    143.    158.    134.    123.    186.    173.    173.    201.    182.    195.    188.    200.    165.    181.    186.    212.    201.    217.    234.    269.    249.    274.    259.    259.    260.    301.    269.    279.    270.    237.    219.    209.    231.    219.    226.    265.    299.    339.    354.    439.    519.    529.    561.    575.    596.    597.    591.    600.    620.    582.    526.    494.    540.    468.    416.    376.    317.    269.    271.    224.    231.    235.    257.    242.    274.    304.    385.    414.    490.    532.    591.    572.    648.    657.    677.    571.    665.    662.    578.    621.    620.    630.    615.    637.    663.    622.    562.    559.    493.    563.    506.    488.    577.    566.    554.    585.    551.    560.    615.    595.    538.    536.    538.    548.    518.    471.    401.    371.    332.    274.    241.    212.    154.    177.    189.    197.    172.    127.    169.    148.    134.    121.    108.     72.     50.     35.     24.     12.     22.     13.     12.     14.     12.     13.      7.     12.     11.     12.     10.     10.     13.     15.     14.      6.     10.     10.     16.     22.      9.     16.     25.
     13.     20.     13.     13.     14.     18.     17.     14.     11.     17.     16.     13.     12.      8.     11.     17.     21.     13.     15.     19.     15.     11.     14.     19.     34.     43.     42.     74.     97.    127.    126.    130.    131.    151.    142.    170.    157.    185.    196.    187.    175.    186.    202.    165.    202.    183.    209.    212.    206.    222.    213.    229.    247.    246.    255.    267.    286.    277.    274.    266.    229.    250.    240.    244.    230.    275.    305.    371.    391.    456.    479.    577.    547.    605.    615.    577.    601.    590.    593.    568.    529.    511.    470.    415.    407.    339.    286.    250.    225.    229.    219.    242.    261.    301.    305.    388.    403.    487.    523.    563.    571.    577.    598.    617.    663.    654.    631.    643.    644.    642.    607.    632.    553.    594.    607.    530.    537.    481.    526.    498.    494.    513.    560.    555.    588.    571.    603.    549.    589.    575.    589.    622.    554.    478.    525.    479.    495.    364.    330.    305.    232.    233.    188.    165.    185.    174.    173.    158.    144.    152.    154.    137.    114.    110.     67.     43.     29.     22.     23.     20.     13.     12.     13.      9.     13.     10.      8.     16.     15.     13.     17.     16.     12.     16.     16.     20.     11.     13.     11.     19.     16.     12.
     10.     14.     14.      5.     14.      5.     13.     12.     13.     10.     17.     14.     12.      7.     10.     13.     17.     13.      8.     17.     17.     15.     15.     16.     20.     31.     53.     80.    114.    134.    141.    134.    144.    184.    182.    165.    163.    149.    154.    171.    196.    185.    195.    182.    184.    171.    180.    177.    192.    227.    220.    239.    224.    263.    283.    305.    269.    312.    275.    256.    275.    261.    219.    255.    313.    325.    419.    494.    463.    475.    533.    524.    563.    579.    631.    579.    585.    590.    555.    536.    467.    416.    380.    351.    331.    250.    241.    229.    261.    247.    255.    256.    314.    372.    385.    497.    490.    562.    584.    582.    594.    638.    624.    671.    601.    679.    669.    640.    658.    607.    639.    578.    517.    552.    539.    465.    484.    503.    457.    483.    528.    597.    555.    544.    591.    550.    581.    571.    616.    603.    574.    573.    555.    526.    534.    501.    426.    359.    294.    255.    207.    230.    193.    165.    161.    187.    172.    166.    151.    145.    136.    131.    100.     98.     73.     55.     35.     25.     17.     14.     13.     13.      9.     14.     11.      8.     13.     20.     14.      9.     11.     13.      6.     21.     15.     15.      9.     12.     10.     15.     10.     12.
     10.      7.     12.     12.     11.     16.     17.     15.     12.      5.     12.     12.     11.     22.     13.     15.     18.     12.     13.     11.     13.      8.     13.     24.     21.     44.     50.     95.     83.     99.    138.    123.    156.    145.    165.    156.    168.    178.    136.    186.    198.    191.    194.    176.    186.    163.    177.    200.    186.    192.    223.    263.    246.    235.    270.    254.    269.    327.    266.    257.    253.    296.    316.    300.    377.    414.    490.    519.    545.    524.    510.    580.    520.    524.    564.    530.    535.    555.    563.    496.    405.    398.    295.    325.    281.    282.    232.    228.    240.    245.    266.    335.    430.    505.    499.    504.    557.    587.    597.    593.    648.    579.    666.    649.    693.    699.    581.    610.    615.    554.    554.    480.    436.    488.    482.    455.    474.    422.    552.    563.    589.    532.    523.    606.    579.    593.    589.    521.    574.    658.    594.    520.    496.    494.    472.    489.    369.    310.    239.    230.    199.    183.    176.    180.    157.    171.    171.    186.    146.    157.    140.    149.    109.     71.     49.     59.     32.     22.     20.     17.     24.     13.     15.     10.     22.     13.     18.     11.     10.     16.     18.     16.     11.     14.     10.     18.     18.      8.     15.     16.     15.     14.
     17.     18.     11.     15.     19.     15.     10.      7.      9.      8.     15.     15.     12.     13.     11.     20.     13.     11.     16.     15.     17.     12.     12.     19.     26.     28.     52.     83.     97.    122.    135.    125.    149.    175.    137.    150.    155.    172.    171.    171.    172.    189.    200.    188.    203.    200.    191.    182.    180.    188.    205.    220.    217.    236.    259.    281.    294.    287.    298.    288.    320.    354.    406.    443.    488.    478.    529.    524.    570.    606.    558.    532.    566.    542.    524.    527.    460.    521.    485.    424.    320.    317.    250.    306.    297.    228.    274.    282.    315.    359.    389.    475.    522.    563.    587.    589.    578.    648.    639.    611.    625.    628.    599.    695.    623.    596.    558.    562.    520.    504.    487.    433.    420.    478.    464.    489.    473.    530.    552.    566.    575.    581.    562.    613.    618.    659.    644.    554.    629.    596.    572.    565.    485.    497.    430.    435.    343.    266.    227.    239.    202.    217.    196.    183.    175.    169.    160.    157.    156.    158.    140.    135.    117.    110.     58.     61.     42.     25.     16.     18.     15.     15.      9.     14.     12.     14.     13.     16.     17.     12.     20.     16.     13.     22.      8.     10.     16.     16.     11.     12.     11.     11.
     15.     14.     10.     15.     20.     20.     17.     17.     11.     22.     11.     12.     17.      8.     14.     13.     15.     10.      6.     13.     18.     15.     13.      8.     29.     34.     58.     63.    108.    104.    121.    121.    155.    119.    155.    151.    161.    159.    148.    175.    153.    189.    199.    201.    196.    187.    189.    192.    186.    192.    174.    204.    221.    221.    253.    236.    297.    287.    316.    348.    438.    456.    513.    471.    527.    563.    535.    543.    534.    521.    572.    548.    572.    558.    516.    463.    422.    383.    380.    306.    263.    271.    268.    302.    290.    303.    290.    351.    422.    448.    475.    530.    576.    576.    602.    630.    595.    676.    649.    672.    615.    582.    661.    606.    557.    511.    498.    446.    416.    412.    375.    384.    460.    460.    502.    519.    527.    589.    594.    619.    552.    641.    585.    640.    601.    631.    593.    619.    576.    607.    587.    518.    513.    426.    383.    365.    294.    236.    206.    179.    205.    199.    180.    186.    169.    185.    170.    142.    170.    153.    172.    118.    105.     98.     57.     46.     39.     21.     24.     20.     11.     16.     15.     10.      9.     16.     16.      9.     17.     17.     10.     16.     16.     19.      7.     19.     13.     14.      8.      6.     14.     16.
     10.     11.     12.     12.     16.     14.      8.     11.     15.     12.     18.      4.     14.     16.     18.     17.     11.     17.     13.     15.     19.     13.      9.     21.     25.     46.     52.     61.     97.    137.    135.    126.    134.    170.    157.    178.    148.    163.    173.    193.    191.    182.    189.    185.    168.    160.    194.    166.    193.    178.    220.    210.    178.    220.    232.    257.    282.    336.    338.    397.    488.    531.    522.    582.    536.    541.    551.    609.    549.    533.    487.    492.    487.    490.    455.    385.    368.    331.    280.    285.    217.    281.    284.    276.    300.    351.    388.    469.    551.    567.    605.    582.    562.    662.    638.    659.    627.    702.    634.    627.    599.    575.    578.    551.    525.    485.    422.    387.    350.    348.    391.    415.    499.    513.    569.    639.    630.    573.    586.    588.    615.    613.    624.    645.    596.    597.    582.    555.    575.    553.    529.    517.    455.    360.    327.    278.    255.    218.    202.    204.    177.    200.    189.    141.    178.    174.    187.    171.    152.    142.    139.    128.    130.     94.     69.     48.     50.     28.     20.     10.     16.     14.     18.     17.      9.     10.     15.      9.     15.     17.     12.     12.      7.     17.      9.     14.     14.     11.     12.     14.     15.     16.
     15.     10.     11.     10.      8.     16.     16.     17.     15.     21.     18.     11.     16.     14.     15.     15.     15.     17.     13.     15.     17.     17.     15.     13.     21.     33.     54.     67.     96.    126.    114.    160.    136.    137.    179.    175.    171.    170.    177.    178.    174.    193.    192.    191.    174.    199.    194.    201.    184.    156.    183.    178.    210.    186.    212.    254.    305.    372.    420.    459.    530.    559.    600.    599.    581.    597.    583.    535.    534.    504.    490.    455.    460.    413.    400.    321.    280.    244.    250.    246.    265.    250.    310.    348.    398.    451.    506.    549.    577.    653.    576.    605.    650.    708.    650.    613.    651.    631.    633.    573.    578.    594.    502.    492.    439.    367.    358.    329.    339.    404.    414.    465.    497.    550.    581.    621.    548.    558.    646.    642.    639.    616.    587.    596.    643.    591.    662.    576.    566.    582.    552.    510.    395.    334.    271.    241.    252.    196.    199.    195.    179.    201.    161.    185.    162.    161.    163.    147.    156.    164.    123.    129.    103.     96.     69.     59.     41.     35.     21.     12.     16.     23.     19.     15.     16.     11.     16.     20.     13.     11.     11.     11.     14.      5.     11.     14.     13.     11.     14.     12.     21.      8.
     12.     15.      9.     13.     14.     15.     15.     15.     12.     20.      6.     10.     17.     10.     19.     14.     14.     15.     11.      7.     13.     14.     17.     23.     37.     35.     46.     63.    100.    117.    129.    121.    153.    147.    173.    166.    163.    185.    151.    175.    205.    184.    201.    186.    169.    173.    183.    182.    182.    214.    224.    213.    182.    217.    235.    325.    385.    413.    487.    559.    526.    584.    623.    614.    569.    604.    542.    534.    569.    504.    446.    403.    434.    350.    332.    270.    241.    228.    231.    246.    283.    325.    381.    459.    501.    535.    574.    604.    620.    672.    588.    668.    665.    677.    638.    629.    621.    645.    579.    560.    515.    477.    421.    406.    304.    306.    316.    362.    412.    455.    490.    473.    591.    565.    613.    641.    590.    601.    667.    671.    669.    653.    644.    676.    633.    632.    605.    557.    550.    502.    472.    397.    322.    233.    222.    195.    197.    197.    202.    191.    197.    206.    174.    198.    190.    165.    160.    139.    126.    153.    155.    118.    122.     83.     56.     57.     35.     17.     22.     18.     13.     14.      8.     12.     13.      8.     12.     28.     27.     13.     13.     11.     14.     12.     19.     14.     13.     11.      8.     16.     16.     18.
